name,age,height,position,foot,current club,14/15 games,14/15 goals,14/15 assists,14/15 minutes,15/16 games,15/16 goals,15/16 assists,15/16 minutes,16/17 games,16/17 goals,16/17 assists,16/17 minutes,17/18 games,17/18 goals,17/18 assists,17/18 minutes,18/19 games,18/19 goals,18/19 assists,18/19 minutes,19/20 games,19/20 goals,19/20 assists,19/20 minutes,current league
Aymeric Laporte,25,191.0,W,left,Manchester City,49.0,0.0,1.0,4310.0,45.0,5.0,2.0,3924.0,43.0,2.0,0.0,3765.0,43.0,1.0,3.0,3867.0,51.0,5.0,3.0,4352.0,4.0,0.0,0.0,307.0,Premier League
John Stones,25,188.0,W,right,Manchester City,28.0,1.0,0.0,2426.0,41.0,0.0,0.0,3416.0,41.0,2.0,0.0,3170.0,29.0,3.0,0.0,2234.0,39.0,0.0,1.0,2820.0,2.0,0.0,0.0,180.0,Premier League
Nicolás Otamendi,31,183.0,W,right,Manchester City,38.0,6.0,0.0,3362.0,49.0,1.0,0.0,4268.0,43.0,1.0,3.0,3792.0,46.0,5.0,0.0,4048.0,33.0,1.0,1.0,2478.0,4.0,0.0,0.0,360.0,Premier League
Benjamin Mendy,25,185.0,W,left,Manchester City,35.0,0.0,6.0,3059.0,36.0,1.0,5.0,2985.0,39.0,1.0,11.0,3158.0,9.0,0.0,1.0,496.0,15.0,0.0,5.0,1270.0,,,,,Premier League
Oleksandr Zinchenko,22,175.0,W,left,Manchester City,7.0,0.0,0.0,234.0,26.0,2.0,4.0,1880.0,24.0,0.0,13.0,1291.0,14.0,0.0,0.0,1104.0,29.0,1.0,5.0,2339.0,5.0,0.0,0.0,450.0,Premier League
Angeliño,22,175.0,W,left,Manchester City,46.0,5.0,7.0,3701.0,14.0,1.0,1.0,1179.0,25.0,0.0,4.0,1957.0,35.0,3.0,7.0,3150.0,43.0,1.0,12.0,3890.0,0.0,0.0,0.0,0.0,Premier League
João Cancelo,25,182.0,W,right,Manchester City,13.0,0.0,0.0,718.0,39.0,3.0,5.0,2865.0,38.0,1.0,4.0,2695.0,29.0,1.0,4.0,2178.0,34.0,1.0,5.0,2599.0,1.0,0.0,0.0,0.0,Premier League
Kyle Walker,29,183.0,W,right,Manchester City,22.0,0.0,0.0,1824.0,35.0,1.0,3.0,3123.0,39.0,0.0,5.0,3176.0,48.0,0.0,7.0,3842.0,52.0,2.0,1.0,4301.0,5.0,0.0,1.0,450.0,Premier League
Rodri,23,191.0,W,right,Manchester City,8.0,0.0,0.0,330.0,40.0,2.0,0.0,3177.0,31.0,1.0,2.0,1386.0,47.0,1.0,4.0,3892.0,47.0,3.0,1.0,3675.0,5.0,0.0,0.0,380.0,Premier League
Fernandinho,34,179.0,W,right,Manchester City,43.0,3.0,4.0,2879.0,50.0,6.0,6.0,4249.0,44.0,3.0,2.0,3683.0,48.0,5.0,5.0,3990.0,42.0,1.0,3.0,3374.0,1.0,0.0,0.0,53.0,Premier League
Ilkay GÃ¼ndogan,28,180.0,W,right,Manchester City,33.0,3.0,5.0,2715.0,40.0,3.0,7.0,3008.0,16.0,5.0,2.0,1230.0,49.0,6.0,7.0,2816.0,50.0,6.0,8.0,3387.0,5.0,0.0,0.0,208.0,Premier League
Phil Foden,19,171.0,W,left,Manchester City,,,,,,,,,30.0,14.0,7.0,2459.0,22.0,7.0,7.0,1408.0,26.0,7.0,2.0,1137.0,2.0,0.0,0.0,11.0,Premier League
Kevin De Bruyne,28,181.0,W,right,Manchester City,51.0,16.0,28.0,4551.0,45.0,17.0,15.0,3487.0,49.0,7.0,21.0,3909.0,52.0,12.0,21.0,4189.0,32.0,6.0,11.0,1828.0,5.0,1.0,5.0,418.0,Premier League
David Silva,33,170.0,W,left,Manchester City,42.0,12.0,14.0,3282.0,36.0,4.0,12.0,2793.0,45.0,8.0,11.0,3646.0,40.0,10.0,14.0,3198.0,50.0,10.0,14.0,3727.0,5.0,0.0,5.0,321.0,Premier League
Raheem Sterling,24,170.0,W,right,Manchester City,52.0,11.0,10.0,4519.0,47.0,11.0,10.0,2981.0,47.0,10.0,20.0,3627.0,46.0,23.0,17.0,3568.0,51.0,25.0,18.0,4097.0,5.0,6.0,0.0,450.0,Premier League
Leroy Sané,23,184.0,W,left,Manchester City,27.0,9.0,3.0,1658.0,42.0,9.0,7.0,2925.0,37.0,9.0,8.0,2597.0,49.0,14.0,19.0,3648.0,47.0,16.0,18.0,2694.0,1.0,0.0,0.0,13.0,Premier League
Bernardo Silva,25,173.0,W,left,Manchester City,45.0,10.0,4.0,3073.0,44.0,7.0,3.0,3192.0,58.0,11.0,12.0,4296.0,53.0,9.0,11.0,2795.0,51.0,13.0,14.0,4025.0,4.0,1.0,0.0,261.0,Premier League
Riyad Mahrez,28,179.0,W,left,Manchester City,32.0,4.0,3.0,2242.0,39.0,18.0,10.0,3128.0,48.0,10.0,7.0,3766.0,41.0,13.0,13.0,3339.0,44.0,12.0,12.0,2581.0,4.0,0.0,3.0,201.0,Premier League
Gabriel Jesus,22,175.0,CF,right,Manchester City,20.0,4.0,2.0,1302.0,32.0,17.0,4.0,2660.0,11.0,7.0,5.0,741.0,42.0,17.0,5.0,2594.0,47.0,21.0,6.0,2253.0,3.0,1.0,0.0,170.0,Premier League
Sergio Agüero,31,173.0,CF,right,Manchester City,42.0,32.0,9.0,3200.0,44.0,29.0,5.0,3523.0,45.0,33.0,7.0,3503.0,39.0,30.0,7.0,2933.0,46.0,32.0,10.0,3370.0,4.0,6.0,1.0,267.0,Premier League
Virgil van Dijk,28,193.0,W,right,Liverpool FC,58.0,10.0,6.0,5117.0,48.0,3.0,0.0,4309.0,30.0,4.0,0.0,2664.0,36.0,2.0,0.0,3153.0,50.0,6.0,4.0,4465.0,6.0,1.0,1.0,570.0,Premier League
Joe Gomez,22,188.0,W,right,Liverpool FC,24.0,0.0,1.0,1664.0,7.0,0.0,1.0,618.0,11.0,1.0,0.0,945.0,31.0,0.0,2.0,2463.0,26.0,0.0,0.0,1644.0,3.0,0.0,0.0,300.0,Premier League
Joel Matip,28,195.0,W,right,Liverpool FC,25.0,3.0,0.0,1904.0,41.0,4.0,5.0,3690.0,32.0,1.0,0.0,2725.0,35.0,1.0,0.0,2819.0,31.0,1.0,1.0,2342.0,5.0,2.0,0.0,413.0,Premier League
Dejan Lovren,30,188.0,W,right,Liverpool FC,38.0,1.0,0.0,2987.0,39.0,1.0,0.0,3250.0,33.0,2.0,1.0,2899.0,43.0,2.0,2.0,3354.0,18.0,1.0,1.0,1261.0,0.0,0.0,0.0,0.0,Premier League
Andrew Robertson,25,178.0,W,left,Liverpool FC,24.0,0.0,2.0,1526.0,52.0,4.0,5.0,4450.0,39.0,1.0,3.0,3232.0,30.0,1.0,5.0,2663.0,48.0,0.0,13.0,4227.0,6.0,0.0,0.0,540.0,Premier League
Trent Alexander-Arnold,20,180.0,W,right,Liverpool FC,3.0,0.0,0.0,10.0,3.0,0.0,0.0,254.0,24.0,4.0,5.0,1663.0,34.0,3.0,3.0,2744.0,40.0,1.0,16.0,3388.0,6.0,0.0,2.0,457.0,Premier League
Nathaniel Clyne,28,175.0,W,right,Liverpool FC,41.0,3.0,0.0,3687.0,52.0,2.0,2.0,4661.0,41.0,0.0,3.0,3616.0,5.0,0.0,0.0,183.0,21.0,0.0,1.0,1523.0,,,,,Premier League
Fabinho,25,188.0,W,right,Liverpool FC,53.0,2.0,1.0,4629.0,47.0,8.0,5.0,4231.0,56.0,12.0,6.0,4606.0,46.0,8.0,5.0,4097.0,41.0,1.0,2.0,2916.0,6.0,0.0,1.0,473.0,Premier League
Naby Keïta,24,172.0,W,right,Liverpool FC,44.0,6.0,3.0,3125.0,37.0,14.0,8.0,2818.0,32.0,8.0,8.0,2502.0,39.0,9.0,7.0,2975.0,33.0,3.0,1.0,1817.0,1.0,0.0,0.0,23.0,Premier League
Georginio Wijnaldum,28,175.0,W,right,Liverpool FC,44.0,18.0,6.0,3702.0,40.0,11.0,5.0,3347.0,42.0,6.0,11.0,3338.0,50.0,2.0,4.0,3600.0,47.0,5.0,1.0,3705.0,6.0,0.0,0.0,485.0,Premier League
Jordan Henderson,29,187.0,W,right,Liverpool FC,54.0,7.0,15.0,4739.0,26.0,2.0,3.0,1950.0,27.0,1.0,4.0,2355.0,41.0,1.0,2.0,3308.0,44.0,1.0,5.0,2811.0,6.0,0.0,0.0,451.0,Premier League
Alex Oxlade-Chamberlain,26,175.0,W,right,Liverpool FC,37.0,3.0,5.0,2128.0,33.0,2.0,2.0,1530.0,45.0,6.0,11.0,2568.0,46.0,5.0,8.0,2410.0,4.0,0.0,0.0,105.0,5.0,0.0,0.0,177.0,Premier League
James Milner,33,175.0,W,right,Liverpool FC,45.0,8.0,9.0,2704.0,45.0,7.0,14.0,3862.0,40.0,7.0,4.0,3437.0,47.0,1.0,11.0,2787.0,45.0,7.0,7.0,2836.0,4.0,0.0,1.0,163.0,Premier League
Adam Lallana,31,172.0,W,both,Liverpool FC,41.0,6.0,4.0,2728.0,49.0,7.0,8.0,3563.0,35.0,8.0,7.0,2607.0,16.0,0.0,1.0,519.0,16.0,0.0,0.0,568.0,2.0,0.0,0.0,15.0,Premier League
Sadio Mané,27,174.0,W,right,Liverpool FC,40.0,13.0,9.0,2922.0,43.0,15.0,9.0,3116.0,29.0,13.0,8.0,2427.0,44.0,20.0,9.0,3480.0,50.0,26.0,5.0,4309.0,5.0,4.0,1.0,371.0,Premier League
Mohamed Salah,27,175.0,W,left,Liverpool FC,34.0,9.0,6.0,2129.0,42.0,15.0,8.0,3402.0,41.0,19.0,15.0,3185.0,52.0,44.0,16.0,4119.0,52.0,27.0,13.0,4342.0,6.0,3.0,2.0,559.0,Premier League
Xherdan Shaqiri,27,169.0,W,left,Liverpool FC,35.0,5.0,4.0,1710.0,32.0,3.0,6.0,2294.0,22.0,4.0,2.0,1781.0,38.0,8.0,7.0,3080.0,30.0,6.0,5.0,1413.0,2.0,0.0,0.0,16.0,Premier League
Roberto Firmino,27,181.0,CF,right,Liverpool FC,36.0,10.0,12.0,3201.0,49.0,11.0,11.0,3326.0,41.0,12.0,11.0,3463.0,54.0,27.0,17.0,4188.0,48.0,16.0,8.0,3406.0,6.0,2.0,3.0,500.0,Premier League
Divock Origi,24,185.0,CF,right,Liverpool FC,44.0,9.0,4.0,2956.0,34.0,10.0,3.0,1688.0,43.0,11.0,4.0,2081.0,37.0,7.0,3.0,2375.0,22.0,8.0,2.0,763.0,5.0,1.0,1.0,186.0,Premier League
Davinson SÃ¡nchez,23,187.0,W,right,Tottenham Hotspur,5.0,0.0,0.0,117.0,24.0,1.0,0.0,2160.0,46.0,6.0,2.0,4052.0,43.0,1.0,0.0,3614.0,37.0,1.0,1.0,3022.0,4.0,0.0,0.0,360.0,Premier League
Toby Alderweireld,30,186.0,W,right,Tottenham Hotspur,28.0,1.0,0.0,2279.0,49.0,4.0,2.0,4410.0,39.0,2.0,0.0,3325.0,21.0,0.0,1.0,1741.0,50.0,0.0,0.0,4363.0,4.0,0.0,0.0,360.0,Premier League
Jan Vertonghen,32,189.0,W,left,Tottenham Hotspur,47.0,1.0,0.0,4145.0,33.0,0.0,0.0,2955.0,42.0,0.0,0.0,3707.0,47.0,1.0,1.0,4196.0,34.0,2.0,1.0,2898.0,1.0,0.0,0.0,90.0,Premier League
Juan Foyth,21,187.0,W,right,Tottenham Hotspur,,,,,,,,,8.0,0.0,0.0,720.0,8.0,0.0,0.0,720.0,17.0,1.0,0.0,1258.0,,,,,Premier League
Danny Rose,29,173.0,W,left,Tottenham Hotspur,34.0,4.0,5.0,2790.0,30.0,1.0,4.0,2659.0,21.0,2.0,4.0,1803.0,17.0,0.0,1.0,1319.0,37.0,0.0,5.0,2564.0,4.0,0.0,0.0,358.0,Premier League
Ben Davies,26,181.0,W,left,Tottenham Hotspur,29.0,0.0,2.0,2241.0,27.0,0.0,4.0,2111.0,34.0,2.0,3.0,2683.0,38.0,2.0,6.0,3030.0,40.0,0.0,1.0,2709.0,1.0,0.0,0.0,2.0,Premier League
Serge Aurier,26,176.0,W,right,Tottenham Hotspur,16.0,1.0,7.0,1314.0,33.0,4.0,3.0,2919.0,32.0,0.0,5.0,2561.0,24.0,2.0,3.0,2025.0,17.0,2.0,3.0,1358.0,0.0,0.0,0.0,0.0,Premier League
Kyle Walker-Peters,22,173.0,W,right,Tottenham Hotspur,17.0,1.0,2.0,1323.0,20.0,0.0,1.0,1791.0,21.0,2.0,0.0,1890.0,9.0,1.0,2.0,445.0,10.0,0.0,3.0,705.0,3.0,0.0,0.0,242.0,Premier League
Eric Dier,25,188.0,W,right,Tottenham Hotspur,36.0,2.0,2.0,2930.0,51.0,4.0,2.0,4360.0,48.0,2.0,2.0,4091.0,47.0,0.0,3.0,3902.0,28.0,3.0,0.0,1928.0,0.0,0.0,0.0,0.0,Premier League
Victor Wanyama,28,184.0,W,right,Tottenham Hotspur,38.0,3.0,1.0,2792.0,35.0,1.0,1.0,2949.0,47.0,5.0,1.0,3894.0,24.0,1.0,0.0,1198.0,22.0,1.0,0.0,982.0,0.0,0.0,0.0,0.0,Premier League
Oliver Skipp,18,175.0,W,right,Tottenham Hotspur,,,,,,,,,25.0,0.0,5.0,1815.0,34.0,1.0,1.0,2913.0,22.0,0.0,4.0,1302.0,2.0,0.0,0.0,0.0,Premier League
Tanguy Ndombélé,22,181.0,W,right,Tottenham Hotspur,,,,,,,,,31.0,2.0,7.0,1986.0,50.0,1.0,8.0,3512.0,49.0,3.0,8.0,3878.0,2.0,1.0,1.0,180.0,Premier League
Giovani Lo Celso,23,177.0,W,left,Tottenham Hotspur,13.0,0.0,3.0,710.0,23.0,2.0,6.0,1369.0,14.0,1.0,4.0,736.0,48.0,6.0,7.0,2452.0,46.0,16.0,6.0,3497.0,3.0,0.0,0.0,44.0,Premier League
Harry Winks,23,178.0,W,right,Tottenham Hotspur,19.0,2.0,0.0,1502.0,11.0,0.0,0.0,758.0,33.0,1.0,1.0,1297.0,25.0,0.0,1.0,1500.0,41.0,1.0,0.0,2717.0,4.0,0.0,0.0,300.0,Premier League
Moussa Sissoko,30,187.0,W,right,Tottenham Hotspur,38.0,5.0,2.0,3275.0,39.0,1.0,8.0,3402.0,34.0,0.0,4.0,1307.0,47.0,2.0,5.0,2431.0,44.0,0.0,4.0,3403.0,4.0,0.0,1.0,360.0,Premier League
Ryan Sessegnon,19,178.0,W,left,Tottenham Hotspur,,,,,,,,,31.0,7.0,5.0,2045.0,52.0,16.0,8.0,4404.0,38.0,2.0,6.0,2490.0,,,,,Premier League
Christian Eriksen,27,182.0,W,both,Tottenham Hotspur,48.0,12.0,5.0,3870.0,47.0,8.0,16.0,3906.0,48.0,12.0,23.0,4038.0,47.0,14.0,13.0,3979.0,51.0,10.0,17.0,4129.0,4.0,1.0,0.0,234.0,Premier League
Dele Alli,23,188.0,W,right,Tottenham Hotspur,44.0,16.0,11.0,3832.0,46.0,10.0,11.0,3224.0,50.0,22.0,13.0,4014.0,50.0,14.0,17.0,3790.0,38.0,7.0,8.0,2963.0,1.0,0.0,0.0,30.0,Premier League
Heung-min Son,27,184.0,W,both,Tottenham Hotspur,42.0,17.0,4.0,3181.0,42.0,8.0,5.0,2001.0,47.0,21.0,10.0,2972.0,53.0,18.0,11.0,3379.0,48.0,20.0,10.0,3292.0,2.0,0.0,1.0,169.0,Premier League
Lucas Moura,27,172.0,W,right,Tottenham Hotspur,46.0,8.0,10.0,2882.0,56.0,13.0,5.0,3169.0,53.0,19.0,10.0,3478.0,17.0,2.0,5.0,536.0,49.0,15.0,2.0,3172.0,3.0,1.0,1.0,214.0,Premier League
Erik Lamela,27,184.0,W,left,Tottenham Hotspur,46.0,5.0,10.0,2919.0,44.0,11.0,10.0,3072.0,14.0,2.0,7.0,944.0,34.0,4.0,7.0,1380.0,33.0,6.0,3.0,1550.0,4.0,1.0,1.0,295.0,Premier League
Harry Kane,26,188.0,CF,right,Tottenham Hotspur,51.0,31.0,6.0,3680.0,50.0,28.0,2.0,4027.0,38.0,35.0,7.0,3154.0,48.0,41.0,5.0,3953.0,40.0,24.0,6.0,3342.0,4.0,3.0,0.0,360.0,Premier League
Antonio Rüdiger,26,190.0,W,right,Chelsea FC,21.0,0.0,1.0,1768.0,37.0,2.0,0.0,3294.0,36.0,1.0,4.0,3025.0,45.0,3.0,2.0,3785.0,44.0,1.0,0.0,3894.0,2.0,0.0,0.0,180.0,Premier League
Andreas Christensen,23,188.0,W,right,Chelsea FC,24.0,1.0,5.0,2080.0,39.0,3.0,1.0,3510.0,43.0,4.0,0.0,3892.0,40.0,0.0,0.0,3096.0,29.0,0.0,1.0,2469.0,4.0,0.0,0.0,355.0,Premier League
Kurt Zouma,24,190.0,W,right,Chelsea FC,26.0,2.0,1.0,1560.0,32.0,2.0,1.0,2616.0,17.0,0.0,1.0,802.0,37.0,1.0,0.0,3127.0,36.0,2.0,2.0,2924.0,5.0,0.0,0.0,480.0,Premier League
Fikayo Tomori,21,185.0,W,right,Chelsea FC,19.0,0.0,1.0,1504.0,30.0,6.0,0.0,2521.0,24.0,1.0,0.0,1699.0,26.0,0.0,2.0,2152.0,55.0,2.0,1.0,4811.0,2.0,0.0,0.0,125.0,Premier League
Michael Hector,27,193.0,W,right,Chelsea FC,49.0,3.0,2.0,4367.0,35.0,2.0,0.0,2833.0,27.0,1.0,0.0,1845.0,38.0,1.0,0.0,3118.0,39.0,2.0,0.0,3422.0,,,,,Premier League
Marcos Alonso,28,188.0,W,left,Chelsea FC,35.0,2.0,3.0,2672.0,39.0,3.0,4.0,2939.0,37.0,6.0,3.0,3264.0,46.0,8.0,4.0,4017.0,39.0,4.0,7.0,3486.0,1.0,0.0,0.0,0.0,Premier League
Emerson,25,175.0,W,left,Chelsea FC,10.0,0.0,0.0,273.0,9.0,1.0,0.0,261.0,36.0,1.0,1.0,2595.0,10.0,0.0,2.0,655.0,27.0,1.0,2.0,2250.0,5.0,0.0,0.0,480.0,Premier League
César Azpilicueta,30,178.0,W,right,Chelsea FC,40.0,0.0,4.0,3367.0,49.0,2.0,5.0,4260.0,47.0,2.0,7.0,4098.0,52.0,3.0,7.0,4755.0,57.0,1.0,9.0,4867.0,5.0,0.0,1.0,480.0,Premier League
Reece James,19,182.0,W,right,Chelsea FC,,,,,,,,,34.0,2.0,7.0,2627.0,43.0,4.0,6.0,3820.0,46.0,3.0,3.0,4005.0,,,,,Premier League
Jorginho,27,180.0,W,right,Chelsea FC,33.0,1.0,0.0,2107.0,38.0,0.0,6.0,3043.0,31.0,0.0,3.0,2477.0,39.0,4.0,4.0,3100.0,54.0,2.0,0.0,4391.0,5.0,1.0,0.0,444.0,Premier League
N'Golo Kanté,28,168.0,W,right,Chelsea FC,39.0,3.0,5.0,3362.0,40.0,1.0,4.0,3193.0,41.0,2.0,1.0,3556.0,48.0,1.0,2.0,4207.0,53.0,5.0,4.0,4185.0,3.0,0.0,0.0,227.0,Premier League
Mateo Kovacic,25,177.0,W,right,Chelsea FC,44.0,8.0,5.0,2944.0,34.0,1.0,2.0,1414.0,39.0,2.0,3.0,2154.0,36.0,0.0,3.0,1823.0,51.0,0.0,2.0,3117.0,5.0,0.0,1.0,384.0,Premier League
Ross Barkley,25,185.0,W,right,Chelsea FC,36.0,2.0,3.0,2481.0,48.0,12.0,11.0,3914.0,39.0,6.0,9.0,3150.0,5.0,0.0,0.0,271.0,48.0,5.0,6.0,2725.0,4.0,0.0,0.0,227.0,Premier League
Ruben Loftus-Cheek,23,191.0,W,right,Chelsea FC,23.0,1.0,3.0,1737.0,18.0,3.0,3.0,807.0,11.0,0.0,2.0,343.0,25.0,2.0,5.0,1965.0,40.0,10.0,5.0,1955.0,,,,,Premier League
Marco van Ginkel,26,186.0,W,right,Chelsea FC,18.0,1.0,3.0,1320.0,37.0,8.0,1.0,2521.0,19.0,8.0,4.0,1619.0,33.0,16.0,5.0,2808.0,,,,,,,,,Premier League
Mason Mount,20,178.0,W,right,Chelsea FC,,,,,11.0,1.0,3.0,584.0,34.0,6.0,6.0,2850.0,40.0,13.0,10.0,3004.0,44.0,11.0,6.0,3838.0,5.0,2.0,0.0,406.0,Premier League
Callum Hudson-Odoi,18,177.0,W,right,Chelsea FC,,,,,,,,,24.0,8.0,9.0,1823.0,34.0,21.0,6.0,2608.0,29.0,6.0,7.0,1617.0,,,,,Premier League
Christian Pulisic,20,172.0,W,right,Chelsea FC,8.0,6.0,5.0,616.0,29.0,10.0,8.0,1894.0,43.0,5.0,13.0,2323.0,42.0,5.0,7.0,3038.0,30.0,7.0,6.0,1701.0,5.0,0.0,2.0,351.0,Premier League
Willian,31,175.0,W,right,Chelsea FC,49.0,4.0,5.0,3258.0,49.0,11.0,10.0,3881.0,41.0,12.0,5.0,2026.0,55.0,13.0,12.0,3053.0,56.0,8.0,14.0,3533.0,3.0,0.0,0.0,55.0,Premier League
Pedro,32,167.0,W,both,Chelsea FC,50.0,11.0,9.0,2199.0,43.0,9.0,3.0,2781.0,43.0,13.0,12.0,2723.0,48.0,7.0,5.0,2509.0,52.0,13.0,5.0,3099.0,3.0,0.0,0.0,300.0,Premier League
Michy Batshuayi,25,184.0,CF,right,Chelsea FC,28.0,10.0,0.0,1107.0,50.0,23.0,10.0,4150.0,29.0,11.0,3.0,792.0,40.0,21.0,3.0,2329.0,36.0,9.0,0.0,1963.0,2.0,2.0,1.0,96.0,Premier League
Tammy Abraham,21,190.0,CF,right,Chelsea FC,24.0,15.0,2.0,1303.0,34.0,20.0,6.0,2798.0,48.0,26.0,4.0,3743.0,39.0,8.0,5.0,2240.0,42.0,26.0,3.0,3561.0,5.0,4.0,1.0,300.0,Premier League
Olivier Giroud,32,193.0,CF,left,Chelsea FC,36.0,19.0,4.0,2379.0,53.0,24.0,6.0,3373.0,40.0,16.0,7.0,1780.0,44.0,12.0,3.0,2187.0,45.0,13.0,10.0,2186.0,4.0,1.0,0.0,174.0,Premier League
Harry Maguire,26,194.0,W,right,Manchester United,22.0,1.0,1.0,1716.0,33.0,0.0,2.0,2421.0,36.0,3.0,3.0,2956.0,44.0,2.0,3.0,4011.0,32.0,3.0,0.0,2689.0,4.0,0.0,0.0,360.0,Premier League
Victor Lindelöf,25,187.0,W,right,Manchester United,42.0,1.0,1.0,3594.0,30.0,1.0,0.0,2605.0,47.0,1.0,0.0,4090.0,29.0,0.0,0.0,2361.0,40.0,1.0,1.0,3502.0,4.0,0.0,0.0,360.0,Premier League
Eric Bailly,25,187.0,W,right,Manchester United,18.0,0.0,0.0,1465.0,35.0,1.0,1.0,2909.0,39.0,0.0,0.0,3289.0,18.0,1.0,0.0,1359.0,18.0,0.0,0.0,1123.0,,,,,Premier League
Phil Jones,27,185.0,W,right,Manchester United,25.0,0.0,2.0,2074.0,18.0,0.0,0.0,1045.0,26.0,0.0,0.0,2222.0,25.0,0.0,0.0,2152.0,24.0,0.0,1.0,1713.0,,,,,Premier League
Marcos Rojo,29,186.0,W,left,Manchester United,26.0,1.0,0.0,2097.0,28.0,0.0,2.0,2102.0,41.0,1.0,1.0,3143.0,12.0,0.0,1.0,910.0,8.0,0.0,0.0,355.0,0.0,0.0,0.0,0.0,Premier League
Axel Tuanzebe,21,184.0,W,right,Manchester United,3.0,0.0,0.0,101.0,13.0,1.0,0.0,1109.0,25.0,1.0,0.0,2127.0,10.0,0.0,0.0,588.0,30.0,0.0,1.0,2574.0,0.0,0.0,0.0,0.0,Premier League
Luke Shaw,24,181.0,W,left,Manchester United,21.0,0.0,1.0,1356.0,8.0,0.0,1.0,654.0,19.0,0.0,2.0,1374.0,23.0,0.0,0.0,1658.0,40.0,1.0,5.0,3582.0,3.0,0.0,0.0,214.0,Premier League
Ashley Young,34,176.0,W,both,Manchester United,30.0,2.0,6.0,2256.0,27.0,1.0,3.0,1627.0,23.0,0.0,1.0,1469.0,39.0,2.0,7.0,3156.0,41.0,2.0,3.0,3509.0,2.0,0.0,0.0,146.0,Premier League
Aaron Wan-Bissaka,21,183.0,W,right,Manchester United,,,,,,,,,0.0,0.0,0.0,0.0,7.0,0.0,0.0,628.0,39.0,0.0,4.0,3473.0,4.0,0.0,0.0,360.0,Premier League
Diogo Dalot,20,183.0,W,right,Manchester United,,,,,1.0,0.0,0.0,10.0,11.0,0.0,2.0,990.0,33.0,4.0,8.0,2737.0,25.0,0.0,3.0,1695.0,,,,,Premier League
Timothy Fosu-Mensah,21,190.0,W,right,Manchester United,1.0,0.0,0.0,90.0,29.0,1.0,3.0,1947.0,11.0,0.0,0.0,323.0,24.0,0.0,0.0,1818.0,13.0,0.0,0.0,884.0,,,,,Premier League
Nemanja Matic,31,194.0,W,left,Manchester United,49.0,3.0,4.0,4148.0,43.0,2.0,3.0,3083.0,40.0,2.0,8.0,3147.0,49.0,2.0,3.0,4156.0,38.0,1.0,0.0,3337.0,1.0,0.0,0.0,22.0,Premier League
Paul Pogba,26,191.0,W,both,Manchester United,41.0,10.0,11.0,3340.0,49.0,10.0,15.0,4284.0,51.0,9.0,6.0,4350.0,37.0,6.0,12.0,2879.0,47.0,16.0,11.0,4012.0,4.0,0.0,2.0,360.0,Premier League
Fred,26,169.0,W,left,Manchester United,35.0,1.0,0.0,2000.0,23.0,2.0,0.0,1977.0,29.0,4.0,4.0,2510.0,37.0,4.0,7.0,3257.0,25.0,1.0,1.0,1593.0,,,,,Premier League
Scott McTominay,22,193.0,W,right,Manchester United,,,,,9.0,0.0,0.0,429.0,19.0,3.0,0.0,1531.0,27.0,0.0,0.0,1667.0,22.0,2.0,0.0,1224.0,4.0,0.0,1.0,347.0,Premier League
Juan Mata,31,170.0,W,left,Manchester United,35.0,10.0,4.0,2442.0,54.0,10.0,11.0,4115.0,42.0,10.0,6.0,2739.0,40.0,3.0,7.0,2677.0,32.0,6.0,4.0,1779.0,4.0,0.0,0.0,86.0,Premier League
Andreas Pereira,23,178.0,W,right,Manchester United,20.0,3.0,4.0,1626.0,22.0,6.0,3.0,1318.0,37.0,5.0,3.0,2881.0,29.0,1.0,5.0,1490.0,23.0,1.0,1.0,951.0,3.0,0.0,1.0,143.0,Premier League
Anthony Martial,23,183.0,W,right,Manchester United,48.0,12.0,5.0,2560.0,56.0,18.0,11.0,4663.0,42.0,8.0,8.0,2517.0,45.0,11.0,9.0,2337.0,38.0,12.0,3.0,2327.0,3.0,2.0,1.0,270.0,Premier League
Daniel James,21,170.0,W,right,Manchester United,1.0,0.0,0.0,90.0,20.0,2.0,4.0,1606.0,19.0,6.0,7.0,1574.0,12.0,1.0,1.0,726.0,38.0,5.0,10.0,2815.0,4.0,3.0,0.0,285.0,Premier League
Jesse Lingard,26,174.0,W,right,Manchester United,18.0,2.0,2.0,938.0,41.0,7.0,4.0,2970.0,42.0,5.0,3.0,2208.0,48.0,13.0,7.0,2652.0,36.0,5.0,4.0,2201.0,4.0,0.0,0.0,245.0,Premier League
Marcus Rashford,21,185.0,CF,right,Manchester United,1.0,1.0,0.0,90.0,31.0,12.0,2.0,2101.0,53.0,11.0,6.0,3068.0,52.0,13.0,9.0,2676.0,47.0,13.0,9.0,3291.0,4.0,2.0,1.0,355.0,Premier League
Mason Greenwood,17,181.0,CF,left,Manchester United,,,,,,,,,,,,,19.0,16.0,4.0,1293.0,30.0,26.0,8.0,2399.0,4.0,0.0,0.0,47.0,Premier League
Shkodran Mustafi,27,184.0,W,right,Arsenal FC,36.0,4.0,1.0,3124.0,44.0,2.0,2.0,3896.0,38.0,2.0,2.0,3309.0,38.0,3.0,2.0,3263.0,40.0,3.0,0.0,3333.0,,,,,Premier League
Sokratis,31,186.0,W,right,Arsenal FC,32.0,2.0,0.0,2732.0,40.0,1.0,0.0,3242.0,41.0,3.0,0.0,3707.0,43.0,3.0,0.0,3574.0,40.0,3.0,2.0,3375.0,4.0,0.0,0.0,360.0,Premier League
David Luiz,32,189.0,W,right,Arsenal FC,45.0,5.0,1.0,3829.0,40.0,3.0,3.0,3208.0,42.0,1.0,0.0,3754.0,17.0,2.0,0.0,1496.0,50.0,3.0,2.0,4339.0,3.0,0.0,0.0,270.0,Premier League
Calum Chambers,24,183.0,W,right,Arsenal FC,36.0,1.0,3.0,2597.0,25.0,1.0,0.0,1200.0,27.0,2.0,1.0,2430.0,25.0,0.0,0.0,1832.0,33.0,2.0,0.0,2766.0,1.0,0.0,0.0,90.0,Premier League
Rob Holding,23,189.0,W,right,Arsenal FC,13.0,2.0,0.0,1091.0,30.0,1.0,1.0,2598.0,21.0,1.0,1.0,1830.0,28.0,1.0,0.0,2195.0,16.0,0.0,0.0,1317.0,2.0,0.0,0.0,153.0,Premier League
Konstantinos Mavropanos,21,194.0,W,right,Arsenal FC,,,,,,,,,7.0,0.0,0.0,574.0,24.0,3.0,1.0,2004.0,6.0,0.0,0.0,310.0,,,,,Premier League
Sead Kolasinac,26,183.0,W,left,Arsenal FC,8.0,0.0,0.0,619.0,30.0,1.0,1.0,2048.0,36.0,3.0,9.0,2892.0,36.0,5.0,4.0,2623.0,36.0,0.0,9.0,2789.0,2.0,0.0,0.0,109.0,Premier League
Kieran Tierney,22,178.0,W,left,Arsenal FC,2.0,0.0,0.0,78.0,33.0,1.0,8.0,2860.0,40.0,2.0,12.0,3479.0,55.0,4.0,11.0,4701.0,40.0,1.0,6.0,3429.0,,,,,Premier League
Héctor Bellerín,24,178.0,W,right,Arsenal FC,30.0,2.0,2.0,2433.0,44.0,1.0,8.0,3948.0,42.0,1.0,5.0,3233.0,47.0,3.0,5.0,4161.0,19.0,0.0,5.0,1533.0,,,,,Premier League
Lucas Torreira,23,166.0,W,right,Arsenal FC,26.0,1.0,0.0,2194.0,32.0,5.0,1.0,2245.0,36.0,0.0,0.0,3123.0,38.0,4.0,1.0,3319.0,50.0,2.0,5.0,3219.0,3.0,1.0,0.0,99.0,Premier League
Granit Xhaka,26,186.0,W,left,Arsenal FC,42.0,5.0,5.0,3704.0,36.0,3.0,2.0,3085.0,46.0,4.0,3.0,3553.0,48.0,3.0,8.0,4150.0,40.0,4.0,5.0,3441.0,3.0,0.0,0.0,270.0,Premier League
Mattéo Guendouzi,20,184.0,W,right,Arsenal FC,,,,,,,,,9.0,0.0,0.0,472.0,21.0,0.0,1.0,1651.0,48.0,1.0,2.0,3040.0,4.0,0.0,1.0,356.0,Premier League
Dani Ceballos,23,179.0,W,right,Arsenal FC,39.0,5.0,5.0,2817.0,38.0,0.0,2.0,2229.0,31.0,2.0,2.0,2425.0,22.0,2.0,0.0,899.0,34.0,3.0,2.0,1922.0,4.0,0.0,2.0,197.0,Premier League
Joe Willock,20,179.0,W,right,Arsenal FC,,,,,,,,,29.0,8.0,10.0,2160.0,23.0,1.0,5.0,1587.0,20.0,12.0,2.0,1551.0,3.0,0.0,0.0,235.0,Premier League
Ainsley Maitland-Niles,22,180.0,W,right,Arsenal FC,30.0,2.0,1.0,2397.0,32.0,2.0,3.0,1824.0,20.0,0.0,2.0,1555.0,32.0,0.0,1.0,2310.0,31.0,2.0,3.0,2188.0,4.0,0.0,1.0,360.0,Premier League
Mesut Özil,30,180.0,W,left,Arsenal FC,32.0,5.0,9.0,2711.0,45.0,8.0,20.0,3940.0,44.0,12.0,14.0,3746.0,35.0,5.0,14.0,2953.0,35.0,6.0,3.0,2420.0,0.0,0.0,0.0,0.0,Premier League
Gabriel Martinelli,18,180.0,W,right,Arsenal FC,,,,,,,,,,,,,,,,,,,,,1.0,0.0,0.0,6.0,Premier League
Nicolas Pépé,24,183.0,W,left,Arsenal FC,8.0,0.0,0.0,196.0,30.0,7.0,2.0,1917.0,39.0,3.0,2.0,1629.0,38.0,14.0,5.0,2956.0,41.0,23.0,12.0,3537.0,4.0,0.0,1.0,243.0,Premier League
Reiss Nelson,19,175.0,W,right,Arsenal FC,,,,,19.0,1.0,2.0,1166.0,27.0,12.0,6.0,2236.0,27.0,9.0,3.0,1750.0,31.0,8.0,1.0,953.0,2.0,0.0,0.0,116.0,Premier League
Alexandre Lacazette,28,176.0,CF,right,Arsenal FC,40.0,31.0,8.0,3468.0,44.0,23.0,4.0,3743.0,45.0,37.0,5.0,3477.0,39.0,17.0,5.0,2758.0,49.0,19.0,13.0,3327.0,3.0,2.0,0.0,147.0,Premier League
Pierre-Emerick Aubameyang,30,187.0,CF,right,Arsenal FC,46.0,25.0,11.0,3813.0,49.0,39.0,12.0,3931.0,46.0,40.0,5.0,3959.0,38.0,31.0,7.0,3316.0,51.0,31.0,8.0,3859.0,4.0,3.0,0.0,360.0,Premier League
Michael Keane,26,188.0,W,right,Everton FC,25.0,0.0,1.0,1910.0,46.0,5.0,3.0,4077.0,39.0,2.0,1.0,3510.0,38.0,1.0,1.0,3295.0,35.0,1.0,2.0,3150.0,5.0,0.0,0.0,450.0,Premier League
Yerry Mina,24,195.0,W,right,Everton FC,42.0,2.0,1.0,3810.0,25.0,7.0,1.0,2041.0,22.0,5.0,1.0,1903.0,6.0,0.0,1.0,377.0,15.0,1.0,0.0,1025.0,4.0,0.0,0.0,360.0,Premier League
Mason Holgate,22,187.0,W,right,Everton FC,22.0,1.0,1.0,1842.0,17.0,3.0,0.0,1444.0,28.0,0.0,1.0,2195.0,21.0,0.0,0.0,1722.0,30.0,1.0,4.0,2536.0,3.0,0.0,0.0,124.0,Premier League
Lucas Digne,26,178.0,W,left,Everton FC,24.0,0.0,1.0,2024.0,42.0,3.0,3.0,3619.0,26.0,1.0,1.0,1853.0,20.0,1.0,2.0,1337.0,37.0,4.0,5.0,3146.0,5.0,1.0,4.0,416.0,Premier League
Leighton Baines,34,170.0,W,left,Everton FC,37.0,3.0,13.0,3344.0,23.0,2.0,2.0,1854.0,33.0,2.0,4.0,2911.0,29.0,3.0,4.0,2541.0,8.0,0.0,1.0,556.0,0.0,0.0,0.0,0.0,Premier League
Djibril Sidibé,27,182.0,W,right,Everton FC,32.0,2.0,3.0,2623.0,43.0,6.0,3.0,3829.0,47.0,3.0,8.0,3847.0,35.0,3.0,9.0,2847.0,32.0,0.0,4.0,2543.0,1.0,0.0,0.0,90.0,Premier League
Seamus Coleman,30,177.0,W,right,Everton FC,42.0,5.0,3.0,3725.0,34.0,1.0,3.0,2842.0,28.0,4.0,4.0,2497.0,12.0,0.0,1.0,1035.0,30.0,2.0,2.0,2650.0,4.0,0.0,0.0,360.0,Premier League
Cuco Martina,29,185.0,W,right,Everton FC,39.0,0.0,2.0,3512.0,19.0,1.0,2.0,1439.0,20.0,0.0,1.0,1581.0,28.0,0.0,2.0,2413.0,31.0,0.0,1.0,2652.0,1.0,0.0,0.0,90.0,Premier League
Jean-Philippe Gbamin,23,186.0,W,right,Everton FC,35.0,0.0,0.0,2895.0,26.0,1.0,1.0,2236.0,31.0,0.0,0.0,2365.0,31.0,1.0,3.0,2710.0,33.0,2.0,1.0,2869.0,2.0,0.0,0.0,135.0,Premier League
Morgan Schneiderlin,29,186.0,W,right,Everton FC,30.0,5.0,1.0,2546.0,39.0,1.0,1.0,2958.0,22.0,1.0,0.0,1297.0,40.0,0.0,0.0,2905.0,16.0,0.0,1.0,916.0,3.0,0.0,1.0,256.0,Premier League
André Gomes,26,188.0,W,right,Everton FC,37.0,4.0,1.0,2766.0,41.0,4.0,7.0,3044.0,47.0,3.0,3.0,2652.0,31.0,0.0,1.0,1185.0,29.0,1.0,2.0,2120.0,4.0,0.0,0.0,315.0,Premier League
Fabian Delph,29,174.0,W,left,Everton FC,32.0,2.0,5.0,2793.0,27.0,2.0,0.0,1235.0,13.0,2.0,0.0,515.0,29.0,1.0,2.0,2324.0,20.0,0.0,1.0,1219.0,2.0,0.0,0.0,164.0,Premier League
Tom Davies,21,180.0,W,right,Everton FC,4.0,0.0,0.0,277.0,17.0,1.0,3.0,1377.0,37.0,2.0,3.0,2659.0,43.0,2.0,2.0,2484.0,19.0,0.0,1.0,1200.0,1.0,0.0,0.0,11.0,Premier League
Beni Baningime,20,,W,,Everton FC,,,,,4.0,0.0,0.0,109.0,21.0,0.0,2.0,1547.0,24.0,1.0,0.0,1632.0,3.0,0.0,0.0,270.0,3.0,0.0,0.0,270.0,Premier League
Gylfi Sigurdsson,29,186.0,W,right,Everton FC,35.0,9.0,10.0,2903.0,37.0,11.0,2.0,3006.0,40.0,10.0,13.0,3446.0,33.0,6.0,5.0,2745.0,41.0,14.0,7.0,3370.0,5.0,1.0,1.0,411.0,Premier League
Richarlison,22,179.0,W,right,Everton FC,24.0,9.0,4.0,1842.0,28.0,4.0,1.0,1573.0,18.0,7.0,6.0,1591.0,41.0,5.0,5.0,3028.0,38.0,14.0,2.0,2809.0,5.0,3.0,0.0,384.0,Premier League
Alex Iwobi,23,183.0,W,right,Everton FC,25.0,11.0,4.0,2079.0,34.0,6.0,5.0,2220.0,39.0,4.0,8.0,2354.0,39.0,3.0,7.0,2645.0,51.0,6.0,9.0,2839.0,3.0,2.0,0.0,186.0,Premier League
Bernard,26,164.0,W,right,Everton FC,23.0,2.0,8.0,941.0,39.0,6.0,9.0,1935.0,37.0,7.0,7.0,2409.0,29.0,10.0,4.0,2242.0,36.0,2.0,4.0,2308.0,4.0,2.0,0.0,256.0,Premier League
Theo Walcott,30,175.0,W,both,Everton FC,22.0,7.0,1.0,795.0,42.0,9.0,7.0,2076.0,37.0,19.0,2.0,2495.0,30.0,7.0,8.0,2069.0,40.0,6.0,2.0,2168.0,4.0,0.0,0.0,74.0,Premier League
Moise Kean,19,183.0,CF,right,Everton FC,11.0,5.0,0.0,379.0,30.0,25.0,0.0,1990.0,24.0,14.0,5.0,1480.0,20.0,4.0,0.0,1221.0,17.0,7.0,1.0,661.0,6.0,0.0,1.0,235.0,Premier League
Dominic Calvert-Lewin,22,187.0,CF,right,Everton FC,2.0,0.0,0.0,55.0,35.0,8.0,1.0,1587.0,21.0,5.0,2.0,1134.0,44.0,8.0,7.0,2458.0,38.0,8.0,3.0,1974.0,5.0,0.0,0.0,243.0,Premier League
Cenk Tosun,28,183.0,CF,right,Everton FC,28.0,9.0,0.0,1088.0,43.0,17.0,6.0,1466.0,47.0,24.0,4.0,3286.0,38.0,19.0,3.0,2738.0,29.0,4.0,3.0,1226.0,1.0,0.0,1.0,16.0,Premier League
Oumar Niasse,29,182.0,CF,right,Everton FC,19.0,6.0,4.0,1111.0,30.0,13.0,10.0,1986.0,25.0,12.0,1.0,1596.0,27.0,12.0,4.0,1301.0,20.0,0.0,1.0,1115.0,,,,,Premier League
Caglar Söyüncü,23,187.0,W,right,Leicester City,10.0,0.0,0.0,764.0,30.0,2.0,0.0,2700.0,25.0,0.0,1.0,2160.0,30.0,1.0,0.0,2439.0,11.0,0.0,0.0,804.0,5.0,0.0,1.0,450.0,Premier League
Filip Benkovic,22,194.0,W,right,Leicester City,,,,,30.0,0.0,1.0,2309.0,28.0,2.0,2.0,2482.0,30.0,4.0,1.0,2576.0,30.0,2.0,1.0,2284.0,2.0,0.0,0.0,135.0,Premier League
Jonny Evans,31,188.0,W,both,Leicester City,19.0,0.0,0.0,1495.0,34.0,1.0,2.0,2953.0,31.0,2.0,1.0,2638.0,31.0,2.0,1.0,2542.0,28.0,1.0,0.0,2355.0,5.0,0.0,0.0,393.0,Premier League
Wes Morgan,35,186.0,W,right,Leicester City,40.0,2.0,2.0,3533.0,38.0,2.0,0.0,3420.0,40.0,3.0,1.0,3624.0,35.0,0.0,0.0,3118.0,25.0,3.0,0.0,2168.0,2.0,0.0,0.0,69.0,Premier League
Ben Chilwell,22,178.0,W,left,Leicester City,19.0,1.0,3.0,1368.0,22.0,1.0,1.0,1940.0,21.0,1.0,1.0,1548.0,32.0,0.0,2.0,2504.0,36.0,0.0,5.0,3240.0,2.0,0.0,1.0,180.0,Premier League
Christian Fuchs,33,187.0,W,left,Leicester City,30.0,3.0,5.0,2148.0,34.0,0.0,5.0,2920.0,48.0,2.0,5.0,4081.0,29.0,0.0,2.0,2337.0,8.0,1.0,1.0,656.0,4.0,0.0,0.0,274.0,Premier League
Ricardo Pereira,25,175.0,W,right,Leicester City,19.0,1.0,2.0,1492.0,27.0,0.0,4.0,2370.0,30.0,2.0,4.0,2574.0,43.0,2.0,7.0,3563.0,37.0,2.0,7.0,3224.0,5.0,0.0,0.0,450.0,Premier League
James Justin,21,183.0,W,right,Leicester City,,,,,3.0,0.0,0.0,217.0,39.0,1.0,4.0,3041.0,22.0,2.0,0.0,1434.0,52.0,3.0,9.0,3918.0,0.0,0.0,0.0,0.0,Premier League
Wilfred Ndidi,22,183.0,W,right,Leicester City,6.0,0.0,0.0,350.0,43.0,4.0,3.0,3688.0,57.0,6.0,1.0,5076.0,38.0,1.0,4.0,3295.0,40.0,2.0,1.0,3478.0,3.0,1.0,0.0,270.0,Premier League
Nampalys Mendy,27,167.0,W,right,Leicester City,38.0,0.0,0.0,3429.0,40.0,1.0,2.0,3602.0,9.0,0.0,0.0,658.0,21.0,0.0,1.0,1382.0,32.0,0.0,0.0,2117.0,1.0,0.0,0.0,1.0,Premier League
Daniel Amartey,24,186.0,W,right,Leicester City,43.0,6.0,2.0,3739.0,29.0,0.0,2.0,2229.0,35.0,1.0,1.0,2196.0,15.0,0.0,0.0,1150.0,10.0,0.0,0.0,730.0,,,,,Premier League
Hamza Choudhury,21,178.0,W,,Leicester City,7.0,0.0,0.0,429.0,24.0,0.0,1.0,1484.0,22.0,1.0,1.0,1404.0,34.0,0.0,1.0,2661.0,20.0,0.0,2.0,1510.0,5.0,0.0,0.0,288.0,Premier League
Youri Tielemans,22,176.0,W,right,Leicester City,52.0,8.0,6.0,4082.0,45.0,7.0,4.0,3284.0,53.0,18.0,15.0,4427.0,35.0,1.0,2.0,2063.0,43.0,8.0,6.0,3706.0,5.0,1.0,1.0,449.0,Premier League
Dennis Praet,25,181.0,W,right,Leicester City,39.0,9.0,11.0,3346.0,46.0,6.0,9.0,3922.0,36.0,1.0,1.0,1965.0,35.0,1.0,2.0,2936.0,37.0,2.0,3.0,3194.0,3.0,0.0,0.0,126.0,Premier League
Matty James,28,181.0,W,right,Leicester City,30.0,0.0,2.0,2136.0,,,,,26.0,1.0,2.0,2132.0,15.0,0.0,0.0,1085.0,3.0,0.0,1.0,252.0,,,,,Premier League
Marc Albrighton,29,175.0,W,right,Leicester City,24.0,3.0,4.0,1467.0,42.0,2.0,7.0,3006.0,47.0,4.0,9.0,3522.0,42.0,2.0,7.0,2968.0,32.0,3.0,4.0,1936.0,3.0,0.0,0.0,88.0,Premier League
James Maddison,22,175.0,W,right,Leicester City,18.0,2.0,2.0,682.0,24.0,3.0,3.0,1326.0,22.0,4.0,10.0,1446.0,49.0,15.0,11.0,4112.0,38.0,7.0,7.0,2930.0,5.0,1.0,2.0,446.0,Premier League
Harvey Barnes,21,180.0,W,right,Leicester City,3.0,0.0,0.0,205.0,7.0,0.0,2.0,241.0,44.0,13.0,5.0,3550.0,38.0,10.0,7.0,2413.0,44.0,10.0,10.0,3335.0,4.0,1.0,0.0,215.0,Premier League
Bartosz Kapustka,22,179.0,W,right,Leicester City,26.0,3.0,2.0,1247.0,35.0,5.0,10.0,2660.0,16.0,3.0,1.0,1127.0,11.0,1.0,0.0,434.0,23.0,4.0,1.0,1754.0,,,,,Premier League
Demarai Gray,23,180.0,W,right,Leicester City,43.0,6.0,2.0,2652.0,42.0,1.0,4.0,2484.0,43.0,3.0,6.0,1848.0,44.0,4.0,4.0,2375.0,39.0,4.0,1.0,2271.0,1.0,0.0,0.0,26.0,Premier League
Fousseni Diabaté,23,175.0,W,left,Leicester City,,,,,,,,,2.0,0.0,0.0,59.0,38.0,5.0,2.0,2527.0,27.0,3.0,3.0,2169.0,,,,,Premier League
George Thomas,22,173.0,W,right,Leicester City,7.0,0.0,0.0,226.0,14.0,0.0,1.0,555.0,36.0,9.0,2.0,2516.0,23.0,8.0,3.0,2029.0,40.0,3.0,7.0,2606.0,4.0,0.0,0.0,360.0,Premier League
Ayoze Pérez,26,178.0,W,right,Leicester City,39.0,7.0,0.0,2519.0,37.0,6.0,2.0,2252.0,41.0,12.0,7.0,2522.0,37.0,10.0,4.0,2588.0,41.0,13.0,4.0,3004.0,4.0,0.0,0.0,324.0,Premier League
Jamie Vardy,32,179.0,CF,right,Leicester City,36.0,5.0,10.0,2362.0,38.0,24.0,8.0,3210.0,48.0,16.0,7.0,3821.0,42.0,23.0,1.0,3543.0,36.0,18.0,4.0,2883.0,5.0,3.0,1.0,450.0,Premier League
Kelechi Iheanacho,22,185.0,CF,left,Leicester City,6.0,4.0,2.0,442.0,36.0,14.0,7.0,1318.0,29.0,7.0,3.0,899.0,30.0,9.0,4.0,1451.0,35.0,2.0,4.0,1237.0,0.0,0.0,0.0,0.0,Premier League
Issa Diop,22,194.0,W,right,West Ham United,,,,,23.0,1.0,0.0,2071.0,31.0,2.0,2.0,2820.0,41.0,3.0,1.0,3690.0,38.0,2.0,0.0,3420.0,5.0,0.0,0.0,450.0,Premier League
Fabián Balbuena,28,188.0,W,right,West Ham United,8.0,0.0,0.0,637.0,31.0,0.0,0.0,2640.0,38.0,6.0,1.0,3384.0,14.0,0.0,0.0,1260.0,24.0,1.0,0.0,2059.0,2.0,0.0,0.0,180.0,Premier League
Angelo Ogbonna,31,191.0,W,left,West Ham United,30.0,0.0,0.0,2084.0,34.0,1.0,0.0,2885.0,26.0,0.0,0.0,2295.0,38.0,3.0,0.0,3450.0,29.0,3.0,1.0,2320.0,3.0,0.0,0.0,270.0,Premier League
Winston Reid,31,191.0,W,right,West Ham United,33.0,1.0,0.0,2803.0,30.0,1.0,2.0,2539.0,36.0,2.0,3.0,3130.0,20.0,0.0,0.0,1720.0,,,,,,,,,Premier League
Gonçalo Cardoso,18,189.0,W,left,West Ham United,,,,,,,,,,,,,,,,,18.0,0.0,0.0,1597.0,2.0,0.0,0.0,180.0,Premier League
Aaron Cresswell,29,170.0,W,left,West Ham United,42.0,2.0,4.0,3810.0,47.0,2.0,4.0,4305.0,29.0,0.0,2.0,2344.0,39.0,1.0,7.0,3317.0,22.0,0.0,2.0,1769.0,2.0,0.0,0.0,180.0,Premier League
Arthur Masuaku,25,179.0,W,left,West Ham United,41.0,1.0,5.0,3545.0,32.0,1.0,3.0,2910.0,18.0,0.0,1.0,1247.0,33.0,1.0,3.0,2401.0,27.0,0.0,2.0,2025.0,3.0,0.0,1.0,270.0,Premier League
Ryan Fredericks,26,181.0,W,right,West Ham United,20.0,0.0,0.0,1637.0,37.0,0.0,1.0,2288.0,34.0,0.0,6.0,2451.0,48.0,0.0,9.0,4272.0,18.0,2.0,1.0,1309.0,4.0,0.0,0.0,360.0,Premier League
Pablo Zabaleta,34,176.0,W,right,West Ham United,36.0,2.0,4.0,3148.0,22.0,0.0,1.0,1657.0,32.0,2.0,2.0,2055.0,39.0,0.0,1.0,3366.0,27.0,0.0,1.0,2181.0,1.0,0.0,0.0,90.0,Premier League
Declan Rice,20,185.0,W,right,West Ham United,,,,,5.0,0.0,0.0,329.0,26.0,0.0,1.0,2280.0,34.0,0.0,0.0,2142.0,38.0,2.0,1.0,3354.0,4.0,0.0,0.0,360.0,Premier League
Carlos Sánchez,33,182.0,W,left,West Ham United,34.0,1.0,1.0,2345.0,23.0,0.0,0.0,1623.0,41.0,1.0,1.0,2714.0,25.0,1.0,0.0,1664.0,9.0,0.0,0.0,313.0,4.0,0.0,0.0,104.0,Premier League
Jack Wilshere,27,172.0,W,left,West Ham United,24.0,2.0,4.0,1479.0,6.0,1.0,1.0,386.0,29.0,0.0,2.0,1950.0,40.0,2.0,7.0,2795.0,9.0,0.0,1.0,456.0,3.0,1.0,0.0,183.0,Premier League
Mark Noble,32,180.0,W,right,West Ham United,33.0,2.0,3.0,2720.0,46.0,7.0,4.0,4065.0,35.0,5.0,2.0,2790.0,33.0,4.0,1.0,2694.0,32.0,5.0,5.0,2398.0,2.0,1.0,0.0,175.0,Premier League
Pablo Fornals,23,178.0,W,right,West Ham United,,,,,29.0,1.0,0.0,1347.0,34.0,6.0,3.0,2853.0,46.0,4.0,13.0,3337.0,50.0,5.0,6.0,3440.0,5.0,1.0,0.0,225.0,Premier League
Manuel Lanzini,26,167.0,W,right,West Ham United,25.0,8.0,11.0,2211.0,33.0,8.0,4.0,2495.0,39.0,8.0,2.0,2927.0,29.0,5.0,9.0,2255.0,10.0,1.0,2.0,688.0,4.0,0.0,2.0,358.0,Premier League
Felipe Anderson,26,175.0,W,right,West Ham United,37.0,11.0,10.0,2527.0,47.0,9.0,5.0,2924.0,41.0,5.0,10.0,3244.0,31.0,7.0,8.0,1670.0,40.0,10.0,5.0,3197.0,4.0,0.0,2.0,314.0,Premier League
Andrii Yarmolenko,29,190.0,W,left,West Ham United,43.0,19.0,21.0,3570.0,34.0,19.0,13.0,2857.0,36.0,19.0,10.0,2955.0,36.0,10.0,9.0,2475.0,10.0,2.0,1.0,549.0,3.0,1.0,0.0,139.0,Premier League
Michail Antonio,29,180.0,W,right,West Ham United,49.0,15.0,14.0,4157.0,38.0,13.0,6.0,2994.0,37.0,9.0,5.0,3022.0,22.0,3.0,1.0,1429.0,38.0,7.0,7.0,2439.0,4.0,0.0,0.0,132.0,Premier League
Robert Snodgrass,31,182.0,W,left,West Ham United,3.0,0.0,0.0,155.0,29.0,5.0,6.0,2004.0,39.0,9.0,6.0,2862.0,43.0,8.0,13.0,3427.0,38.0,4.0,9.0,2565.0,4.0,0.0,0.0,233.0,Premier League
Sébastien Haller,25,190.0,CF,right,West Ham United,28.0,11.0,6.0,1783.0,42.0,24.0,6.0,3642.0,39.0,16.0,6.0,3525.0,36.0,13.0,7.0,2731.0,41.0,20.0,12.0,3120.0,3.0,3.0,0.0,270.0,Premier League
Albian Ajeti,22,183.0,CF,right,West Ham United,35.0,20.0,3.0,2647.0,23.0,7.0,4.0,1297.0,31.0,11.0,4.0,2238.0,37.0,17.0,5.0,2530.0,43.0,21.0,11.0,3240.0,4.0,2.0,2.0,359.0,Premier League
Nathan Aké,24,180.0,W,left,AFC Bournemouth,13.0,0.0,1.0,987.0,28.0,1.0,0.0,2233.0,17.0,3.0,1.0,1311.0,40.0,2.0,3.0,3449.0,39.0,4.0,1.0,3502.0,4.0,0.0,0.0,360.0,Premier League
Chris Mepham,21,191.0,W,,AFC Bournemouth,,,,,,,,,1.0,0.0,0.0,10.0,23.0,1.0,0.0,1914.0,37.0,0.0,2.0,2870.0,4.0,1.0,0.0,360.0,Premier League
Steve Cook,28,185.0,W,right,AFC Bournemouth,49.0,5.0,2.0,4373.0,38.0,4.0,1.0,3321.0,38.0,2.0,1.0,3420.0,40.0,3.0,1.0,3336.0,35.0,2.0,1.0,3078.0,4.0,0.0,0.0,360.0,Premier League
Jack Simpson,22,,W,left,AFC Bournemouth,,,,,0.0,0.0,0.0,0.0,0.0,0.0,0.0,0.0,4.0,1.0,1.0,342.0,11.0,0.0,0.0,767.0,1.0,0.0,0.0,90.0,Premier League
Diego Rico,26,183.0,W,left,AFC Bournemouth,38.0,2.0,1.0,2969.0,40.0,1.0,3.0,3524.0,25.0,1.0,0.0,2222.0,33.0,3.0,2.0,2776.0,16.0,0.0,0.0,955.0,2.0,0.0,0.0,180.0,Premier League
Lloyd Kelly,20,190.0,W,left,AFC Bournemouth,,,,,,,,,0.0,0.0,0.0,0.0,14.0,1.0,2.0,863.0,34.0,1.0,0.0,2408.0,,,,,Premier League
Charlie Daniels,32,178.0,W,left,AFC Bournemouth,43.0,2.0,6.0,3768.0,39.0,3.0,5.0,3465.0,34.0,4.0,3.0,3060.0,37.0,1.0,3.0,3184.0,24.0,1.0,0.0,1775.0,2.0,0.0,0.0,127.0,Premier League
Adam Smith,28,174.0,W,right,AFC Bournemouth,36.0,0.0,5.0,1429.0,36.0,2.0,0.0,2485.0,36.0,1.0,5.0,3099.0,32.0,1.0,4.0,2438.0,26.0,1.0,1.0,2163.0,4.0,0.0,0.0,313.0,Premier League
Jack Stacey,23,180.0,W,right,AFC Bournemouth,15.0,4.0,1.0,989.0,23.0,4.0,1.0,1683.0,42.0,2.0,8.0,3221.0,45.0,1.0,6.0,3960.0,50.0,4.0,8.0,4500.0,1.0,0.0,0.0,90.0,Premier League
Simon Francis,34,191.0,W,right,AFC Bournemouth,46.0,1.0,8.0,3908.0,42.0,0.0,4.0,3701.0,35.0,0.0,2.0,3030.0,34.0,0.0,1.0,2916.0,20.0,0.0,3.0,1492.0,,,,,Premier League
Jefferson Lerma,24,179.0,W,right,AFC Bournemouth,15.0,1.0,0.0,1243.0,34.0,1.0,2.0,2778.0,31.0,2.0,1.0,1794.0,28.0,0.0,1.0,2241.0,32.0,2.0,1.0,2690.0,4.0,0.0,0.0,360.0,Premier League
Lewis Cook,22,175.0,W,right,AFC Bournemouth,38.0,0.0,2.0,3018.0,47.0,2.0,3.0,3877.0,9.0,0.0,1.0,657.0,32.0,0.0,2.0,2464.0,15.0,0.0,0.0,901.0,,,,,Premier League
Philip Billing,23,192.0,W,left,AFC Bournemouth,0.0,0.0,0.0,0.0,13.0,1.0,0.0,695.0,28.0,2.0,2.0,1517.0,22.0,1.0,0.0,1172.0,27.0,2.0,0.0,2191.0,5.0,0.0,0.0,321.0,Premier League
Dan Gosling,29,180.0,W,right,AFC Bournemouth,24.0,5.0,2.0,814.0,37.0,4.0,2.0,2595.0,30.0,3.0,1.0,1600.0,32.0,3.0,1.0,2331.0,26.0,2.0,1.0,1827.0,,,,,Premier League
Andrew Surman,33,178.0,W,left,AFC Bournemouth,43.0,3.0,4.0,3750.0,38.0,0.0,3.0,3420.0,23.0,0.0,2.0,1892.0,28.0,2.0,5.0,2119.0,20.0,0.0,1.0,1618.0,3.0,0.0,0.0,145.0,Premier League
David Brooks,22,173.0,W,left,AFC Bournemouth,,,,,5.0,1.0,1.0,315.0,4.0,0.0,2.0,267.0,33.0,3.0,6.0,1370.0,33.0,7.0,5.0,2415.0,,,,,Premier League
Ryan Fraser,25,163.0,W,right,AFC Bournemouth,27.0,2.0,0.0,1151.0,21.0,6.0,6.0,1341.0,29.0,3.0,8.0,1856.0,32.0,6.0,4.0,2543.0,42.0,8.0,15.0,3384.0,5.0,0.0,1.0,389.0,Premier League
Arnaut Danjuma,22,178.0,W,right,AFC Bournemouth,20.0,0.0,0.0,1034.0,14.0,6.0,3.0,569.0,25.0,9.0,0.0,1601.0,30.0,13.0,17.0,2569.0,24.0,6.0,4.0,1471.0,1.0,0.0,0.0,87.0,Premier League
Junior Stanislas,29,183.0,W,right,AFC Bournemouth,20.0,2.0,3.0,1032.0,25.0,5.0,3.0,1821.0,22.0,7.0,5.0,1536.0,20.0,5.0,2.0,1356.0,27.0,4.0,3.0,1269.0,,,,,Premier League
Harry Wilson,22,173.0,W,left,AFC Bournemouth,25.0,7.0,8.0,1732.0,18.0,4.0,0.0,1072.0,19.0,12.0,7.0,1637.0,26.0,17.0,7.0,2118.0,49.0,18.0,6.0,3958.0,4.0,2.0,0.0,253.0,Premier League
Jordon Ibe,23,176.0,W,right,AFC Bournemouth,39.0,5.0,2.0,2177.0,43.0,4.0,4.0,2245.0,26.0,0.0,0.0,1145.0,38.0,2.0,8.0,2277.0,24.0,3.0,1.0,1195.0,3.0,0.0,0.0,137.0,Premier League
Joshua King,27,181.0,W,right,AFC Bournemouth,19.0,5.0,1.0,890.0,35.0,7.0,4.0,2241.0,36.0,16.0,2.0,2720.0,34.0,9.0,3.0,2497.0,38.0,12.0,4.0,3037.0,5.0,1.0,0.0,379.0,Premier League
Callum Wilson,27,180.0,CF,right,AFC Bournemouth,50.0,23.0,13.0,4083.0,13.0,5.0,0.0,770.0,21.0,6.0,1.0,1410.0,31.0,9.0,3.0,2119.0,33.0,15.0,10.0,2660.0,5.0,1.0,1.0,400.0,Premier League
Dominic Solanke,21,186.0,CF,right,AFC Bournemouth,34.0,31.0,6.0,2787.0,27.0,7.0,1.0,1991.0,5.0,2.0,0.0,373.0,30.0,2.0,1.0,970.0,12.0,2.0,1.0,521.0,5.0,0.0,0.0,151.0,Premier League
Willy Boly,28,195.0,W,right,Wolverhampton Wanderers,20.0,1.0,0.0,1779.0,40.0,2.0,1.0,3312.0,12.0,0.0,0.0,1032.0,37.0,3.0,2.0,3290.0,41.0,4.0,0.0,3649.0,9.0,0.0,1.0,810.0,Premier League
Jesús Vallejo,22,184.0,W,right,Wolverhampton Wanderers,34.0,1.0,2.0,2678.0,20.0,0.0,0.0,1683.0,27.0,1.0,1.0,2295.0,12.0,0.0,0.0,1004.0,7.0,1.0,0.0,491.0,3.0,0.0,0.0,270.0,Premier League
Conor Coady,26,185.0,W,right,Wolverhampton Wanderers,48.0,3.0,3.0,4106.0,39.0,0.0,2.0,3102.0,45.0,1.0,3.0,3611.0,48.0,1.0,2.0,4305.0,46.0,0.0,0.0,4170.0,10.0,0.0,0.0,900.0,Premier League
Ryan Bennett,29,188.0,W,right,Wolverhampton Wanderers,13.0,0.0,0.0,748.0,26.0,0.0,0.0,2227.0,36.0,0.0,0.0,2635.0,33.0,1.0,1.0,2905.0,40.0,1.0,0.0,3469.0,7.0,1.0,0.0,630.0,Premier League
Max Kilman,22,192.0,W,left,Wolverhampton Wanderers,,,,,,,,,,,,,33.0,1.0,0.0,2390.0,21.0,2.0,0.0,1773.0,2.0,0.0,0.0,180.0,Premier League
Jonny Otto,25,175.0,W,both,Wolverhampton Wanderers,39.0,0.0,2.0,3151.0,44.0,2.0,4.0,3538.0,50.0,1.0,3.0,3946.0,40.0,2.0,2.0,3556.0,39.0,1.0,2.0,3304.0,8.0,0.0,0.0,567.0,Premier League
Rúben Vinagre,20,174.0,W,left,Wolverhampton Wanderers,,,,,,,,,1.0,0.0,0.0,17.0,14.0,1.0,1.0,1057.0,21.0,0.0,1.0,987.0,6.0,2.0,0.0,408.0,Premier League
Sylvain Deslandes,22,190.0,W,left,Wolverhampton Wanderers,,,,,19.0,0.0,0.0,1659.0,19.0,5.0,1.0,1566.0,8.0,0.0,0.0,607.0,12.0,0.0,0.0,821.0,,,,,Premier League
Matt Doherty,27,186.0,W,right,Wolverhampton Wanderers,36.0,0.0,5.0,2717.0,38.0,2.0,5.0,2885.0,47.0,5.0,7.0,4000.0,47.0,4.0,5.0,4166.0,45.0,8.0,10.0,3723.0,4.0,1.0,0.0,274.0,Premier League
Phil Ofosu-Ayeh,27,181.0,W,right,Wolverhampton Wanderers,35.0,1.0,2.0,2993.0,23.0,0.0,2.0,1872.0,18.0,1.0,2.0,1439.0,5.0,0.0,0.0,367.0,11.0,1.0,2.0,701.0,,,,,Premier League
Rúben Neves,22,180.0,W,right,Wolverhampton Wanderers,37.0,1.0,1.0,1793.0,38.0,2.0,2.0,2273.0,18.0,1.0,0.0,909.0,42.0,6.0,1.0,3622.0,40.0,5.0,4.0,3374.0,8.0,2.0,0.0,490.0,Premier League
Leander Dendoncker,24,188.0,W,right,Wolverhampton Wanderers,38.0,2.0,0.0,2478.0,30.0,2.0,1.0,2516.0,57.0,6.0,0.0,5137.0,44.0,1.0,3.0,3776.0,26.0,2.0,0.0,2098.0,10.0,1.0,0.0,789.0,Premier League
Romain Saïss,29,188.0,W,right,Wolverhampton Wanderers,35.0,2.0,2.0,2892.0,37.0,2.0,2.0,3277.0,25.0,0.0,1.0,1735.0,44.0,4.0,1.0,3423.0,26.0,2.0,0.0,1804.0,8.0,1.0,0.0,456.0,Premier League
João Moutinho,32,170.0,W,right,Wolverhampton Wanderers,52.0,5.0,8.0,4473.0,37.0,1.0,8.0,3076.0,52.0,3.0,8.0,3236.0,44.0,1.0,7.0,3571.0,44.0,1.0,8.0,3444.0,10.0,0.0,5.0,772.0,Premier League
Morgan Gibbs-White,19,171.0,W,right,Wolverhampton Wanderers,,,,,,,,,22.0,2.0,4.0,1456.0,17.0,0.0,1.0,498.0,31.0,0.0,1.0,1028.0,4.0,1.0,0.0,275.0,Premier League
Bruno Jordão,20,180.0,W,right,Wolverhampton Wanderers,,,,,,,,,19.0,2.0,1.0,1168.0,7.0,0.0,0.0,630.0,3.0,0.0,0.0,87.0,3.0,0.0,0.0,207.0,Premier League
Ming-Yang Yang,24,172.0,W,right,Wolverhampton Wanderers,28.0,0.0,1.0,1829.0,34.0,1.0,1.0,2282.0,18.0,0.0,0.0,1285.0,8.0,0.0,1.0,611.0,30.0,0.0,0.0,2033.0,,,,,Premier League
Diogo Jota,22,178.0,W,right,Wolverhampton Wanderers,12.0,4.0,4.0,754.0,35.0,14.0,10.0,3029.0,38.0,9.0,7.0,2056.0,46.0,18.0,6.0,3672.0,37.0,10.0,7.0,2630.0,10.0,3.0,5.0,663.0,Premier League
Jordan Graham,24,182.0,W,right,Wolverhampton Wanderers,11.0,4.0,2.0,885.0,22.0,3.0,7.0,1680.0,4.0,0.0,1.0,208.0,11.0,3.0,5.0,669.0,23.0,1.0,1.0,1628.0,,,,,Premier League
Adama Traoré,23,178.0,W,right,Wolverhampton Wanderers,39.0,4.0,14.0,2892.0,18.0,1.0,2.0,777.0,32.0,0.0,1.0,1806.0,40.0,5.0,12.0,2775.0,36.0,1.0,3.0,1255.0,8.0,0.0,3.0,572.0,Premier League
Pedro Neto,19,172.0,W,left,Wolverhampton Wanderers,,,,,,,,,3.0,1.0,0.0,80.0,11.0,1.0,1.0,906.0,5.0,0.0,0.0,85.0,6.0,1.0,1.0,126.0,Premier League
RaÃºl JimÃ©nez,28,188.0,CF,right,Wolverhampton Wanderers,32.0,5.0,4.0,1095.0,45.0,12.0,5.0,1715.0,32.0,11.0,3.0,1182.0,43.0,8.0,7.0,1452.0,44.0,17.0,8.0,3550.0,10.0,8.0,1.0,703.0,Premier League
Patrick Cutrone,21,183.0,CF,right,Wolverhampton Wanderers,21.0,12.0,0.0,1502.0,25.0,14.0,3.0,2130.0,25.0,21.0,3.0,2130.0,46.0,18.0,5.0,2681.0,43.0,9.0,2.0,1910.0,7.0,0.0,3.0,204.0,Premier League
Jamaal Lascelles,25,188.0,W,right,Newcastle United,27.0,1.0,0.0,1972.0,24.0,2.0,0.0,1639.0,47.0,3.0,2.0,3978.0,35.0,3.0,0.0,3048.0,34.0,0.0,1.0,2846.0,4.0,0.0,0.0,352.0,Premier League
Fabian Schär,27,186.0,W,right,Newcastle United,41.0,1.0,4.0,3480.0,25.0,1.0,0.0,1787.0,7.0,0.0,1.0,402.0,27.0,2.0,2.0,2401.0,28.0,4.0,1.0,2311.0,5.0,1.0,0.0,445.0,Premier League
Florian Lejeune,28,190.0,W,right,Newcastle United,40.0,5.0,0.0,3504.0,41.0,3.0,2.0,3564.0,37.0,1.0,1.0,3194.0,24.0,0.0,2.0,2104.0,14.0,0.0,0.0,1190.0,,,,,Premier League
Federico Fernández,30,190.0,W,right,Newcastle United,32.0,0.0,0.0,2825.0,32.0,1.0,1.0,2880.0,30.0,0.0,2.0,2654.0,34.0,1.0,1.0,2933.0,23.0,0.0,1.0,1842.0,3.0,0.0,0.0,103.0,Premier League
Ciaran Clark,29,188.0,W,left,Newcastle United,29.0,1.0,2.0,2352.0,23.0,2.0,0.0,1890.0,36.0,3.0,2.0,3244.0,22.0,2.0,1.0,1925.0,14.0,3.0,0.0,1082.0,1.0,0.0,0.0,90.0,Premier League
Paul Dummett,27,183.0,W,left,Newcastle United,29.0,1.0,0.0,2499.0,24.0,1.0,0.0,1986.0,46.0,0.0,0.0,4013.0,22.0,0.0,0.0,1755.0,26.0,0.0,0.0,1986.0,5.0,0.0,0.0,372.0,Premier League
Jetro Willems,25,169.0,W,left,Newcastle United,42.0,4.0,16.0,3454.0,19.0,2.0,4.0,1279.0,32.0,2.0,3.0,2543.0,29.0,0.0,5.0,2092.0,36.0,0.0,2.0,1370.0,3.0,0.0,1.0,204.0,Premier League
DeAndre Yedlin,26,173.0,W,right,Newcastle United,4.0,0.0,0.0,234.0,25.0,0.0,2.0,1992.0,32.0,1.0,6.0,2277.0,34.0,0.0,2.0,2842.0,29.0,1.0,2.0,2475.0,,,,,Premier League
Javier Manquillo,25,178.0,W,right,Newcastle United,19.0,0.0,2.0,1514.0,43.0,0.0,3.0,3716.0,22.0,1.0,0.0,1607.0,23.0,0.0,1.0,1926.0,21.0,0.0,3.0,1396.0,3.0,0.0,0.0,142.0,Premier League
Emil Krafth,25,184.0,W,right,Newcastle United,12.0,1.0,1.0,1071.0,5.0,0.0,0.0,236.0,29.0,1.0,1.0,1951.0,12.0,0.0,0.0,946.0,36.0,1.0,1.0,3062.0,4.0,0.0,0.0,308.0,Premier League
Jamie Sterry,23,180.0,W,right,Newcastle United,12.0,0.0,1.0,1022.0,10.0,1.0,2.0,701.0,24.0,1.0,1.0,1908.0,22.0,1.0,1.0,1829.0,13.0,0.0,1.0,1185.0,3.0,1.0,0.0,270.0,Premier League
Isaac Hayden,24,186.0,W,right,Newcastle United,7.0,0.0,2.0,567.0,24.0,1.0,1.0,1375.0,38.0,2.0,4.0,2663.0,29.0,1.0,0.0,1563.0,28.0,1.0,4.0,2072.0,5.0,0.0,1.0,450.0,Premier League
Sung-yong Ki,30,190.0,W,right,Newcastle United,34.0,8.0,1.0,2710.0,30.0,2.0,1.0,2020.0,26.0,0.0,1.0,1547.0,32.0,2.0,3.0,2302.0,19.0,0.0,1.0,1392.0,1.0,0.0,0.0,74.0,Premier League
Jack Colback,29,177.0,W,left,Newcastle United,38.0,4.0,7.0,3429.0,30.0,1.0,1.0,2414.0,34.0,0.0,2.0,2288.0,19.0,1.0,0.0,1696.0,39.0,3.0,2.0,3477.0,,,,,Premier League
Jonjo Shelvey,27,184.0,W,right,Newcastle United,35.0,3.0,6.0,2770.0,34.0,1.0,7.0,2400.0,47.0,5.0,12.0,3817.0,33.0,2.0,3.0,2518.0,18.0,2.0,1.0,1039.0,3.0,1.0,0.0,234.0,Premier League
Sean Longstaff,21,181.0,W,right,Newcastle United,5.0,0.0,0.0,327.0,19.0,2.0,1.0,1454.0,28.0,9.0,3.0,2418.0,45.0,9.0,6.0,3435.0,26.0,3.0,6.0,2237.0,4.0,0.0,1.0,263.0,Premier League
Matt Ritchie,29,173.0,W,left,Newcastle United,51.0,15.0,18.0,3851.0,42.0,4.0,6.0,3185.0,48.0,16.0,10.0,3913.0,38.0,3.0,6.0,3035.0,39.0,3.0,9.0,3212.0,4.0,0.0,0.0,315.0,Premier League
Miguel Almirón,25,174.0,W,left,Newcastle United,14.0,1.0,2.0,862.0,15.0,3.0,1.0,1058.0,44.0,9.0,9.0,3564.0,38.0,13.0,13.0,3248.0,10.0,0.0,0.0,763.0,4.0,0.0,0.0,360.0,Premier League
Henri Saivet,28,175.0,W,right,Newcastle United,16.0,0.0,0.0,786.0,32.0,4.0,1.0,2503.0,35.0,1.0,3.0,2374.0,19.0,1.0,2.0,1247.0,29.0,2.0,2.0,2088.0,,,,,Premier League
Christian Atsu,27,165.0,W,left,Newcastle United,13.0,0.0,2.0,365.0,14.0,2.0,1.0,543.0,35.0,5.0,3.0,1711.0,29.0,2.0,2.0,1789.0,32.0,1.0,0.0,1620.0,3.0,0.0,1.0,200.0,Premier League
Allan Saint-Maximin,22,173.0,W,right,Newcastle United,12.0,0.0,2.0,530.0,18.0,1.0,0.0,547.0,36.0,3.0,3.0,2842.0,40.0,5.0,9.0,2988.0,36.0,6.0,5.0,3046.0,2.0,0.0,0.0,40.0,Premier League
Joelinton,23,186.0,CF,right,Newcastle United,5.0,1.0,3.0,369.0,1.0,0.0,0.0,0.0,48.0,13.0,7.0,3404.0,31.0,8.0,2.0,1967.0,35.0,11.0,9.0,2647.0,4.0,1.0,0.0,335.0,Premier League
Dwight Gayle,28,177.0,CF,right,Newcastle United,29.0,10.0,2.0,1433.0,20.0,7.0,1.0,1024.0,34.0,23.0,4.0,2287.0,38.0,6.0,4.0,2173.0,41.0,24.0,8.0,2946.0,,,,,Premier League
Yoshinori Muto,27,178.0,CF,right,Newcastle United,21.0,12.0,2.0,1846.0,21.0,7.0,4.0,1516.0,21.0,6.0,2.0,1172.0,30.0,10.0,5.0,2066.0,18.0,1.0,0.0,593.0,4.0,1.0,0.0,123.0,Premier League
Andy Carroll,30,193.0,CF,left,Newcastle United,16.0,5.0,3.0,1236.0,32.0,9.0,2.0,1729.0,22.0,7.0,2.0,1580.0,18.0,3.0,1.0,859.0,14.0,1.0,0.0,568.0,,,,,Premier League
Christian Kabasele,28,187.0,W,right,Watford FC,35.0,2.0,1.0,3098.0,46.0,5.0,0.0,4170.0,18.0,3.0,0.0,976.0,31.0,2.0,0.0,2602.0,23.0,0.0,0.0,1711.0,2.0,0.0,1.0,180.0,Premier League
Craig Dawson,29,188.0,W,right,Watford FC,35.0,2.0,1.0,3161.0,43.0,4.0,2.0,3789.0,39.0,4.0,1.0,3488.0,32.0,2.0,1.0,2869.0,45.0,3.0,3.0,3831.0,4.0,0.0,0.0,360.0,Premier League
Craig Cathcart,30,189.0,W,right,Watford FC,30.0,3.0,1.0,2619.0,40.0,1.0,0.0,3483.0,16.0,0.0,1.0,1177.0,7.0,0.0,0.0,495.0,41.0,3.0,1.0,3578.0,4.0,0.0,0.0,360.0,Premier League
Sebastian Prödl,32,194.0,W,right,Watford FC,24.0,3.0,1.0,1922.0,24.0,2.0,0.0,2046.0,34.0,1.0,2.0,2846.0,22.0,0.0,0.0,1658.0,2.0,0.0,0.0,103.0,0.0,0.0,0.0,0.0,Premier League
Adrian Mariappa,32,179.0,W,right,Watford FC,16.0,0.0,0.0,1076.0,7.0,0.0,0.0,581.0,8.0,0.0,0.0,651.0,30.0,1.0,0.0,2388.0,32.0,0.0,1.0,2417.0,1.0,0.0,0.0,90.0,Premier League
Adam Masina,25,191.0,W,left,Watford FC,32.0,2.0,1.0,2370.0,34.0,2.0,4.0,2715.0,34.0,1.0,1.0,2638.0,35.0,0.0,1.0,2885.0,20.0,0.0,3.0,1429.0,0.0,0.0,0.0,0.0,Premier League
Marvin Zeegelaar,29,186.0,W,left,Watford FC,37.0,1.0,3.0,2399.0,28.0,4.0,4.0,2303.0,26.0,0.0,3.0,2036.0,13.0,0.0,2.0,1085.0,12.0,0.0,0.0,955.0,,,,,Premier League
José Holebas,35,184.0,W,left,Watford FC,34.0,1.0,1.0,2787.0,13.0,1.0,0.0,1125.0,33.0,2.0,4.0,2910.0,31.0,0.0,4.0,2580.0,32.0,3.0,6.0,2717.0,3.0,0.0,0.0,270.0,Premier League
Daryl Janmaat,30,185.0,W,right,Watford FC,40.0,1.0,6.0,3457.0,35.0,3.0,4.0,2980.0,30.0,2.0,1.0,1809.0,25.0,3.0,0.0,1986.0,22.0,0.0,2.0,1803.0,2.0,1.0,0.0,180.0,Premier League
Kiko Femenía,28,171.0,W,right,Watford FC,17.0,0.0,1.0,1002.0,40.0,5.0,1.0,2901.0,37.0,0.0,2.0,2986.0,23.0,1.0,0.0,1716.0,34.0,1.0,2.0,2491.0,4.0,0.0,0.0,360.0,Premier League
Dimitri Foulquier,26,183.0,W,right,Watford FC,27.0,0.0,1.0,1865.0,24.0,1.0,1.0,1651.0,22.0,0.0,2.0,1868.0,19.0,0.0,2.0,1563.0,29.0,3.0,3.0,2093.0,1.0,0.0,0.0,90.0,Premier League
Étienne Capoue,31,189.0,W,right,Watford FC,19.0,1.0,2.0,1284.0,36.0,0.0,1.0,3017.0,39.0,7.0,1.0,3357.0,26.0,3.0,0.0,1755.0,39.0,4.0,3.0,3352.0,3.0,0.0,0.0,263.0,Premier League
Nathaniel Chalobah,24,185.0,W,right,Watford FC,25.0,1.0,2.0,1801.0,9.0,1.0,0.0,231.0,15.0,0.0,1.0,532.0,6.0,0.0,0.0,448.0,13.0,0.0,0.0,614.0,2.0,0.0,0.0,109.0,Premier League
Abdoulaye Doucouré,26,183.0,W,right,Watford FC,41.0,5.0,6.0,3228.0,35.0,3.0,4.0,2423.0,23.0,1.0,0.0,1658.0,39.0,7.0,4.0,3496.0,40.0,5.0,6.0,3386.0,4.0,0.0,0.0,341.0,Premier League
Will Hughes,24,185.0,W,left,Watford FC,48.0,3.0,6.0,3620.0,10.0,0.0,0.0,625.0,42.0,2.0,4.0,2949.0,16.0,2.0,4.0,1064.0,40.0,3.0,5.0,2938.0,4.0,1.0,1.0,302.0,Premier League
Tom Cleverley,30,175.0,W,right,Watford FC,38.0,3.0,0.0,3098.0,30.0,2.0,6.0,2319.0,29.0,0.0,3.0,1958.0,25.0,1.0,3.0,2008.0,17.0,1.0,1.0,662.0,3.0,0.0,0.0,187.0,Premier League
Domingos Quina,19,173.0,W,right,Watford FC,,,,,,,,,16.0,1.0,1.0,1191.0,22.0,2.0,1.0,1570.0,13.0,2.0,1.0,723.0,2.0,0.0,0.0,94.0,Premier League
Tom Dele-Bashiru,19,179.0,W,,Watford FC,,,,,2.0,0.0,0.0,20.0,25.0,6.0,8.0,1667.0,30.0,0.0,4.0,2165.0,20.0,1.0,3.0,1268.0,1.0,0.0,0.0,18.0,Premier League
Roberto Pereyra,28,182.0,W,both,Watford FC,52.0,6.0,4.0,2952.0,16.0,0.0,1.0,855.0,13.0,2.0,3.0,1039.0,34.0,5.0,4.0,1725.0,36.0,6.0,3.0,3100.0,4.0,0.0,0.0,288.0,Premier League
Isaac Success,23,182.0,W,right,Watford FC,38.0,7.0,4.0,2273.0,33.0,6.0,5.0,2603.0,19.0,1.0,1.0,503.0,10.0,0.0,2.0,541.0,35.0,4.0,1.0,1402.0,3.0,0.0,2.0,124.0,Premier League
Ismaïla Sarr,21,185.0,W,right,Watford FC,,,,,,,,,33.0,5.0,5.0,2113.0,27.0,5.0,5.0,1976.0,50.0,13.0,11.0,4152.0,2.0,1.0,0.0,88.0,Premier League
Gerard Deulofeu,25,177.0,W,right,Watford FC,28.0,3.0,10.0,1329.0,33.0,4.0,13.0,1835.0,31.0,4.0,3.0,2041.0,24.0,3.0,3.0,1330.0,33.0,12.0,5.0,2283.0,4.0,0.0,0.0,206.0,Premier League
Andre Gray,28,178.0,CF,right,Watford FC,50.0,18.0,8.0,3808.0,44.0,25.0,10.0,3625.0,36.0,10.0,3.0,2495.0,33.0,5.0,3.0,1605.0,34.0,9.0,3.0,1656.0,4.0,1.0,0.0,254.0,Premier League
Danny Welbeck,28,185.0,CF,right,Watford FC,37.0,8.0,6.0,2517.0,16.0,5.0,2.0,818.0,22.0,5.0,4.0,1094.0,43.0,10.0,2.0,2325.0,14.0,5.0,1.0,604.0,3.0,0.0,0.0,129.0,Premier League
Troy Deeney,31,184.0,CF,right,Watford FC,43.0,21.0,10.0,3513.0,43.0,15.0,10.0,3723.0,40.0,10.0,5.0,3164.0,31.0,6.0,3.0,2019.0,37.0,11.0,5.0,2956.0,2.0,0.0,0.0,180.0,Premier League
Filip Stuparevic,19,184.0,CF,left,Watford FC,,,,,,,,,9.0,0.0,1.0,121.0,30.0,2.0,2.0,1473.0,31.0,8.0,3.0,1852.0,,,,,Premier League
Jannik Vestergaard,27,199.0,W,both,Southampton FC,23.0,3.0,0.0,1617.0,38.0,3.0,0.0,3450.0,49.0,4.0,1.0,3843.0,34.0,3.0,0.0,3060.0,26.0,0.0,0.0,2330.0,4.0,1.0,0.0,360.0,Premier League
Jan Bednarek,23,189.0,W,right,Southampton FC,4.0,0.0,0.0,245.0,18.0,0.0,0.0,1270.0,34.0,1.0,1.0,3035.0,15.0,1.0,1.0,1223.0,27.0,0.0,1.0,2330.0,5.0,0.0,0.0,420.0,Premier League
Jack Stephens,25,185.0,W,right,Southampton FC,43.0,1.0,5.0,3795.0,24.0,0.0,0.0,1922.0,28.0,2.0,1.0,2459.0,30.0,3.0,0.0,2700.0,29.0,1.0,1.0,2175.0,1.0,0.0,0.0,73.0,Premier League
Kevin Danso,20,190.0,W,right,Southampton FC,3.0,0.0,0.0,128.0,4.0,1.0,0.0,243.0,22.0,6.0,3.0,1885.0,19.0,2.0,1.0,1376.0,21.0,1.0,1.0,1453.0,3.0,0.0,1.0,253.0,Premier League
Maya Yoshida,31,189.0,W,right,Southampton FC,23.0,1.0,1.0,1779.0,27.0,2.0,0.0,1519.0,37.0,2.0,1.0,3330.0,28.0,2.0,1.0,2344.0,20.0,0.0,1.0,1790.0,3.0,0.0,0.0,133.0,Premier League
Ryan Bertrand,30,179.0,W,left,Southampton FC,40.0,2.0,4.0,3465.0,35.0,1.0,5.0,3050.0,34.0,3.0,5.0,3048.0,40.0,0.0,4.0,3537.0,24.0,1.0,0.0,2160.0,2.0,0.0,0.0,167.0,Premier League
Sam McQueen,24,181.0,W,left,Southampton FC,16.0,0.0,3.0,1230.0,26.0,6.0,3.0,1210.0,32.0,2.0,2.0,2318.0,16.0,6.0,0.0,952.0,8.0,0.0,1.0,344.0,,,,,Premier League
Cédric Soares,28,171.0,W,right,Southampton FC,35.0,0.0,3.0,2870.0,27.0,0.0,2.0,2214.0,34.0,0.0,3.0,2880.0,36.0,1.0,3.0,3157.0,31.0,1.0,4.0,2349.0,2.0,0.0,0.0,180.0,Premier League
Yan Valery,20,180.0,W,right,Southampton FC,,,,,3.0,0.0,0.0,104.0,23.0,1.0,1.0,1885.0,13.0,0.0,2.0,1067.0,37.0,2.0,2.0,2974.0,3.0,0.0,0.0,234.0,Premier League
Oriol Romeu,27,183.0,W,right,Southampton FC,28.0,0.0,0.0,1888.0,35.0,2.0,1.0,2067.0,46.0,1.0,1.0,3866.0,40.0,1.0,0.0,3276.0,33.0,1.0,0.0,2328.0,5.0,0.0,0.0,424.0,Premier League
James Ward-Prowse,24,177.0,W,right,Southampton FC,32.0,1.0,8.0,2106.0,40.0,3.0,8.0,2017.0,43.0,4.0,5.0,2859.0,35.0,5.0,4.0,2164.0,29.0,7.0,0.0,2242.0,5.0,0.0,0.0,450.0,Premier League
Pierre-Emile Höjbjerg,24,185.0,W,right,Southampton FC,29.0,2.0,3.0,1551.0,31.0,0.0,2.0,1690.0,37.0,0.0,1.0,2247.0,32.0,1.0,0.0,2432.0,33.0,4.0,4.0,2944.0,5.0,0.0,0.0,377.0,Premier League
Stuart Armstrong,27,183.0,W,right,Southampton FC,41.0,8.0,11.0,3020.0,39.0,4.0,8.0,2267.0,47.0,17.0,7.0,3415.0,41.0,5.0,6.0,2309.0,32.0,4.0,2.0,1675.0,3.0,0.0,0.0,47.0,Premier League
Nathan Redmond,25,173.0,W,right,Southampton FC,47.0,7.0,13.0,3332.0,37.0,6.0,2.0,2482.0,50.0,8.0,1.0,3648.0,36.0,1.0,4.0,2106.0,43.0,9.0,6.0,3629.0,4.0,1.0,1.0,346.0,Premier League
Moussa Djenepo,21,177.0,W,right,Southampton FC,,,,,,,,,,,,,22.0,1.0,1.0,175.0,39.0,11.0,6.0,2557.0,3.0,1.0,0.0,139.0,Premier League
Sofiane Boufal,25,175.0,W,right,Southampton FC,34.0,7.0,9.0,2320.0,35.0,12.0,4.0,2726.0,30.0,2.0,1.0,1380.0,30.0,2.0,2.0,1490.0,35.0,3.0,4.0,2098.0,4.0,0.0,1.0,188.0,Premier League
Danny Ings,27,178.0,CF,right,Southampton FC,37.0,11.0,4.0,3122.0,9.0,3.0,0.0,537.0,6.0,4.0,0.0,409.0,23.0,2.0,2.0,1052.0,25.0,8.0,3.0,1756.0,5.0,1.0,1.0,275.0,Premier League
Shane Long,32,180.0,CF,both,Southampton FC,41.0,7.0,7.0,2179.0,34.0,13.0,6.0,2374.0,45.0,5.0,4.0,2071.0,35.0,2.0,2.0,1839.0,28.0,5.0,3.0,1431.0,2.0,0.0,0.0,42.0,Premier League
Che Adams,23,179.0,CF,right,Southampton FC,13.0,3.0,0.0,528.0,41.0,12.0,5.0,2876.0,43.0,7.0,6.0,2820.0,33.0,9.0,2.0,1800.0,48.0,22.0,5.0,3854.0,4.0,0.0,0.0,283.0,Premier League
Michael Obafemi,19,170.0,CF,right,Southampton FC,,,,,,,,,17.0,3.0,1.0,920.0,28.0,15.0,4.0,2223.0,16.0,6.0,2.0,1017.0,2.0,1.0,0.0,92.0,Premier League
Mamadou Sakho,29,187.0,W,left,Crystal Palace,28.0,0.0,0.0,2342.0,34.0,2.0,0.0,2823.0,14.0,1.0,0.0,1227.0,20.0,1.0,2.0,1690.0,27.0,0.0,0.0,2417.0,1.0,0.0,0.0,10.0,Premier League
James Tomkins,30,192.0,W,right,Crystal Palace,25.0,1.0,4.0,2152.0,32.0,3.0,0.0,2523.0,27.0,3.0,0.0,2184.0,30.0,3.0,0.0,2568.0,30.0,1.0,1.0,2653.0,,,,,Premier League
Gary Cahill,33,193.0,W,right,Crystal Palace,48.0,3.0,2.0,4123.0,37.0,4.0,0.0,3155.0,43.0,8.0,0.0,3835.0,43.0,0.0,1.0,3391.0,8.0,0.0,0.0,592.0,3.0,0.0,0.0,224.0,Premier League
Jairo Riedewald,22,182.0,W,left,Crystal Palace,37.0,2.0,0.0,2281.0,33.0,0.0,1.0,2752.0,32.0,1.0,3.0,2417.0,15.0,0.0,0.0,694.0,4.0,0.0,1.0,270.0,1.0,0.0,0.0,90.0,Premier League
Scott Dann,32,194.0,W,right,Crystal Palace,37.0,4.0,3.0,3192.0,42.0,5.0,1.0,3810.0,25.0,4.0,1.0,1852.0,18.0,1.0,0.0,1480.0,13.0,0.0,1.0,930.0,3.0,0.0,0.0,270.0,Premier League
Martin Kelly,29,191.0,W,right,Crystal Palace,34.0,0.0,1.0,2741.0,17.0,1.0,0.0,1462.0,34.0,0.0,2.0,2559.0,19.0,0.0,0.0,1554.0,20.0,0.0,0.0,1712.0,5.0,0.0,0.0,395.0,Premier League
Patrick van Aanholt,29,176.0,W,left,Crystal Palace,33.0,1.0,5.0,2710.0,37.0,5.0,3.0,3330.0,37.0,5.0,1.0,2947.0,32.0,5.0,1.0,2504.0,39.0,4.0,2.0,3457.0,4.0,1.0,0.0,360.0,Premier League
Joel Ward,29,186.0,W,right,Crystal Palace,40.0,1.0,1.0,3600.0,38.0,3.0,2.0,3312.0,42.0,0.0,1.0,3778.0,20.0,0.0,1.0,1706.0,12.0,1.0,0.0,939.0,4.0,0.0,0.0,360.0,Premier League
Luka Milivojevic,28,186.0,W,right,Crystal Palace,41.0,6.0,4.0,3148.0,31.0,3.0,1.0,2796.0,40.0,8.0,2.0,3505.0,37.0,10.0,1.0,3171.0,42.0,12.0,3.0,3636.0,4.0,0.0,0.0,360.0,Premier League
Cheikhou KouyatÃ©,29,189.0,W,right,Crystal Palace,32.0,4.0,3.0,2752.0,42.0,5.0,4.0,3631.0,36.0,4.0,0.0,3167.0,37.0,2.0,3.0,3089.0,37.0,0.0,3.0,2341.0,2.0,0.0,0.0,173.0,Premier League
Víctor Camarasa,25,183.0,W,right,Crystal Palace,28.0,2.0,1.0,2074.0,34.0,2.0,3.0,2113.0,37.0,3.0,2.0,2804.0,26.0,1.0,0.0,1360.0,33.0,5.0,4.0,2650.0,1.0,0.0,0.0,90.0,Premier League
James McArthur,31,178.0,W,both,Crystal Palace,38.0,3.0,3.0,3147.0,31.0,2.0,2.0,2402.0,31.0,5.0,3.0,2095.0,35.0,7.0,1.0,2614.0,40.0,3.0,6.0,3166.0,4.0,0.0,0.0,344.0,Premier League
James McCarthy,28,180.0,W,right,Crystal Palace,37.0,2.0,3.0,2936.0,37.0,2.0,2.0,3045.0,13.0,1.0,2.0,678.0,6.0,0.0,0.0,356.0,2.0,0.0,0.0,104.0,4.0,0.0,0.0,137.0,Premier League
Jeffrey Schlupp,26,178.0,W,left,Crystal Palace,35.0,4.0,4.0,2739.0,26.0,1.0,3.0,1456.0,27.0,1.0,1.0,1661.0,27.0,0.0,2.0,1896.0,37.0,5.0,3.0,2267.0,4.0,0.0,2.0,214.0,Premier League
Max Meyer,23,173.0,W,right,Crystal Palace,37.0,6.0,2.0,2243.0,41.0,6.0,10.0,2762.0,39.0,2.0,5.0,2435.0,28.0,1.0,1.0,1994.0,36.0,2.0,3.0,2032.0,3.0,0.0,0.0,203.0,Premier League
Wilfried Zaha,26,180.0,W,right,Crystal Palace,35.0,4.0,4.0,2300.0,43.0,5.0,7.0,3362.0,37.0,7.0,11.0,3131.0,29.0,9.0,5.0,2550.0,36.0,10.0,10.0,3223.0,5.0,0.0,0.0,322.0,Premier League
Andros Townsend,28,181.0,W,left,Crystal Palace,35.0,6.0,6.0,2017.0,27.0,7.0,6.0,1992.0,40.0,3.0,7.0,2820.0,39.0,2.0,9.0,3297.0,45.0,9.0,6.0,3569.0,5.0,0.0,0.0,246.0,Premier League
Christian Benteke,28,190.0,CF,right,Crystal Palace,35.0,16.0,3.0,2893.0,42.0,10.0,6.0,2232.0,40.0,17.0,2.0,3279.0,31.0,3.0,6.0,2234.0,19.0,1.0,1.0,854.0,5.0,0.0,0.0,281.0,Premier League
Jordan Ayew,27,182.0,CF,right,Crystal Palace,33.0,13.0,7.0,2716.0,36.0,7.0,1.0,2695.0,36.0,4.0,7.0,2482.0,44.0,11.0,3.0,3278.0,25.0,2.0,2.0,1340.0,4.0,2.0,0.0,244.0,Premier League
Connor Wickham,26,189.0,CF,right,Crystal Palace,40.0,6.0,1.0,2974.0,24.0,6.0,3.0,1586.0,10.0,3.0,0.0,545.0,,,,,8.0,1.0,1.0,159.0,4.0,0.0,0.0,86.0,Premier League
James Tarkowski,26,185.0,W,right,Burnley FC,38.0,1.0,2.0,3382.0,27.0,1.0,3.0,2210.0,24.0,0.0,0.0,1033.0,33.0,0.0,0.0,3000.0,42.0,3.0,1.0,3595.0,4.0,0.0,0.0,360.0,Premier League
Ben Mee,29,180.0,W,left,Burnley FC,35.0,2.0,1.0,3068.0,49.0,2.0,1.0,4398.0,35.0,1.0,1.0,3105.0,30.0,0.0,0.0,2700.0,43.0,0.0,2.0,3900.0,4.0,0.0,0.0,360.0,Premier League
Ben Gibson,26,185.0,W,left,Burnley FC,41.0,0.0,1.0,3398.0,36.0,1.0,0.0,3163.0,41.0,1.0,1.0,3720.0,51.0,1.0,3.0,4545.0,5.0,1.0,0.0,423.0,1.0,0.0,0.0,90.0,Premier League
Kevin Long,29,188.0,W,right,Burnley FC,2.0,0.0,0.0,110.0,15.0,2.0,0.0,1373.0,4.0,0.0,0.0,390.0,19.0,1.0,3.0,1740.0,12.0,1.0,1.0,1113.0,1.0,0.0,0.0,90.0,Premier League
Charlie Taylor,25,176.0,W,left,Burnley FC,25.0,2.0,1.0,2128.0,43.0,1.0,7.0,3900.0,32.0,0.0,4.0,2679.0,14.0,0.0,0.0,1249.0,45.0,0.0,2.0,3839.0,1.0,0.0,0.0,90.0,Premier League
Erik Pieters,31,183.0,W,left,Burnley FC,32.0,0.0,2.0,2652.0,41.0,0.0,1.0,3697.0,39.0,0.0,1.0,3346.0,32.0,0.0,3.0,2790.0,38.0,3.0,3.0,3275.0,4.0,0.0,2.0,360.0,Premier League
Matthew Lowton,30,180.0,W,right,Burnley FC,14.0,0.0,1.0,888.0,27.0,1.0,3.0,2268.0,36.0,0.0,2.0,3240.0,27.0,0.0,3.0,2384.0,24.0,0.0,0.0,2078.0,5.0,0.0,0.0,372.0,Premier League
Phil Bardsley,34,180.0,W,right,Burnley FC,30.0,0.0,2.0,2532.0,17.0,1.0,2.0,1341.0,17.0,1.0,0.0,1350.0,15.0,0.0,0.0,1335.0,23.0,0.0,0.0,2092.0,1.0,0.0,0.0,78.0,Premier League
Jack Cork,30,185.0,W,right,Burnley FC,31.0,4.0,1.0,1949.0,36.0,1.0,3.0,2632.0,33.0,0.0,0.0,2468.0,41.0,3.0,2.0,3608.0,45.0,3.0,2.0,3812.0,4.0,0.0,0.0,360.0,Premier League
Ashley Westwood,29,174.0,W,right,Burnley FC,34.0,0.0,1.0,2675.0,37.0,2.0,3.0,3124.0,33.0,0.0,0.0,2223.0,22.0,0.0,1.0,1406.0,41.0,2.0,8.0,3382.0,4.0,0.0,0.0,360.0,Premier League
Jeff Hendrick,27,185.0,W,right,Burnley FC,47.0,9.0,8.0,3518.0,35.0,2.0,3.0,2217.0,38.0,2.0,1.0,2933.0,36.0,2.0,2.0,2519.0,41.0,3.0,2.0,2735.0,2.0,0.0,0.0,94.0,Premier League
Danny Drinkwater,29,177.0,W,right,Burnley FC,26.0,1.0,1.0,1757.0,37.0,3.0,8.0,3139.0,43.0,1.0,3.0,3772.0,22.0,1.0,0.0,1151.0,1.0,0.0,0.0,30.0,1.0,0.0,0.0,90.0,Premier League
Robbie Brady,27,176.0,W,left,Burnley FC,32.0,3.0,4.0,2154.0,36.0,3.0,2.0,2987.0,40.0,5.0,8.0,2865.0,17.0,3.0,3.0,1405.0,17.0,0.0,1.0,760.0,,,,,Premier League
Dwight McNeil,19,183.0,W,left,Burnley FC,,,,,,,,,,,,,1.0,0.0,0.0,0.0,26.0,3.0,5.0,2006.0,5.0,0.0,1.0,440.0,Premier League
Johann Berg Gudmundsson,28,186.0,W,left,Burnley FC,44.0,11.0,4.0,3454.0,42.0,6.0,13.0,3416.0,24.0,1.0,3.0,1297.0,38.0,2.0,8.0,3047.0,36.0,3.0,7.0,2279.0,3.0,1.0,0.0,228.0,Premier League
Aaron Lennon,32,165.0,W,right,Burnley FC,31.0,2.0,3.0,1810.0,31.0,6.0,2.0,2086.0,13.0,1.0,1.0,667.0,33.0,0.0,4.0,2113.0,22.0,1.0,1.0,1563.0,5.0,0.0,0.0,207.0,Premier League
Chris Wood,27,191.0,CF,right,Burnley FC,18.0,2.0,0.0,585.0,37.0,13.0,4.0,2936.0,48.0,30.0,4.0,3847.0,29.0,12.0,2.0,1999.0,46.0,13.0,3.0,2970.0,5.0,0.0,0.0,352.0,Premier League
Ashley Barnes,29,186.0,CF,right,Burnley FC,37.0,5.0,2.0,2576.0,8.0,0.0,0.0,192.0,31.0,6.0,3.0,1831.0,39.0,10.0,0.0,2457.0,43.0,13.0,2.0,2832.0,4.0,4.0,0.0,325.0,Premier League
Jay Rodríguez,30,185.0,CF,right,Burnley FC,,,,,18.0,6.0,1.0,742.0,35.0,6.0,3.0,1426.0,42.0,11.0,2.0,3207.0,48.0,22.0,6.0,4180.0,5.0,1.0,0.0,154.0,Premier League
Matej Vydra,27,180.0,CF,right,Burnley FC,45.0,16.0,6.0,2706.0,37.0,9.0,3.0,2523.0,38.0,5.0,1.0,1977.0,44.0,22.0,4.0,2878.0,17.0,2.0,2.0,559.0,1.0,0.0,1.0,90.0,Premier League
Shane Duffy,27,193.0,W,right,Brighton & Hove Albion,22.0,1.0,1.0,1890.0,42.0,4.0,3.0,3701.0,36.0,4.0,0.0,3270.0,38.0,0.0,2.0,3384.0,40.0,5.0,3.0,3568.0,3.0,0.0,0.0,270.0,Premier League
Lewis Dunk,27,192.0,W,right,Brighton & Hove Albion,44.0,7.0,2.0,3916.0,41.0,4.0,1.0,3631.0,43.0,2.0,2.0,3742.0,39.0,1.0,1.0,3510.0,38.0,2.0,1.0,3393.0,4.0,0.0,1.0,360.0,Premier League
Adam Webster,24,190.0,W,right,Brighton & Hove Albion,18.0,1.0,0.0,1220.0,35.0,2.0,3.0,2783.0,24.0,1.0,1.0,1955.0,29.0,0.0,2.0,2331.0,47.0,3.0,0.0,3956.0,2.0,0.0,0.0,180.0,Premier League
Dan Burn,27,201.0,W,right,Brighton & Hove Albion,22.0,2.0,0.0,1980.0,35.0,0.0,2.0,2828.0,44.0,1.0,0.0,3728.0,53.0,6.0,2.0,4699.0,17.0,0.0,0.0,1545.0,4.0,0.0,0.0,360.0,Premier League
Leon Balogun,31,190.0,W,right,Brighton & Hove Albion,21.0,4.0,0.0,1681.0,23.0,1.0,0.0,1611.0,21.0,0.0,0.0,1317.0,15.0,0.0,0.0,1198.0,10.0,1.0,0.0,801.0,1.0,0.0,0.0,90.0,Premier League
Bernardo,24,186.0,W,left,Brighton & Hove Albion,,,,,17.0,0.0,1.0,1089.0,32.0,3.0,1.0,2820.0,27.0,1.0,1.0,1846.0,27.0,0.0,1.0,2260.0,3.0,0.0,0.0,157.0,Premier League
Gaëtan Bong,31,183.0,W,left,Brighton & Hove Albion,14.0,0.0,0.0,1260.0,19.0,0.0,2.0,1482.0,24.0,0.0,4.0,2160.0,28.0,0.0,0.0,2494.0,24.0,0.0,0.0,1939.0,1.0,0.0,0.0,90.0,Premier League
Martín Montoya,28,175.0,W,right,Brighton & Hove Albion,12.0,0.0,3.0,910.0,17.0,0.0,1.0,1513.0,31.0,2.0,3.0,2400.0,31.0,0.0,4.0,2722.0,29.0,0.0,1.0,2470.0,4.0,0.0,0.0,360.0,Premier League
Ezequiel Schelotto,30,187.0,W,right,Brighton & Hove Albion,29.0,0.0,0.0,2123.0,17.0,0.0,3.0,1284.0,26.0,0.0,5.0,2148.0,24.0,0.0,1.0,1690.0,4.0,0.0,0.0,143.0,,,,,Premier League
Tudor Baluta,20,191.0,W,right,Brighton & Hove Albion,,,,,3.0,1.0,1.0,140.0,7.0,0.0,0.0,626.0,27.0,0.0,0.0,1673.0,34.0,2.0,0.0,2950.0,1.0,0.0,0.0,60.0,Premier League
Yves Bissouma,23,182.0,W,right,Brighton & Hove Albion,,,,,,,,,27.0,1.0,1.0,1032.0,28.0,3.0,1.0,1858.0,34.0,1.0,1.0,2295.0,,,,,Premier League
Davy Pröpper,28,185.0,W,right,Brighton & Hove Albion,38.0,7.0,4.0,3296.0,44.0,12.0,11.0,3920.0,43.0,10.0,9.0,3675.0,42.0,0.0,4.0,3429.0,35.0,1.0,2.0,2847.0,4.0,0.0,1.0,360.0,Premier League
Aaron Mooy,28,179.0,W,right,Brighton & Hove Albion,27.0,7.0,4.0,2391.0,26.0,11.0,10.0,2283.0,51.0,4.0,10.0,4295.0,38.0,4.0,4.0,3207.0,30.0,3.0,1.0,2348.0,3.0,0.0,0.0,185.0,Premier League
Pascal Groß,28,181.0,W,right,Brighton & Hove Albion,35.0,7.0,23.0,3093.0,33.0,1.0,6.0,2923.0,35.0,5.0,6.0,2970.0,39.0,7.0,8.0,3039.0,27.0,3.0,3.0,1977.0,5.0,0.0,1.0,275.0,Premier League
Dale Stephens,29,185.0,W,right,Brighton & Hove Albion,17.0,2.0,0.0,1038.0,45.0,7.0,4.0,3970.0,39.0,2.0,3.0,3037.0,39.0,1.0,3.0,3391.0,35.0,1.0,1.0,2940.0,4.0,0.0,0.0,348.0,Premier League
Solly March,25,180.0,W,left,Brighton & Hove Albion,13.0,1.0,2.0,566.0,18.0,4.0,2.0,1322.0,34.0,4.0,4.0,1751.0,40.0,1.0,3.0,2105.0,37.0,2.0,6.0,2542.0,4.0,0.0,0.0,338.0,Premier League
Leandro Trossard,24,172.0,W,right,Brighton & Hove Albion,41.0,17.0,1.0,3376.0,31.0,9.0,7.0,2130.0,52.0,9.0,6.0,2800.0,19.0,8.0,4.0,1437.0,47.0,22.0,11.0,3769.0,3.0,1.0,0.0,249.0,Premier League
José Izquierdo,27,171.0,W,right,Brighton & Hove Albion,44.0,15.0,7.0,2763.0,37.0,7.0,9.0,2464.0,34.0,16.0,3.0,2572.0,38.0,5.0,4.0,2278.0,18.0,0.0,2.0,906.0,,,,,Premier League
Alireza Jahanbakhsh,26,180.0,W,right,Brighton & Hove Albion,31.0,13.0,18.0,2644.0,30.0,3.0,7.0,2113.0,43.0,12.0,10.0,3289.0,39.0,22.0,14.0,3314.0,25.0,0.0,0.0,1530.0,1.0,0.0,0.0,90.0,Premier League
Neal Maupay,23,173.0,CF,right,Brighton & Hove Albion,15.0,2.0,0.0,501.0,23.0,3.0,2.0,951.0,30.0,11.0,1.0,2243.0,46.0,13.0,5.0,2630.0,49.0,28.0,9.0,4023.0,4.0,1.0,0.0,190.0,Premier League
Glenn Murray,35,186.0,CF,right,Brighton & Hove Albion,38.0,15.0,4.0,2544.0,25.0,5.0,0.0,934.0,47.0,23.0,8.0,3627.0,38.0,14.0,0.0,2239.0,42.0,15.0,1.0,2726.0,5.0,1.0,0.0,267.0,Premier League
James Chester,30,177.0,W,right,Aston Villa,28.0,2.0,0.0,2307.0,19.0,0.0,0.0,1447.0,46.0,3.0,0.0,4140.0,50.0,3.0,1.0,4500.0,28.0,5.0,0.0,2484.0,,,,,Premier League
BjÃ¶rn Engels,24,194.0,W,right,Aston Villa,12.0,3.0,0.0,1080.0,21.0,2.0,3.0,1809.0,23.0,2.0,1.0,1762.0,29.0,3.0,1.0,2558.0,35.0,1.0,1.0,3180.0,4.0,0.0,0.0,360.0,Premier League
Tyrone Mings,26,195.0,W,left,Aston Villa,44.0,1.0,6.0,3782.0,2.0,0.0,0.0,101.0,9.0,0.0,0.0,700.0,5.0,0.0,0.0,291.0,25.0,2.0,0.0,1910.0,4.0,0.0,1.0,360.0,Premier League
Ezri Konsa,21,183.0,W,right,Aston Villa,,,,,0.0,0.0,0.0,0.0,39.0,0.0,0.0,3146.0,47.0,0.0,1.0,3706.0,47.0,1.0,0.0,4173.0,1.0,1.0,0.0,90.0,Premier League
Kortney Hause,24,191.0,W,left,Aston Villa,34.0,1.0,2.0,2721.0,28.0,0.0,0.0,2394.0,30.0,2.0,1.0,2615.0,6.0,1.0,0.0,517.0,14.0,1.0,0.0,1104.0,1.0,0.0,0.0,90.0,Premier League
Matt Targett,23,183.0,W,left,Aston Villa,19.0,0.0,1.0,1297.0,26.0,1.0,3.0,2113.0,9.0,0.0,0.0,706.0,30.0,2.0,3.0,2407.0,21.0,1.0,3.0,1526.0,1.0,0.0,0.0,43.0,Premier League
Neil Taylor,30,176.0,W,left,Aston Villa,36.0,0.0,3.0,3180.0,34.0,0.0,2.0,2947.0,29.0,0.0,1.0,2498.0,30.0,0.0,0.0,2424.0,37.0,0.0,3.0,3043.0,4.0,0.0,0.0,360.0,Premier League
Frédéric Guilbert,24,178.0,W,right,Aston Villa,3.0,0.0,0.0,170.0,40.0,0.0,1.0,3317.0,29.0,0.0,1.0,2458.0,42.0,1.0,3.0,3840.0,38.0,1.0,2.0,3291.0,3.0,1.0,0.0,227.0,Premier League
Ahmed Elmohamady,31,182.0,W,right,Aston Villa,43.0,3.0,6.0,3728.0,51.0,3.0,7.0,3765.0,37.0,0.0,2.0,2800.0,45.0,0.0,5.0,3340.0,42.0,2.0,8.0,3259.0,4.0,0.0,0.0,274.0,Premier League
Marvelous Nakamba,25,177.0,W,left,Aston Villa,26.0,1.0,0.0,1669.0,33.0,1.0,3.0,2870.0,36.0,2.0,1.0,3231.0,44.0,0.0,1.0,3476.0,23.0,0.0,0.0,1488.0,1.0,0.0,0.0,90.0,Premier League
John McGinn,24,178.0,W,left,Aston Villa,33.0,0.0,1.0,2891.0,52.0,4.0,9.0,4410.0,37.0,5.0,10.0,3147.0,43.0,6.0,8.0,3868.0,48.0,9.0,12.0,4204.0,4.0,1.0,1.0,360.0,Premier League
Conor Hourihane,28,181.0,W,left,Aston Villa,53.0,14.0,16.0,4630.0,53.0,11.0,19.0,4635.0,45.0,7.0,16.0,3803.0,46.0,11.0,2.0,3867.0,48.0,9.0,12.0,3496.0,3.0,2.0,0.0,191.0,Premier League
Douglas Luiz,21,178.0,W,right,Aston Villa,,,,,14.0,2.0,0.0,1200.0,11.0,1.0,0.0,990.0,17.0,0.0,0.0,450.0,29.0,0.0,0.0,1958.0,4.0,1.0,0.0,259.0,Premier League
Henri Lansbury,28,183.0,W,right,Aston Villa,40.0,11.0,5.0,3184.0,29.0,4.0,5.0,2366.0,37.0,6.0,3.0,3098.0,13.0,3.0,3.0,722.0,6.0,0.0,1.0,308.0,2.0,0.0,3.0,95.0,Premier League
Jack Grealish,23,175.0,W,right,Aston Villa,32.0,2.0,5.0,1880.0,27.0,3.0,2.0,1626.0,34.0,5.0,5.0,2095.0,34.0,3.0,8.0,2361.0,35.0,6.0,8.0,3031.0,5.0,1.0,2.0,382.0,Premier League
Trezeguet,24,179.0,W,right,Aston Villa,36.0,5.0,8.0,2542.0,8.0,0.0,1.0,175.0,31.0,7.0,5.0,2398.0,33.0,16.0,8.0,2765.0,38.0,9.0,10.0,3448.0,4.0,0.0,0.0,286.0,Premier League
Anwar El Ghazi,24,189.0,W,right,Aston Villa,43.0,10.0,9.0,2872.0,37.0,11.0,3.0,2483.0,37.0,8.0,5.0,2172.0,31.0,4.0,4.0,1955.0,36.0,6.0,6.0,2628.0,4.0,1.0,1.0,268.0,Premier League
Jota,28,180.0,W,left,Aston Villa,46.0,11.0,3.0,3204.0,18.0,0.0,0.0,857.0,30.0,12.0,5.0,2146.0,38.0,5.0,5.0,2669.0,41.0,3.0,9.0,2897.0,5.0,0.0,1.0,251.0,Premier League
Wesley,22,191.0,CF,right,Aston Villa,,,,,28.0,10.0,5.0,1877.0,32.0,6.0,2.0,1297.0,44.0,13.0,2.0,2745.0,48.0,17.0,10.0,3892.0,4.0,1.0,0.0,339.0,Premier League
Jonathan Kodjia,29,189.0,CF,right,Aston Villa,29.0,15.0,2.0,2347.0,48.0,19.0,3.0,3676.0,40.0,19.0,2.0,3408.0,19.0,1.0,3.0,912.0,43.0,9.0,4.0,2106.0,1.0,0.0,0.0,16.0,Premier League
Keinan Davis,21,178.0,CF,right,Aston Villa,,,,,9.0,1.0,4.0,652.0,25.0,4.0,4.0,1484.0,33.0,4.0,4.0,1808.0,9.0,1.0,0.0,209.0,3.0,1.0,0.0,115.0,Premier League
Ben Godfrey,21,183.0,W,right,Norwich City,0.0,0.0,0.0,0.0,22.0,1.0,0.0,1371.0,22.0,1.0,0.0,1576.0,53.0,1.0,0.0,4203.0,36.0,4.0,2.0,2835.0,5.0,0.0,0.0,423.0,Premier League
Christoph Zimmermann,26,194.0,W,right,Norwich City,27.0,0.0,1.0,1590.0,29.0,2.0,1.0,2304.0,29.0,0.0,0.0,2121.0,45.0,1.0,2.0,3356.0,45.0,3.0,2.0,3946.0,2.0,0.0,0.0,92.0,Premier League
Grant Hanley,27,188.0,W,right,Norwich City,32.0,1.0,0.0,2790.0,46.0,2.0,1.0,4089.0,16.0,1.0,0.0,1066.0,36.0,1.0,1.0,2858.0,12.0,1.0,0.0,766.0,3.0,0.0,0.0,270.0,Premier League
Timm Klose,31,195.0,W,right,Norwich City,19.0,3.0,0.0,1535.0,22.0,2.0,0.0,1795.0,35.0,1.0,0.0,2994.0,41.0,4.0,2.0,3651.0,33.0,4.0,1.0,2043.0,1.0,0.0,0.0,27.0,Premier League
Jamal Lewis,21,,W,left,Norwich City,1.0,0.0,0.0,23.0,12.0,2.0,1.0,792.0,12.0,0.0,0.0,1031.0,25.0,1.0,0.0,2091.0,43.0,0.0,4.0,3806.0,4.0,0.0,0.0,360.0,Premier League
Philip Heise,28,184.0,W,left,Norwich City,32.0,2.0,7.0,2796.0,11.0,0.0,2.0,669.0,19.0,2.0,6.0,1606.0,28.0,3.0,8.0,2399.0,18.0,1.0,4.0,1628.0,1.0,0.0,0.0,90.0,Premier League
Max Aarons,19,178.0,W,right,Norwich City,,,,,,,,,32.0,2.0,0.0,2569.0,25.0,0.0,1.0,2234.0,43.0,3.0,6.0,3845.0,5.0,0.0,0.0,364.0,Premier League
Sam Byram,25,183.0,W,right,Norwich City,39.0,3.0,3.0,3268.0,29.0,3.0,1.0,1967.0,23.0,0.0,2.0,1664.0,13.0,0.0,0.0,924.0,8.0,0.0,1.0,654.0,2.0,0.0,0.0,86.0,Premier League
Ibrahim Amadou,26,183.0,W,right,Norwich City,38.0,2.0,1.0,3188.0,29.0,1.0,0.0,2281.0,41.0,2.0,0.0,3434.0,32.0,0.0,0.0,2591.0,32.0,0.0,1.0,1736.0,2.0,0.0,0.0,143.0,Premier League
Tom Trybull,26,181.0,W,right,Norwich City,14.0,1.0,3.0,993.0,18.0,1.0,1.0,1540.0,28.0,2.0,0.0,2265.0,25.0,3.0,0.0,1813.0,36.0,2.0,1.0,2303.0,4.0,0.0,0.0,328.0,Premier League
Alexander Tettey,33,181.0,W,right,Norwich City,39.0,1.0,1.0,3223.0,23.0,2.0,0.0,1952.0,37.0,0.0,0.0,3050.0,27.0,0.0,1.0,2125.0,32.0,1.0,0.0,2558.0,1.0,0.0,0.0,3.0,Premier League
Mario Vrancic,30,187.0,W,left,Norwich City,31.0,2.0,1.0,2238.0,25.0,2.0,1.0,1165.0,25.0,4.0,3.0,1652.0,39.0,3.0,2.0,2998.0,38.0,10.0,7.0,1656.0,3.0,0.0,0.0,105.0,Premier League
Moritz Leitner,26,174.0,W,right,Norwich City,21.0,1.0,2.0,1208.0,21.0,3.0,6.0,1087.0,8.0,0.0,0.0,248.0,12.0,0.0,0.0,863.0,32.0,2.0,2.0,1816.0,4.0,0.0,0.0,293.0,Premier League
Kenny McLean,27,180.0,W,left,Norwich City,42.0,7.0,1.0,3596.0,45.0,9.0,6.0,3813.0,53.0,5.0,5.0,4500.0,47.0,11.0,6.0,4243.0,23.0,3.0,7.0,1552.0,4.0,0.0,0.0,201.0,Premier League
Todd Cantwell,21,177.0,W,right,Norwich City,3.0,0.0,0.0,125.0,9.0,2.0,1.0,828.0,15.0,1.0,1.0,1111.0,25.0,5.0,6.0,1932.0,27.0,1.0,2.0,1856.0,4.0,1.0,2.0,348.0,Premier League
Marco Stiepermann,28,190.0,W,left,Norwich City,34.0,5.0,5.0,2496.0,30.0,5.0,2.0,2449.0,32.0,2.0,3.0,2613.0,28.0,2.0,2.0,1652.0,46.0,10.0,9.0,3490.0,4.0,0.0,0.0,301.0,Premier League
Onel Hernández,26,172.0,W,right,Norwich City,30.0,4.0,14.0,2273.0,14.0,2.0,1.0,375.0,36.0,5.0,4.0,2695.0,30.0,1.0,5.0,1801.0,43.0,9.0,10.0,3260.0,1.0,0.0,0.0,20.0,Premier League
Emiliano Buendía,22,172.0,W,right,Norwich City,36.0,5.0,1.0,2398.0,19.0,1.0,0.0,949.0,12.0,2.0,1.0,610.0,42.0,7.0,11.0,3273.0,41.0,8.0,17.0,3053.0,5.0,0.0,2.0,395.0,Premier League
Patrick Roberts,22,167.0,W,left,Norwich City,23.0,1.0,2.0,747.0,22.0,8.0,5.0,1516.0,47.0,11.0,19.0,2686.0,18.0,1.0,5.0,907.0,21.0,0.0,1.0,640.0,1.0,0.0,0.0,90.0,Premier League
Teemu Pukki,29,180.0,CF,right,Norwich City,35.0,13.0,2.0,2798.0,44.0,13.0,1.0,3464.0,46.0,29.0,10.0,3531.0,44.0,19.0,11.0,3324.0,46.0,30.0,10.0,3854.0,4.0,5.0,1.0,353.0,Premier League
Josip Drmic,27,184.0,CF,right,Norwich City,38.0,6.0,1.0,1365.0,25.0,2.0,0.0,1085.0,16.0,0.0,4.0,517.0,15.0,4.0,1.0,516.0,5.0,2.0,0.0,219.0,2.0,0.0,0.0,19.0,Premier League
Dennis Srbeny,25,190.0,CF,right,Norwich City,30.0,9.0,4.0,1588.0,25.0,12.0,2.0,1724.0,40.0,20.0,10.0,3337.0,33.0,10.0,9.0,2071.0,20.0,3.0,1.0,577.0,2.0,0.0,0.0,99.0,Premier League
Jack O'Connell,25,191.0,W,left,Sheffield United,34.0,5.0,2.0,3034.0,18.0,1.0,0.0,1238.0,50.0,6.0,2.0,4255.0,48.0,0.0,4.0,4320.0,42.0,3.0,4.0,3766.0,4.0,0.0,0.0,360.0,Premier League
John Egan,26,185.0,W,right,Sheffield United,52.0,5.0,1.0,4672.0,40.0,6.0,3.0,3500.0,37.0,4.0,1.0,3328.0,34.0,3.0,1.0,2940.0,45.0,1.0,1.0,4000.0,4.0,0.0,0.0,360.0,Premier League
Chris Basham,31,190.0,W,right,Sheffield United,50.0,1.0,1.0,4277.0,49.0,4.0,3.0,4283.0,48.0,3.0,3.0,4147.0,50.0,2.0,1.0,4151.0,43.0,4.0,2.0,3437.0,4.0,0.0,0.0,334.0,Premier League
Phil Jagielka,37,180.0,W,right,Sheffield United,48.0,6.0,0.0,4305.0,29.0,0.0,0.0,2602.0,27.0,3.0,1.0,2250.0,29.0,0.0,1.0,2410.0,7.0,1.0,0.0,329.0,3.0,0.0,0.0,92.0,Premier League
Richard Stearman,32,191.0,W,right,Sheffield United,45.0,0.0,1.0,3801.0,35.0,0.0,0.0,3015.0,21.0,1.0,0.0,1920.0,30.0,2.0,0.0,2566.0,17.0,1.0,0.0,526.0,1.0,1.0,0.0,90.0,Premier League
Kean Bryan,22,185.0,W,left,Sheffield United,25.0,0.0,1.0,1891.0,20.0,0.0,0.0,1521.0,13.0,0.0,0.0,791.0,37.0,2.0,2.0,3240.0,1.0,0.0,0.0,74.0,1.0,0.0,0.0,24.0,Premier League
Enda Stevens,29,183.0,W,left,Sheffield United,37.0,2.0,2.0,3244.0,53.0,0.0,11.0,4697.0,46.0,1.0,10.0,4071.0,47.0,1.0,4.0,4062.0,46.0,4.0,7.0,4119.0,5.0,0.0,1.0,426.0,Premier League
Kieron Freeman,27,178.0,W,right,Sheffield United,34.0,2.0,4.0,2511.0,29.0,1.0,1.0,2244.0,46.0,11.0,6.0,3922.0,11.0,1.0,0.0,884.0,22.0,2.0,4.0,1928.0,1.0,0.0,0.0,90.0,Premier League
George Baldock,26,178.0,W,right,Sheffield United,26.0,1.0,1.0,1838.0,50.0,2.0,4.0,4496.0,42.0,0.0,4.0,3463.0,38.0,1.0,1.0,3021.0,27.0,1.0,3.0,2275.0,4.0,0.0,1.0,360.0,Premier League
Muhamed Besic,26,180.0,W,right,Sheffield United,31.0,0.0,0.0,1753.0,17.0,0.0,0.0,944.0,3.0,0.0,0.0,192.0,26.0,1.0,1.0,1913.0,39.0,2.0,5.0,2379.0,1.0,0.0,0.0,90.0,Premier League
John Fleck,28,169.0,W,left,Sheffield United,48.0,0.0,4.0,4157.0,43.0,4.0,5.0,3858.0,49.0,4.0,20.0,4221.0,44.0,2.0,8.0,3755.0,46.0,2.0,11.0,3994.0,2.0,0.0,0.0,58.0,Premier League
Oliver Norwood,28,175.0,W,right,Sheffield United,44.0,2.0,7.0,3379.0,50.0,3.0,12.0,4435.0,37.0,0.0,5.0,1980.0,41.0,5.0,3.0,2317.0,44.0,3.0,9.0,3897.0,5.0,1.0,0.0,426.0,Premier League
John Lundstram,25,181.0,W,left,Sheffield United,30.0,0.0,0.0,2441.0,47.0,3.0,5.0,3732.0,57.0,1.0,4.0,4853.0,40.0,3.0,3.0,2320.0,12.0,0.0,1.0,543.0,4.0,2.0,0.0,348.0,Premier League
Ben Osborn,25,176.0,W,left,Sheffield United,40.0,3.0,5.0,2857.0,38.0,3.0,5.0,3015.0,49.0,4.0,7.0,4204.0,51.0,4.0,6.0,4226.0,44.0,2.0,6.0,3028.0,2.0,0.0,0.0,96.0,Premier League
Luke Freeman,27,176.0,W,left,Sheffield United,56.0,7.0,21.0,4366.0,44.0,1.0,8.0,3361.0,37.0,4.0,4.0,2646.0,48.0,5.0,13.0,4041.0,48.0,9.0,8.0,4214.0,6.0,0.0,0.0,347.0,Premier League
Ravel Morrison,26,175.0,W,right,Sheffield United,12.0,1.0,0.0,587.0,8.0,0.0,0.0,159.0,5.0,0.0,0.0,122.0,25.0,3.0,0.0,1305.0,6.0,0.0,0.0,404.0,2.0,0.0,1.0,102.0,Premier League
Callum Robinson,24,178.0,W,right,Sheffield United,33.0,8.0,4.0,2143.0,22.0,3.0,0.0,790.0,46.0,11.0,6.0,3159.0,43.0,8.0,7.0,2732.0,28.0,13.0,4.0,2132.0,4.0,1.0,0.0,256.0,Premier League
Ricky Holmes,32,188.0,W,,Sheffield United,38.0,5.0,4.0,2967.0,32.0,11.0,9.0,2185.0,38.0,13.0,6.0,2949.0,31.0,6.0,7.0,2349.0,19.0,4.0,0.0,1294.0,,,,,Premier League
Oliver McBurnie,23,188.0,CF,right,Sheffield United,25.0,5.0,1.0,1474.0,19.0,11.0,5.0,1265.0,24.0,18.0,4.0,1672.0,36.0,19.0,2.0,2391.0,44.0,24.0,4.0,3573.0,6.0,1.0,0.0,239.0,Premier League
Lys Mousset,23,184.0,CF,right,Sheffield United,1.0,0.0,0.0,4.0,29.0,14.0,3.0,1602.0,14.0,0.0,0.0,442.0,29.0,3.0,1.0,1058.0,28.0,2.0,0.0,646.0,2.0,0.0,0.0,35.0,Premier League
Billy Sharp,33,175.0,CF,right,Sheffield United,35.0,5.0,1.0,1746.0,48.0,21.0,7.0,3978.0,49.0,30.0,8.0,4017.0,37.0,14.0,4.0,2567.0,42.0,24.0,4.0,3095.0,3.0,1.0,0.0,134.0,Premier League
David McGoldrick,31,184.0,CF,right,Sheffield United,29.0,7.0,6.0,2336.0,27.0,5.0,5.0,1422.0,31.0,5.0,4.0,2423.0,24.0,8.0,5.0,1795.0,45.0,15.0,4.0,3260.0,4.0,0.0,0.0,232.0,Premier League
Leon Clarke,34,188.0,CF,right,Sheffield United,29.0,3.0,3.0,1434.0,37.0,18.0,1.0,3223.0,26.0,9.0,2.0,1408.0,39.0,19.0,5.0,3332.0,41.0,6.0,5.0,1947.0,,,,,Premier League
