,name,age,height,position,current club,18/19 date,18/19 left,18/19 joined,18/19 mv
0,Ederson,26,188.0,Goalkeeper,Manchester City,,,,
1,Claudio Bravo,36,184.0,Goalkeeper,Manchester City,,,,
2,Scott Carson,34,188.0,Goalkeeper,Manchester City,,,,
3,Aymeric Laporte,25,191.0,Defender - Centre-Back,Manchester City,,,,
4,John Stones,25,188.0,Defender - Centre-Back,Manchester City,,,,
5,Nicolás Otamendi,31,183.0,Defender - Centre-Back,Manchester City,,,,
6,Eric García,18,182.0,Defender - Centre-Back,Manchester City,,,,0.0
7,Benjamin Mendy,25,185.0,Defender - Left-Back,Manchester City,,,,
8,Oleksandr Zinchenko,22,175.0,Defender - Left-Back,Manchester City,,,,
9,Angeliño,22,175.0,Defender - Left-Back,Manchester City,"Jul 1, 2018",Man City U23,PSV Eindhoven,
10,João Cancelo,25,182.0,Defender - Right-Back,Manchester City,"Jul 1, 2018",Valencia,Juventus,"35,00 mil. €"
11,Kyle Walker,29,183.0,Defender - Right-Back,Manchester City,,,,
12,Rodri,23,191.0,Midfielder - Defensive Midfield,Manchester City,"Jul 1, 2018",Villarreal,Atlético Madrid,"25,00 mil. €"
13,Fernandinho,34,179.0,Midfielder - Defensive Midfield,Manchester City,,,,
14,Ilkay GÃ¼ndogan,28,180.0,Midfielder - Central Midfield,Manchester City,,,,
15,Phil Foden,19,171.0,Midfielder - Central Midfield,Manchester City,,,,
16,Kevin De Bruyne,28,181.0,Midfielder - Attacking Midfield,Manchester City,,,,
17,David Silva,33,170.0,Midfielder - Attacking Midfield,Manchester City,,,,
18,Raheem Sterling,24,170.0,Forward - Left Winger,Manchester City,,,,
19,Leroy Sané,23,184.0,Forward - Left Winger,Manchester City,,,,
20,Bernardo Silva,25,173.0,Forward - Right Winger,Manchester City,,,,
21,Riyad Mahrez,28,179.0,Forward - Right Winger,Manchester City,"Jul 10, 2018",Leicester,Man City,"50,00 mil. €"
22,Gabriel Jesus,22,175.0,Forward - Centre-Forward,Manchester City,,,,
23,Sergio Agüero,31,173.0,Forward - Centre-Forward,Manchester City,,,,
24,Alisson,27,191.0,Goalkeeper,Liverpool FC,"Jul 19, 2018",AS Roma,Liverpool,"60,00 mil. €"
25,Adrián,32,190.0,Goalkeeper,Liverpool FC,,,,
26,Caoimhin Kelleher,20,188.0,Goalkeeper,Liverpool FC,,,,
27,Andy Lonergan,35,193.0,Goalkeeper,Liverpool FC,"Mar 29, 2019Feb 7, 2019Aug 2, 2018",RochdaleMiddlesbroughLeeds,MiddlesbroughRochdaleMiddlesbrough,250 K €250 K €350 K €
28,Virgil van Dijk,28,193.0,Defender - Centre-Back,Liverpool FC,,,,
29,Joe Gomez,22,188.0,Defender - Centre-Back,Liverpool FC,,,,
30,Joel Matip,28,195.0,Defender - Centre-Back,Liverpool FC,,,,
31,Dejan Lovren,30,188.0,Defender - Centre-Back,Liverpool FC,,,,
32,Sepp van den Berg,17,189.0,Defender - Centre-Back,Liverpool FC,"Jul 1, 2018",PEC Zwolle U19,PEC Zwolle,500 K €
33,Andrew Robertson,25,178.0,Defender - Left-Back,Liverpool FC,,,,
34,Trent Alexander-Arnold,21,180.0,Defender - Right-Back,Liverpool FC,,,,
35,Nathaniel Clyne,28,175.0,Defender - Right-Back,Liverpool FC,"May 31, 2019Jan 4, 2019",BournemouthLiverpool,LiverpoolBournemouth,"15,00 mil. €15,00 mil. €"
36,Fabinho,25,188.0,Midfielder - Defensive Midfield,Liverpool FC,"Jul 1, 2018",Monaco,Liverpool,
37,Georginio Wijnaldum,28,175.0,Midfielder - Central Midfield,Liverpool FC,,,,
38,Naby Keïta,24,172.0,Midfielder - Central Midfield,Liverpool FC,"Jul 1, 2018",RB Leipzig,Liverpool,"65,00 mil. €"
39,Jordan Henderson,29,187.0,Midfielder - Central Midfield,Liverpool FC,,,,
40,Alex Oxlade-Chamberlain,26,175.0,Midfielder - Central Midfield,Liverpool FC,,,,
41,James Milner,33,175.0,Midfielder - Central Midfield,Liverpool FC,,,,
42,Adam Lallana,31,172.0,Midfielder - Attacking Midfield,Liverpool FC,,,,
43,Sadio Mané,27,174.0,Forward - Left Winger,Liverpool FC,,,,
44,Mohamed Salah,27,175.0,Forward - Right Winger,Liverpool FC,,,,
45,Xherdan Shaqiri,28,169.0,Forward - Right Winger,Liverpool FC,"Jul 13, 2018",Stoke City,Liverpool,"18,00 mil. €"
46,Roberto Firmino,28,181.0,Forward - Centre-Forward,Liverpool FC,,,,
47,Divock Origi,24,185.0,Forward - Centre-Forward,Liverpool FC,,,,
48,Hugo Lloris,32,188.0,Goalkeeper,Tottenham Hotspur,,,,
49,Paulo Gazzaniga,27,195.0,Goalkeeper,Tottenham Hotspur,,,,
50,Michel Vorm,35,183.0,Goalkeeper,Tottenham Hotspur,,,,
51,Davinson SÃ¡nchez,23,187.0,Defender - Centre-Back,Tottenham Hotspur,,,,
52,Toby Alderweireld,30,186.0,Defender - Centre-Back,Tottenham Hotspur,,,,
53,Jan Vertonghen,32,189.0,Defender - Centre-Back,Tottenham Hotspur,,,,
54,Juan Foyth,21,187.0,Defender - Centre-Back,Tottenham Hotspur,,,,
55,Danny Rose,29,173.0,Defender - Left-Back,Tottenham Hotspur,,,,
56,Ben Davies,26,181.0,Defender - Left-Back,Tottenham Hotspur,,,,
57,Serge Aurier,26,176.0,Defender - Right-Back,Tottenham Hotspur,,,,
58,Kyle Walker-Peters,22,173.0,Defender - Right-Back,Tottenham Hotspur,,,,
59,Eric Dier,25,188.0,Midfielder - Defensive Midfield,Tottenham Hotspur,,,,
60,Victor Wanyama,28,184.0,Midfielder - Defensive Midfield,Tottenham Hotspur,,,,
61,Oliver Skipp,19,175.0,Midfielder - Defensive Midfield,Tottenham Hotspur,,,,0.0
62,Tanguy Ndombélé,22,181.0,Midfielder - Central Midfield,Tottenham Hotspur,"Jul 1, 2018",SC Amiens,Olympique Lyon,"25,00 mil. €"
63,Giovani Lo Celso,23,177.0,Midfielder - Central Midfield,Tottenham Hotspur,"Jun 30, 2019Aug 31, 2018",Real BetisParis SG,Paris SGReal Betis,"50,00 mil. €30,00 mil. €"
64,Harry Winks,23,178.0,Midfielder - Central Midfield,Tottenham Hotspur,,,,
65,Moussa Sissoko,30,187.0,Midfielder - Central Midfield,Tottenham Hotspur,,,,
66,Ryan Sessegnon,19,178.0,Midfielder - Left Midfield,Tottenham Hotspur,,,,
67,Christian Eriksen,27,182.0,Midfielder - Attacking Midfield,Tottenham Hotspur,,,,
68,Dele Alli,23,188.0,Midfielder - Attacking Midfield,Tottenham Hotspur,,,,
69,Heung-min Son,27,184.0,Forward - Left Winger,Tottenham Hotspur,,,,
70,Lucas Moura,27,172.0,Forward - Right Winger,Tottenham Hotspur,,,,
71,Erik Lamela,27,184.0,Forward - Right Winger,Tottenham Hotspur,,,,
72,Harry Kane,26,188.0,Forward - Centre-Forward,Tottenham Hotspur,,,,
73,Kepa,25,186.0,Goalkeeper,Chelsea FC,"Aug 8, 2018",Athletic,Chelsea,"20,00 mil. €"
74,Willy Caballero,38,186.0,Goalkeeper,Chelsea FC,,,,
75,Antonio Rüdiger,26,190.0,Defender - Centre-Back,Chelsea FC,,,,
76,Andreas Christensen,23,188.0,Defender - Centre-Back,Chelsea FC,,,,
77,Kurt Zouma,24,190.0,Defender - Centre-Back,Chelsea FC,"May 31, 2019Aug 9, 2018",EvertonChelsea,ChelseaEverton,"20,00 mil. €15,00 mil. €"
78,Fikayo Tomori,21,185.0,Defender - Centre-Back,Chelsea FC,"May 31, 2019Aug 6, 2018",DerbyChelsea U23,Chelsea U23Derby,
79,Michael Hector,27,193.0,Defender - Centre-Back,Chelsea FC,"May 31, 2019Aug 31, 2018",Sheff WedChelsea,ChelseaSheff Wed,
80,Marcos Alonso,28,188.0,Defender - Left-Back,Chelsea FC,,,,
81,Emerson,25,175.0,Defender - Left-Back,Chelsea FC,,,,
82,César Azpilicueta,30,178.0,Defender - Right-Back,Chelsea FC,,,,
83,Reece James,19,182.0,Defender - Right-Back,Chelsea FC,"May 31, 2019Jul 1, 2018",WiganChelsea U23,Chelsea U23Wigan,
84,Jorginho,27,180.0,Midfielder - Defensive Midfield,Chelsea FC,"Jul 14, 2018",SSC Napoli,Chelsea,"50,00 mil. €"
85,N'Golo Kanté,28,168.0,Midfielder - Central Midfield,Chelsea FC,,,,
86,Mateo Kovacic,25,177.0,Midfielder - Central Midfield,Chelsea FC,"Jun 30, 2019Aug 9, 2018",ChelseaReal Madrid,Real MadridChelsea,"35,00 mil. €30,00 mil. €"
87,Ross Barkley,25,185.0,Midfielder - Central Midfield,Chelsea FC,,,,
88,Ruben Loftus-Cheek,23,191.0,Midfielder - Central Midfield,Chelsea FC,,,,
89,Marco van Ginkel,26,186.0,Midfielder - Central Midfield,Chelsea FC,,,,
90,Mason Mount,20,178.0,Midfielder - Attacking Midfield,Chelsea FC,"May 31, 2019Jul 17, 2018",DerbyChelsea U23,Chelsea U23Derby,"10,00 mil. €4,00 mil. €"
91,Callum Hudson-Odoi,18,177.0,Forward - Left Winger,Chelsea FC,,,,0.0
92,Christian Pulisic,21,172.0,Forward - Right Winger,Chelsea FC,"Jun 30, 2019Jan 3, 2019Jan 2, 2019",Bor. DortmundChelseaBor. Dortmund,ChelseaBor. DortmundChelsea,"60,00 mil. €50,00 mil. €50,00 mil. €"
93,Willian,31,175.0,Forward - Right Winger,Chelsea FC,,,,
94,Pedro,32,167.0,Forward - Right Winger,Chelsea FC,,,,
95,Tammy Abraham,22,190.0,Forward - Centre-Forward,Chelsea FC,"May 31, 2019Aug 31, 2018",Aston VillaChelsea,ChelseaAston Villa,
96,Michy Batshuayi,26,184.0,Forward - Centre-Forward,Chelsea FC,"Jun 30, 2019Jan 31, 2019Jan 30, 2019Aug 10, 2018",Crystal PalaceChelseaValenciaChelsea,ChelseaCrystal PalaceChelseaValencia,"30,00 mil. €30,00 mil. €30,00 mil. €40,00 mil. €"
97,Olivier Giroud,33,193.0,Forward - Centre-Forward,Chelsea FC,,,,
98,David de Gea,28,189.0,Goalkeeper,Manchester United,,,,
99,Sergio Romero,32,192.0,Goalkeeper,Manchester United,,,,
100,Lee Grant,36,193.0,Goalkeeper,Manchester United,"Jul 3, 2018",Stoke City,Man Utd,"1,00 mil. €"
101,Harry Maguire,26,194.0,Defender - Centre-Back,Manchester United,,,,
102,Victor Lindelöf,25,187.0,Defender - Centre-Back,Manchester United,,,,
103,Eric Bailly,25,187.0,Defender - Centre-Back,Manchester United,,,,
104,Phil Jones,27,185.0,Defender - Centre-Back,Manchester United,,,,
105,Marcos Rojo,29,186.0,Defender - Centre-Back,Manchester United,,,,
106,Axel Tuanzebe,21,184.0,Defender - Centre-Back,Manchester United,"May 31, 2019Aug 6, 2018",Aston VillaMan Utd,Man UtdAston Villa,"5,00 mil. €1,00 mil. €"
107,Luke Shaw,24,181.0,Defender - Left-Back,Manchester United,,,,
108,Ashley Young,34,176.0,Defender - Left-Back,Manchester United,,,,
109,Aaron Wan-Bissaka,21,183.0,Defender - Right-Back,Manchester United,,,,
110,Diogo Dalot,20,183.0,Defender - Right-Back,Manchester United,"Jul 1, 2018",FC Porto,Man Utd,"15,00 mil. €"
111,Timothy Fosu-Mensah,21,190.0,Defender - Right-Back,Manchester United,"May 31, 2019Aug 9, 2018",FulhamMan Utd,Man UtdFulham,"7,00 mil. €7,00 mil. €"
112,Nemanja Matic,31,194.0,Midfielder - Defensive Midfield,Manchester United,,,,
113,Paul Pogba,26,191.0,Midfielder - Central Midfield,Manchester United,,,,
114,Fred,26,169.0,Midfielder - Central Midfield,Manchester United,"Jul 1, 2018",Shakhtar D.,Man Utd,"32,00 mil. €"
115,Scott McTominay,22,190.0,Midfielder - Central Midfield,Manchester United,,,,
116,Juan Mata,31,170.0,Midfielder - Attacking Midfield,Manchester United,,,,
117,Andreas Pereira,23,178.0,Midfielder - Attacking Midfield,Manchester United,,,,
118,Anthony Martial,23,183.0,Forward - Left Winger,Manchester United,,,,
119,Daniel James,21,170.0,Forward - Left Winger,Manchester United,"Jul 1, 2018",Swansea U23,Swansea,0
120,Jesse Lingard,26,174.0,Forward - Right Winger,Manchester United,,,,
121,Marcus Rashford,21,185.0,Forward - Centre-Forward,Manchester United,,,,
122,Mason Greenwood,18,181.0,Forward - Centre-Forward,Manchester United,,,,
123,Bernd Leno,27,189.0,Goalkeeper,Arsenal FC,"Jul 1, 2018",Bay. Leverkusen,Arsenal,"20,00 mil. €"
124,Emiliano Martínez,27,190.0,Goalkeeper,Arsenal FC,"May 31, 2019Jan 23, 2019",ReadingArsenal,ArsenalReading,
125,Matt Macey,25,199.0,Goalkeeper,Arsenal FC,"May 31, 2019Jul 30, 2018",PlymouthArsenal,ArsenalPlymouth,500 K €500 K €
126,Sokratis,31,186.0,Defender - Centre-Back,Arsenal FC,"Jul 2, 2018",Bor. Dortmund,Arsenal,
127,David Luiz,32,189.0,Defender - Centre-Back,Arsenal FC,,,,
128,Shkodran Mustafi,27,184.0,Defender - Centre-Back,Arsenal FC,,,,
129,Calum Chambers,24,183.0,Defender - Centre-Back,Arsenal FC,"May 31, 2019Aug 7, 2018",FulhamArsenal,ArsenalFulham,"14,00 mil. €14,00 mil. €"
130,Rob Holding,24,189.0,Defender - Centre-Back,Arsenal FC,,,,
131,Konstantinos Mavropanos,21,194.0,Defender - Centre-Back,Arsenal FC,,,,
132,Kieran Tierney,22,178.0,Defender - Left-Back,Arsenal FC,,,,
133,Sead Kolasinac,26,183.0,Defender - Left-Back,Arsenal FC,,,,
134,Héctor Bellerín,24,178.0,Defender - Right-Back,Arsenal FC,,,,
135,Lucas Torreira,23,166.0,Midfielder - Defensive Midfield,Arsenal FC,"Jul 10, 2018",Sampdoria,Arsenal,"30,00 mil. €"
136,Granit Xhaka,27,186.0,Midfielder - Defensive Midfield,Arsenal FC,,,,
137,Dani Ceballos,23,179.0,Midfielder - Central Midfield,Arsenal FC,,,,
138,Mattéo Guendouzi,20,184.0,Midfielder - Central Midfield,Arsenal FC,"Jul 11, 2018",FC Lorient,Arsenal,"2,50 mil. €"
139,Joe Willock,20,179.0,Midfielder - Central Midfield,Arsenal FC,,,,
140,Ainsley Maitland-Niles,22,180.0,Midfielder - Right Midfield,Arsenal FC,,,,
141,Mesut Özil,31,180.0,Midfielder - Attacking Midfield,Arsenal FC,,,,
142,Gabriel Martinelli,18,180.0,Forward - Left Winger,Arsenal FC,,,,
143,Bukayo Saka,18,178.0,Forward - Left Winger,Arsenal FC U23,,,,0.0
144,Nicolas Pépé,24,183.0,Forward - Right Winger,Arsenal FC,,,,
145,Reiss Nelson,19,175.0,Forward - Right Winger,Arsenal FC,"Jun 30, 2019Aug 31, 2018",TSG HoffenheimArsenal U23,Arsenal U23TSG Hoffenheim,
146,Alexandre Lacazette,28,176.0,Forward - Centre-Forward,Arsenal FC,,,,
147,Pierre-Emerick Aubameyang,30,187.0,Forward - Centre-Forward,Arsenal FC,,,,
148,Jordan Pickford,25,185.0,Goalkeeper,Everton FC,,,,
149,Jonas Lössl,30,195.0,Goalkeeper,Everton FC,"Jul 1, 2018",1.FSV Mainz 05,Huddersfield,"5,00 mil. €"
150,Maarten Stekelenburg,37,197.0,Goalkeeper,Everton FC,,,,
151,Michael Keane,26,188.0,Defender - Centre-Back,Everton FC,,,,
152,Yerry Mina,25,195.0,Defender - Centre-Back,Everton FC,"Aug 9, 2018",FC Barcelona,Everton,"20,00 mil. €"
153,Mason Holgate,22,187.0,Defender - Centre-Back,Everton FC,"May 31, 2019Jan 1, 2019",West BromEverton,EvertonWest Brom,"7,00 mil. €7,00 mil. €"
154,Lucas Digne,26,178.0,Defender - Left-Back,Everton FC,"Aug 1, 2018",FC Barcelona,Everton,"15,00 mil. €"
155,Leighton Baines,34,170.0,Defender - Left-Back,Everton FC,,,,
156,Seamus Coleman,31,177.0,Defender - Right-Back,Everton FC,,,,
157,Djibril Sidibé,27,182.0,Defender - Right-Back,Everton FC,,,,
158,Cuco Martina,30,185.0,Defender - Right-Back,Everton FC,"Jun 30, 2019Jan 31, 2019Jan 30, 2019Aug 17, 2018",FeyenoordEvertonStoke CityEverton,EvertonFeyenoordEvertonStoke City,"1,50 mil. €2,50 mil. €2,50 mil. €2,50 mil. €"
159,Jean-Philippe Gbamin,24,186.0,Midfielder - Defensive Midfield,Everton FC,,,,
160,Morgan Schneiderlin,29,186.0,Midfielder - Defensive Midfield,Everton FC,,,,
161,André Gomes,26,188.0,Midfielder - Central Midfield,Everton FC,"Jun 30, 2019Aug 9, 2018",EvertonFC Barcelona,FC BarcelonaEverton,"28,00 mil. €15,00 mil. €"
162,Fabian Delph,29,174.0,Midfielder - Central Midfield,Everton FC,,,,
163,Tom Davies,21,180.0,Midfielder - Central Midfield,Everton FC,,,,
164,Beni Baningime,21,,Midfielder - Central Midfield,Everton FC,"May 31, 2019Jan 31, 2019",WiganEverton,EvertonWigan,"2,50 mil. €2,50 mil. €"
165,Gylfi Sigurdsson,30,186.0,Midfielder - Attacking Midfield,Everton FC,,,,
166,Richarlison,22,179.0,Forward - Left Winger,Everton FC,"Jul 24, 2018",Watford,Everton,"25,00 mil. €"
167,Alex Iwobi,23,183.0,Forward - Left Winger,Everton FC,,,,
168,Bernard,27,164.0,Forward - Left Winger,Everton FC,"Aug 9, 2018",Shakhtar D.,Everton,"16,00 mil. €"
169,Theo Walcott,30,175.0,Forward - Right Winger,Everton FC,,,,
170,Moise Kean,19,183.0,Forward - Centre-Forward,Everton FC,,,,
171,Dominic Calvert-Lewin,22,187.0,Forward - Centre-Forward,Everton FC,,,,
172,Cenk Tosun,28,183.0,Forward - Centre-Forward,Everton FC,,,,
173,Oumar Niasse,29,182.0,Forward - Centre-Forward,Everton FC,"Jun 30, 2019Jan 18, 2019",CardiffEverton,EvertonCardiff,"6,00 mil. €7,00 mil. €"
174,Kasper Schmeichel,32,189.0,Goalkeeper,Leicester City,,,,
175,Danny Ward,26,191.0,Goalkeeper,Leicester City,"Jul 20, 2018",Liverpool,Leicester,"2,50 mil. €"
176,Eldin Jakupovic,35,191.0,Goalkeeper,Leicester City,,,,
177,Caglar Söyüncü,23,187.0,Defender - Centre-Back,Leicester City,"Aug 9, 2018",SC Freiburg,Leicester,"18,00 mil. €"
178,Jonny Evans,31,188.0,Defender - Centre-Back,Leicester City,"Jul 1, 2018",West Brom,Leicester,"15,00 mil. €"
179,Filip Benkovic,22,194.0,Defender - Centre-Back,Leicester City,"Jun 30, 2019Aug 31, 2018Aug 9, 2018",CelticLeicesterDinamo Zagreb,LeicesterCelticLeicester,"11,00 mil. €11,00 mil. €11,00 mil. €"
180,Wes Morgan,35,186.0,Defender - Centre-Back,Leicester City,,,,
181,Ben Chilwell,22,178.0,Defender - Left-Back,Leicester City,,,,
182,Christian Fuchs,33,187.0,Defender - Left-Back,Leicester City,,,,
183,Ricardo Pereira,26,175.0,Defender - Right-Back,Leicester City,"Jul 1, 2018",FC Porto,Leicester,"20,00 mil. €"
184,James Justin,21,183.0,Defender - Right-Back,Leicester City,,,,
185,Wilfred Ndidi,22,183.0,Midfielder - Defensive Midfield,Leicester City,,,,
186,Hamza Choudhury,22,178.0,Midfielder - Defensive Midfield,Leicester City,,,,
187,Nampalys Mendy,27,167.0,Midfielder - Defensive Midfield,Leicester City,,,,
188,Daniel Amartey,24,186.0,Midfielder - Defensive Midfield,Leicester City,,,,
189,Youri Tielemans,22,176.0,Midfielder - Central Midfield,Leicester City,"Jun 30, 2019Jan 31, 2019",LeicesterMonaco,MonacoLeicester,"38,00 mil. €18,00 mil. €"
190,Dennis Praet,25,181.0,Midfielder - Central Midfield,Leicester City,,,,
191,Matty James,28,181.0,Midfielder - Central Midfield,Leicester City,,,,
192,Marc Albrighton,29,175.0,Midfielder - Right Midfield,Leicester City,,,,
193,James Maddison,22,175.0,Midfielder - Attacking Midfield,Leicester City,"Jul 1, 2018",Norwich,Leicester,"10,00 mil. €"
194,Harvey Barnes,21,180.0,Midfielder - Attacking Midfield,Leicester City,"Jan 11, 2019Jul 24, 2018",West BromLeicester,LeicesterWest Brom,
195,Bartosz Kapustka,22,179.0,Midfielder - Attacking Midfield,Leicester City,"Apr 2, 2019Aug 31, 2018",OH LeuvenLeicester,LeicesterOH Leuven,"2,50 mil. €3,00 mil. €"
196,Demarai Gray,23,180.0,Forward - Left Winger,Leicester City,,,,
197,Ayoze Pérez,26,178.0,Forward - Right Winger,Leicester City,,,,
198,George Thomas,22,173.0,Forward - Right Winger,Leicester City,"May 31, 2019Aug 3, 2018",Scunthorpe Utd.Leicester,LeicesterScunthorpe Utd.,
199,Jamie Vardy,32,179.0,Forward - Centre-Forward,Leicester City,,,,
200,Kelechi Iheanacho,23,185.0,Forward - Centre-Forward,Leicester City,,,,
201,Lukasz Fabianski,34,190.0,Goalkeeper,West Ham United,"Jul 1, 2018",Swansea,West Ham,"5,00 mil. €"
202,Roberto,33,192.0,Goalkeeper,West Ham United,,,,
203,David Martin,33,188.0,Goalkeeper,West Ham United,,,,
204,Issa Diop,22,194.0,Defender - Centre-Back,West Ham United,"Jul 1, 2018",Toulouse,West Ham,"22,00 mil. €"
205,Fabián Balbuena,28,188.0,Defender - Centre-Back,West Ham United,"Jul 14, 2018",Corinthians,West Ham,"5,00 mil. €"
206,Angelo Ogbonna,31,191.0,Defender - Centre-Back,West Ham United,,,,
207,Winston Reid,31,191.0,Defender - Centre-Back,West Ham United,,,,
208,Gonçalo Cardoso,18,189.0,Defender - Centre-Back,West Ham United,"Jul 1, 2018",Boavista U19,Boavista,0
209,Arthur Masuaku,25,179.0,Defender - Left-Back,West Ham United,,,,
210,Aaron Cresswell,29,170.0,Defender - Left-Back,West Ham United,,,,
211,Ryan Fredericks,27,181.0,Defender - Right-Back,West Ham United,"Jul 1, 2018",Fulham,West Ham,
212,Pablo Zabaleta,34,176.0,Defender - Right-Back,West Ham United,,,,
213,Declan Rice,20,185.0,Midfielder - Defensive Midfield,West Ham United,,,,
214,Carlos Sánchez,33,182.0,Midfielder - Defensive Midfield,West Ham United,"Aug 9, 2018",Fiorentina,West Ham,"1,50 mil. €"
215,Jack Wilshere,27,172.0,Midfielder - Central Midfield,West Ham United,"Jul 9, 2018",Arsenal,West Ham,"20,00 mil. €"
216,Mark Noble,32,180.0,Midfielder - Central Midfield,West Ham United,,,,
217,Pablo Fornals,23,178.0,Midfielder - Attacking Midfield,West Ham United,,,,
218,Manuel Lanzini,26,167.0,Midfielder - Attacking Midfield,West Ham United,,,,
219,Felipe Anderson,26,175.0,Forward - Left Winger,West Ham United,"Jul 15, 2018",Lazio,West Ham,"30,00 mil. €"
220,Andrii Yarmolenko,29,190.0,Forward - Right Winger,West Ham United,"Jul 11, 2018",Bor. Dortmund,West Ham,"23,00 mil. €"
221,Michail Antonio,29,180.0,Forward - Right Winger,West Ham United,,,,
222,Robert Snodgrass,32,182.0,Forward - Right Winger,West Ham United,,,,
223,Sébastien Haller,25,190.0,Forward - Centre-Forward,West Ham United,,,,
224,Albian Ajeti,22,183.0,Forward - Centre-Forward,West Ham United,,,,
225,Aaron Ramsdale,21,188.0,Goalkeeper,AFC Bournemouth,"May 31, 2019Jan 4, 2019",AFC WimbledonBournemouth,BournemouthAFC Wimbledon,
226,Artur Boruc,39,193.0,Goalkeeper,AFC Bournemouth,,,,
227,Mark Travers,20,191.0,Goalkeeper,AFC Bournemouth,,,,0.0
228,Nathan Aké,24,180.0,Defender - Centre-Back,AFC Bournemouth,,,,
229,Chris Mepham,21,191.0,Defender - Centre-Back,AFC Bournemouth,"Jan 22, 2019",Brentford,Bournemouth,"8,00 mil. €"
230,Steve Cook,28,185.0,Defender - Centre-Back,AFC Bournemouth,,,,
231,Jack Simpson,22,190.0,Defender - Centre-Back,AFC Bournemouth,,,,
232,Lloyd Kelly,21,190.0,Defender - Left-Back,AFC Bournemouth,,,,
233,Diego Rico,26,183.0,Defender - Left-Back,AFC Bournemouth,"Jul 24, 2018",CD Leganés,Bournemouth,"2,50 mil. €"
234,Charlie Daniels,33,178.0,Defender - Left-Back,AFC Bournemouth,,,,
235,Adam Smith,28,174.0,Defender - Right-Back,AFC Bournemouth,,,,
236,Jack Stacey,23,180.0,Defender - Right-Back,AFC Bournemouth,,,,
237,Simon Francis,34,191.0,Defender - Right-Back,AFC Bournemouth,,,,
238,Jefferson Lerma,24,179.0,Midfielder - Defensive Midfield,AFC Bournemouth,"Aug 7, 2018",Levante,Bournemouth,
239,Lewis Cook,22,175.0,Midfielder - Central Midfield,AFC Bournemouth,,,,
240,Philip Billing,23,192.0,Midfielder - Central Midfield,AFC Bournemouth,,,,
241,Dan Gosling,29,180.0,Midfielder - Central Midfield,AFC Bournemouth,,,,
242,Andrew Surman,33,178.0,Midfielder - Central Midfield,AFC Bournemouth,,,,
243,David Brooks,22,173.0,Midfielder - Attacking Midfield,AFC Bournemouth,"Jul 1, 2018",Sheffield Utd.,Bournemouth,"5,00 mil. €"
244,Ryan Fraser,25,163.0,Forward - Left Winger,AFC Bournemouth,,,,
245,Arnaut Danjuma,22,178.0,Forward - Left Winger,AFC Bournemouth,"Jul 1, 2018",NEC Nijmegen,Club Brugge,"1,50 mil. €"
246,Junior Stanislas,29,183.0,Forward - Left Winger,AFC Bournemouth,,,,
247,Harry Wilson,22,173.0,Forward - Right Winger,AFC Bournemouth,"May 31, 2019Jul 17, 2018Jul 1, 2018",DerbyLiverpoolLiverpool U23,LiverpoolDerbyLiverpool,
248,Jordon Ibe,23,176.0,Forward - Right Winger,AFC Bournemouth,,,,
249,Joshua King,27,181.0,Forward - Second Striker,AFC Bournemouth,,,,
250,Callum Wilson,27,180.0,Forward - Centre-Forward,AFC Bournemouth,,,,
251,Dominic Solanke,22,186.0,Forward - Centre-Forward,AFC Bournemouth,"Jan 4, 2019",Liverpool,Bournemouth,"10,00 mil. €"
252,Rui Patrício,31,190.0,Goalkeeper,Wolverhampton Wanderers,"Jul 1, 2018",Sporting CP,Wolves,"16,00 mil. €"
253,John Ruddy,32,192.0,Goalkeeper,Wolverhampton Wanderers,,,,
254,Harry Burgoyne,22,193.0,Goalkeeper,Wolverhampton Wanderers,,,,0.0
255,Willy Boly,28,195.0,Defender - Centre-Back,Wolverhampton Wanderers,"Jul 1, 2018",FC Porto,Wolves,"5,00 mil. €"
256,Conor Coady,26,185.0,Defender - Centre-Back,Wolverhampton Wanderers,,,,
257,Jesús Vallejo,22,184.0,Defender - Centre-Back,Wolverhampton Wanderers,,,,
258,Ryan Bennett,29,188.0,Defender - Centre-Back,Wolverhampton Wanderers,,,,
259,Max Kilman,22,192.0,Defender - Centre-Back,Wolverhampton Wanderers,,,,0.0
260,Jonny Otto,25,175.0,Defender - Left-Back,Wolverhampton Wanderers,"Jan 31, 2019Jan 30, 2019Jul 26, 2018Jul 25, 2018",Atlético MadridWolvesAtlético MadridCelta de Vigo,WolvesAtlético MadridWolvesAtlético Madrid,"12,00 mil. €12,00 mil. €12,00 mil. €12,00 mil. €"
261,Rúben Vinagre,20,174.0,Defender - Left-Back,Wolverhampton Wanderers,"Jul 1, 2018",Monaco,Wolves,
262,Matt Doherty,27,186.0,Defender - Right-Back,Wolverhampton Wanderers,,,,
263,Phil Ofosu-Ayeh,28,181.0,Defender - Right-Back,Wolverhampton Wanderers,"Jun 30, 2019Jan 31, 2019Jan 30, 2019Aug 31, 2018",Würzb. KickersWolvesHansa RostockWolves,WolvesWürzb. KickersWolvesHansa Rostock,300 K €400 K €400 K €750 K €
264,Rúben Neves,22,180.0,Midfielder - Defensive Midfield,Wolverhampton Wanderers,,,,
265,Leander Dendoncker,24,188.0,Midfielder - Defensive Midfield,Wolverhampton Wanderers,"Jun 30, 2019Aug 9, 2018",WolvesRSC Anderlecht,RSC AnderlechtWolves,"18,00 mil. €17,00 mil. €"
266,Romain Saïss,29,188.0,Midfielder - Defensive Midfield,Wolverhampton Wanderers,,,,
267,João Moutinho,33,170.0,Midfielder - Central Midfield,Wolverhampton Wanderers,"Jul 24, 2018",Monaco,Wolves,"10,00 mil. €"
268,Morgan Gibbs-White,19,171.0,Midfielder - Central Midfield,Wolverhampton Wanderers,,,,
269,Bruno Jordão,21,180.0,Midfielder - Central Midfield,Wolverhampton Wanderers,"Jun 30, 2019",Lazio,Braga,"1,00 mil. €"
270,Ming-Yang Yang,24,172.0,Midfielder - Central Midfield,Wolverhampton Wanderers,"Jun 30, 2019Jul 1, 2018",FC JumillaWolves,WolvesFC Jumilla,250 K €325 K €
271,Diogo Jota,22,178.0,Forward - Left Winger,Wolverhampton Wanderers,"Jul 1, 2018",Atlético Madrid,Wolves,"12,00 mil. €"
272,Jordan Graham,24,182.0,Forward - Left Winger,Wolverhampton Wanderers,"May 31, 2019Jan 2, 2019Dec 31, 2018Aug 28, 2018",Oxford UnitedWolvesIpswichWolves,WolvesOxford UnitedWolvesIpswich,
273,Adama Traoré,23,178.0,Forward - Right Winger,Wolverhampton Wanderers,"Aug 8, 2018",Middlesbrough,Wolves,"8,00 mil. €"
274,Pedro Neto,19,172.0,Forward - Right Winger,Wolverhampton Wanderers,"Jun 30, 2019",Lazio,Braga,
275,RaÃºl JimÃ©nez,28,188.0,Forward - Centre-Forward,Wolverhampton Wanderers,"Jun 30, 2019Jul 1, 2018",WolvesBenfica,BenficaWolves,"35,00 mil. â‚¬15,00 mil. â‚¬"
276,Patrick Cutrone,21,183.0,Forward - Centre-Forward,Wolverhampton Wanderers,,,,
277,Martin Dubravka,30,191.0,Goalkeeper,Newcastle United,"Jul 1, 2018",Sparta Praha,Newcastle,"4,00 mil. €"
278,Karl Darlow,29,190.0,Goalkeeper,Newcastle United,,,,
279,Rob Elliot,33,190.0,Goalkeeper,Newcastle United,,,,
280,Jamaal Lascelles,25,188.0,Defender - Centre-Back,Newcastle United,,,,
281,Fabian Schär,27,186.0,Defender - Centre-Back,Newcastle United,"Jul 26, 2018",Dep. La Coruña,Newcastle,"3,00 mil. €"
282,Florian Lejeune,28,190.0,Defender - Centre-Back,Newcastle United,,,,
283,Federico Fernández,30,190.0,Defender - Centre-Back,Newcastle United,"Aug 9, 2018",Swansea,Newcastle,"8,00 mil. €"
284,Ciaran Clark,30,188.0,Defender - Centre-Back,Newcastle United,,,,
285,Paul Dummett,28,183.0,Defender - Left-Back,Newcastle United,,,,
286,Jetro Willems,25,169.0,Defender - Left-Back,Newcastle United,,,,
287,DeAndre Yedlin,26,173.0,Defender - Right-Back,Newcastle United,,,,
288,Emil Krafth,25,184.0,Defender - Right-Back,Newcastle United,"Jun 30, 2019Aug 7, 2018",SC AmiensBologna,BolognaSC Amiens,"2,50 mil. €1,50 mil. €"
289,Javier Manquillo,25,178.0,Defender - Right-Back,Newcastle United,,,,
290,Jamie Sterry,23,180.0,Defender - Right-Back,Newcastle United,"Mar 13, 2019Jan 26, 2019",Crewe AlexandraNewcastle,NewcastleCrewe Alexandra,
291,Isaac Hayden,24,186.0,Midfielder - Defensive Midfield,Newcastle United,,,,
292,Sung-yong Ki,30,190.0,Midfielder - Defensive Midfield,Newcastle United,"Jul 1, 2018",Swansea,Newcastle,"7,00 mil. €"
293,Jack Colback,29,177.0,Midfielder - Defensive Midfield,Newcastle United,"May 31, 2019Jul 20, 2018",Nottm ForestNewcastle,NewcastleNottm Forest,
294,Sean Longstaff,21,181.0,Midfielder - Central Midfield,Newcastle United,"Jan 1, 2019",Newcastle U23,Newcastle,
295,Jonjo Shelvey,27,184.0,Midfielder - Central Midfield,Newcastle United,,,,
296,Matt Ritchie,30,173.0,Midfielder - Right Midfield,Newcastle United,,,,
297,Miguel Almirón,25,174.0,Midfielder - Attacking Midfield,Newcastle United,"Jan 31, 2019",Atlanta United,Newcastle,"15,00 mil. €"
298,Henri Saivet,28,175.0,Midfielder - Attacking Midfield,Newcastle United,"Jun 30, 2019Aug 16, 2018",BursasporNewcastle,NewcastleBursaspor,"1,00 mil. €2,00 mil. €"
299,Christian Atsu,27,165.0,Forward - Left Winger,Newcastle United,,,,
300,Allan Saint-Maximin,22,173.0,Forward - Right Winger,Newcastle United,,,,
301,Joelinton,23,186.0,Forward - Centre-Forward,Newcastle United,,,,
302,Dwight Gayle,29,177.0,Forward - Centre-Forward,Newcastle United,"May 31, 2019Aug 6, 2018",West BromNewcastle,NewcastleWest Brom,
303,Yoshinori Muto,27,178.0,Forward - Centre-Forward,Newcastle United,"Aug 2, 2018",1.FSV Mainz 05,Newcastle,"6,00 mil. €"
304,Andy Carroll,30,193.0,Forward - Centre-Forward,Newcastle United,,,,
305,Angus Gunn,23,196.0,Goalkeeper,Southampton FC,"Jul 10, 2018",Man City,Southampton,"2,00 mil. €"
306,Alex McCarthy,29,193.0,Goalkeeper,Southampton FC,,,,
307,Jannik Vestergaard,27,199.0,Defender - Centre-Back,Southampton FC,"Jul 13, 2018",Bor. M'gladbach,Southampton,"14,00 mil. €"
308,Jan Bednarek,23,189.0,Defender - Centre-Back,Southampton FC,,,,
309,Jack Stephens,25,185.0,Defender - Centre-Back,Southampton FC,,,,
310,Kevin Danso,21,190.0,Defender - Centre-Back,Southampton FC,,,,
311,Maya Yoshida,31,189.0,Defender - Centre-Back,Southampton FC,,,,
312,Ryan Bertrand,30,179.0,Defender - Left-Back,Southampton FC,,,,
313,Sam McQueen,24,181.0,Defender - Left-Back,Southampton FC,"May 31, 2019Aug 30, 2018",MiddlesbroughSouthampton,SouthamptonMiddlesbrough,"1,00 mil. €1,00 mil. €"
314,Cédric Soares,28,171.0,Defender - Right-Back,Southampton FC,"Jun 30, 2019Jan 26, 2019",InterSouthampton,SouthamptonInter,"12,00 mil. €15,00 mil. €"
315,Yan Valery,20,180.0,Defender - Right-Back,Southampton FC,,,,0.0
316,Oriol Romeu,28,183.0,Midfielder - Defensive Midfield,Southampton FC,,,,
317,James Ward-Prowse,24,177.0,Midfielder - Central Midfield,Southampton FC,,,,
318,Pierre-Emile Höjbjerg,24,185.0,Midfielder - Central Midfield,Southampton FC,,,,
319,Stuart Armstrong,27,183.0,Midfielder - Central Midfield,Southampton FC,"Jul 1, 2018",Celtic,Southampton,"2,00 mil. €"
320,Nathan Redmond,25,173.0,Forward - Left Winger,Southampton FC,,,,
321,Moussa Djenepo,21,177.0,Forward - Left Winger,Southampton FC,,,,
322,Sofiane Boufal,26,175.0,Forward - Left Winger,Southampton FC,"Jun 30, 2019Jul 20, 2018",Celta de VigoSouthampton,SouthamptonCelta de Vigo,"12,00 mil. €12,00 mil. €"
323,Danny Ings,27,178.0,Forward - Centre-Forward,Southampton FC,"Jun 30, 2019Aug 9, 2018",SouthamptonLiverpool,LiverpoolSouthampton,"15,00 mil. €8,00 mil. €"
324,Che Adams,23,179.0,Forward - Centre-Forward,Southampton FC,,,,
325,Shane Long,32,180.0,Forward - Centre-Forward,Southampton FC,,,,
326,Michael Obafemi,19,170.0,Forward - Centre-Forward,Southampton FC,"Jan 1, 2019Jul 1, 2018",Southampton U23Southampton U18,SouthamptonSouthampton U23,
327,Wayne Hennessey,32,197.0,Goalkeeper,Crystal Palace,,,,
328,Vicente Guaita,32,190.0,Goalkeeper,Crystal Palace,"Jul 1, 2018",Getafe,Crystal Palace,"5,00 mil. €"
329,Stephen Henderson,31,188.0,Goalkeeper,Crystal Palace,"Dec 25, 2018Dec 4, 2018",WycombeNottm Forest,Nottm ForestWycombe,
330,Dion Henry,22,192.0,Goalkeeper,Crystal Palace,"May 31, 2019Jan 31, 2019",MaidstoneCrystal Palace,Crystal PalaceMaidstone,50 K €50 K €
331,Mamadou Sakho,29,187.0,Defender - Centre-Back,Crystal Palace,,,,
332,James Tomkins,30,192.0,Defender - Centre-Back,Crystal Palace,,,,
333,Gary Cahill,33,193.0,Defender - Centre-Back,Crystal Palace,,,,
334,Jairo Riedewald,23,182.0,Defender - Centre-Back,Crystal Palace,,,,
335,Scott Dann,32,194.0,Defender - Centre-Back,Crystal Palace,,,,
336,Patrick van Aanholt,29,176.0,Defender - Left-Back,Crystal Palace,,,,
337,Joel Ward,29,186.0,Defender - Right-Back,Crystal Palace,,,,
338,Martin Kelly,29,191.0,Defender - Right-Back,Crystal Palace,,,,
339,Luka Milivojevic,28,186.0,Midfielder - Defensive Midfield,Crystal Palace,,,,
340,Cheikhou KouyatÃ©,29,189.0,Midfielder - Defensive Midfield,Crystal Palace,"Aug 2, 2018",West Ham,Crystal Palace,"12,00 mil. â‚¬"
341,Víctor Camarasa,25,183.0,Midfielder - Central Midfield,Crystal Palace,"Jun 30, 2019Aug 9, 2018",CardiffReal Betis,Real BetisCardiff,"10,00 mil. €6,00 mil. €"
342,James McArthur,32,178.0,Midfielder - Central Midfield,Crystal Palace,,,,
343,James McCarthy,28,180.0,Midfielder - Central Midfield,Crystal Palace,,,,
344,Jeffrey Schlupp,26,178.0,Midfielder - Left Midfield,Crystal Palace,,,,
345,Max Meyer,24,173.0,Midfielder - Attacking Midfield,Crystal Palace,"Aug 2, 2018",FC Schalke 04,Crystal Palace,"18,00 mil. €"
346,Wilfried Zaha,26,180.0,Forward - Right Winger,Crystal Palace,,,,
347,Andros Townsend,28,181.0,Forward - Right Winger,Crystal Palace,,,,
348,Christian Benteke,28,190.0,Forward - Centre-Forward,Crystal Palace,,,,
349,Jordan Ayew,28,182.0,Forward - Centre-Forward,Crystal Palace,"May 31, 2019Aug 9, 2018",Crystal PalaceSwansea,SwanseaCrystal Palace,"8,00 mil. €8,00 mil. €"
350,Connor Wickham,26,189.0,Forward - Centre-Forward,Crystal Palace,,,,
351,Ben Foster,36,193.0,Goalkeeper,Watford FC,"Jul 5, 2018",West Brom,Watford,
352,Heurelho Gomes,38,191.0,Goalkeeper,Watford FC,,,,
353,Pontus Dahlberg,20,195.0,Goalkeeper,Watford FC,,,,
354,Daniel Bachmann,25,191.0,Goalkeeper,Watford FC,"May 20, 2019Aug 8, 2018",Kilmarnock FCWatford,WatfordKilmarnock FC,300 K €250 K €
355,Christian Kabasele,28,187.0,Defender - Centre-Back,Watford FC,,,,
356,Craig Dawson,29,188.0,Defender - Centre-Back,Watford FC,,,,
357,Craig Cathcart,30,189.0,Defender - Centre-Back,Watford FC,,,,
358,Adrian Mariappa,33,179.0,Defender - Centre-Back,Watford FC,,,,
359,Sebastian Prödl,32,194.0,Defender - Centre-Back,Watford FC,,,,
360,Adam Masina,25,191.0,Defender - Left-Back,Watford FC,"Jul 2, 2018",Bologna,Watford,"7,00 mil. €"
361,Marvin Zeegelaar,29,186.0,Defender - Left-Back,Watford FC,"Jun 30, 2019Jan 10, 2019",Udinese CalcioWatford,WatfordUdinese Calcio,"2,50 mil. €3,00 mil. €"
362,José Holebas,35,184.0,Defender - Left-Back,Watford FC,,,,
363,Daryl Janmaat,30,185.0,Defender - Right-Back,Watford FC,,,,
364,Kiko Femenía,28,171.0,Defender - Right-Back,Watford FC,,,,
365,Dimitri Foulquier,26,183.0,Defender - Right-Back,Watford FC,"Jun 30, 2019Aug 23, 2018",GetafeWatford,WatfordGetafe,"3,50 mil. €2,00 mil. €"
366,Étienne Capoue,31,189.0,Midfielder - Defensive Midfield,Watford FC,,,,
367,Nathaniel Chalobah,24,185.0,Midfielder - Defensive Midfield,Watford FC,,,,
368,Abdoulaye Doucouré,26,183.0,Midfielder - Central Midfield,Watford FC,,,,
369,Will Hughes,24,185.0,Midfielder - Central Midfield,Watford FC,,,,
370,Tom Cleverley,30,175.0,Midfielder - Central Midfield,Watford FC,,,,
371,Domingos Quina,19,173.0,Midfielder - Central Midfield,Watford FC,,,,0.0
372,Tom Dele-Bashiru,20,179.0,Midfielder - Central Midfield,Watford FC,,,,
373,Roberto Pereyra,28,182.0,Midfielder - Attacking Midfield,Watford FC,,,,
374,Isaac Success,23,182.0,Forward - Left Winger,Watford FC,,,,
375,Ismaïla Sarr,21,185.0,Forward - Right Winger,Watford FC,,,,
376,Gerard Deulofeu,25,177.0,Forward - Right Winger,Watford FC,"Jul 1, 2018",FC Barcelona,Watford,"14,00 mil. €"
377,Andre Gray,28,178.0,Forward - Centre-Forward,Watford FC,,,,
378,Danny Welbeck,28,185.0,Forward - Centre-Forward,Watford FC,,,,
379,Troy Deeney,31,184.0,Forward - Centre-Forward,Watford FC,,,,
380,Mathew Ryan,27,184.0,Goalkeeper,Brighton & Hove Albion,,,,
381,David Button,30,191.0,Goalkeeper,Brighton & Hove Albion,"Jul 16, 2018",Fulham,Brighton,
382,Jason Steele,29,188.0,Goalkeeper,Brighton & Hove Albion,"Jul 1, 2018",Sunderland,Brighton,750 K €
383,Lewis Dunk,27,192.0,Defender - Centre-Back,Brighton & Hove Albion,,,,
384,Adam Webster,24,190.0,Defender - Centre-Back,Brighton & Hove Albion,"Jul 1, 2018",Ipswich,Bristol City,750 K €
385,Shane Duffy,27,193.0,Defender - Centre-Back,Brighton & Hove Albion,,,,
386,Dan Burn,27,201.0,Defender - Centre-Back,Brighton & Hove Albion,"Jan 1, 2019Aug 10, 2018Aug 9, 2018",WiganBrightonWigan,BrightonWiganBrighton,
387,Leon Balogun,31,190.0,Defender - Centre-Back,Brighton & Hove Albion,"Jul 1, 2018",1.FSV Mainz 05,Brighton,"2,00 mil. €"
388,Bernardo,24,186.0,Defender - Left-Back,Brighton & Hove Albion,"Jul 5, 2018",RB Leipzig,Brighton,
389,Gaëtan Bong,31,183.0,Defender - Left-Back,Brighton & Hove Albion,,,,
390,Martín Montoya,28,175.0,Defender - Right-Back,Brighton & Hove Albion,"Aug 9, 2018",Valencia,Brighton,"8,00 mil. €"
391,Ezequiel Schelotto,30,187.0,Defender - Right-Back,Brighton & Hove Albion,"Jun 30, 2019Jan 28, 2019",Chievo VeronaBrighton,BrightonChievo Verona,"3,00 mil. €4,00 mil. €"
392,Tudor Baluta,20,191.0,Midfielder - Defensive Midfield,Brighton & Hove Albion,"Jun 30, 2019Feb 1, 2019Jan 31, 2019",FC ViitorulBrightonFC Viitorul,BrightonFC ViitorulBrighton,"4,50 mil. €1,30 mil. €1,30 mil. €"
393,Yves Bissouma,23,182.0,Midfielder - Central Midfield,Brighton & Hove Albion,"Jul 17, 2018",LOSC Lille,Brighton,"8,00 mil. €"
394,Davy Pröpper,28,185.0,Midfielder - Central Midfield,Brighton & Hove Albion,,,,
395,Aaron Mooy,29,179.0,Midfielder - Central Midfield,Brighton & Hove Albion,,,,
396,Pascal Groß,28,181.0,Midfielder - Central Midfield,Brighton & Hove Albion,,,,
397,Dale Stephens,29,185.0,Midfielder - Central Midfield,Brighton & Hove Albion,,,,
398,Andrew Crofts,35,175.0,Midfielder - Central Midfield,Brighton & Hove Albion,"Jul 1, 2018",Scunthorpe Utd.,Newport County,350 K €
399,Solly March,25,180.0,Midfielder - Left Midfield,Brighton & Hove Albion,,,,
400,Steven Alzate,21,180.0,Midfielder - Attacking Midfield,Brighton & Hove Albion,,,,0.0
401,Leandro Trossard,24,172.0,Forward - Left Winger,Brighton & Hove Albion,,,,
402,José Izquierdo,27,171.0,Forward - Left Winger,Brighton & Hove Albion,,,,
403,Alireza Jahanbakhsh,26,180.0,Forward - Right Winger,Brighton & Hove Albion,"Jul 25, 2018",AZ Alkmaar,Brighton,"18,00 mil. €"
404,Neal Maupay,23,173.0,Forward - Centre-Forward,Brighton & Hove Albion,,,,
405,Glenn Murray,36,186.0,Forward - Centre-Forward,Brighton & Hove Albion,,,,
406,Aaron Connolly,19,175.0,Forward - Centre-Forward,Brighton & Hove Albion,,,,0.0
407,Nick Pope,27,197.0,Goalkeeper,Burnley FC,,,,
408,Joe Hart,32,196.0,Goalkeeper,Burnley FC,"Aug 7, 2018",Man City,Burnley,"10,00 mil. €"
409,Bailey Peacock-Farrell,22,194.0,Goalkeeper,Burnley FC,,,,
410,Adam Legzdins,32,190.0,Goalkeeper,Burnley FC,,,,
411,James Tarkowski,26,185.0,Defender - Centre-Back,Burnley FC,,,,
412,Ben Mee,30,180.0,Defender - Centre-Back,Burnley FC,,,,
413,Ben Gibson,26,185.0,Defender - Centre-Back,Burnley FC,"Aug 5, 2018",Middlesbrough,Burnley,
414,Kevin Long,29,188.0,Defender - Centre-Back,Burnley FC,,,,
415,Charlie Taylor,26,176.0,Defender - Left-Back,Burnley FC,,,,
416,Erik Pieters,31,183.0,Defender - Left-Back,Burnley FC,"Jun 30, 2019Jan 31, 2019",SC AmiensStoke City,Stoke CitySC Amiens,"5,00 mil. €6,00 mil. €"
417,Matthew Lowton,30,180.0,Defender - Right-Back,Burnley FC,,,,
418,Phil Bardsley,34,180.0,Defender - Right-Back,Burnley FC,,,,
419,Jack Cork,30,185.0,Midfielder - Defensive Midfield,Burnley FC,,,,
420,Ashley Westwood,29,174.0,Midfielder - Defensive Midfield,Burnley FC,,,,
421,Jeff Hendrick,27,185.0,Midfielder - Central Midfield,Burnley FC,,,,
422,Danny Drinkwater,29,177.0,Midfielder - Central Midfield,Burnley FC,,,,
423,Robbie Brady,27,176.0,Midfielder - Left Midfield,Burnley FC,,,,
424,Dwight McNeil,19,183.0,Forward - Left Winger,Burnley FC,,,,0.0
425,Johann Berg Gudmundsson,28,186.0,Forward - Right Winger,Burnley FC,,,,
426,Aaron Lennon,32,165.0,Forward - Right Winger,Burnley FC,,,,
427,Chris Wood,27,191.0,Forward - Centre-Forward,Burnley FC,,,,
428,Ashley Barnes,29,186.0,Forward - Centre-Forward,Burnley FC,,,,
429,Jay Rodríguez,30,185.0,Forward - Centre-Forward,Burnley FC,,,,
430,Matej Vydra,27,180.0,Forward - Centre-Forward,Burnley FC,"Aug 7, 2018",Derby,Burnley,"8,00 mil. €"
431,Tom Heaton,33,188.0,Goalkeeper,Aston Villa,,,,
432,Lovre Kalinic,29,201.0,Goalkeeper,Aston Villa,"Jan 1, 2019",KAA Gent,Aston Villa,"6,50 mil. €"
433,Jed Steer,27,182.0,Goalkeeper,Aston Villa,"Dec 31, 2018Aug 10, 2018",CharltonAston Villa,Aston VillaCharlton,500 K €500 K €
434,Örjan Nyland,29,192.0,Goalkeeper,Aston Villa,"Aug 7, 2018",FC Ingolstadt,Aston Villa,800 K €
435,Tyrone Mings,26,195.0,Defender - Centre-Back,Aston Villa,"May 31, 2019Jan 31, 2019",Aston VillaBournemouth,BournemouthAston Villa,
436,BjÃ¶rn Engels,25,194.0,Defender - Centre-Back,Aston Villa,"Jun 30, 2019Aug 19, 2018",ReimsOlympiacos,OlympiacosReims,"6,00 mil. â‚¬6,00 mil. â‚¬"
437,James Chester,30,177.0,Defender - Centre-Back,Aston Villa,,,,
438,Ezri Konsa,21,183.0,Defender - Centre-Back,Aston Villa,"Jul 1, 2018",Charlton,Brentford,500 K €
439,Kortney Hause,24,191.0,Defender - Centre-Back,Aston Villa,"Jun 30, 2019Jan 7, 2019",Aston VillaWolves,WolvesAston Villa,"1,00 mil. €1,00 mil. €"
440,Matt Targett,24,183.0,Defender - Left-Back,Aston Villa,,,,
441,Neil Taylor,30,176.0,Defender - Left-Back,Aston Villa,,,,
442,Frédéric Guilbert,24,178.0,Defender - Right-Back,Aston Villa,"Jun 30, 2019Feb 1, 2019Jan 31, 2019",SM CaenAston VillaSM Caen,Aston VillaSM CaenAston Villa,"6,00 mil. €7,00 mil. €7,00 mil. €"
443,Ahmed Elmohamady,32,182.0,Defender - Right-Back,Aston Villa,,,,
444,Marvelous Nakamba,25,177.0,Midfielder - Defensive Midfield,Aston Villa,,,,
445,Douglas Luiz,21,178.0,Midfielder - Central Midfield,Aston Villa,"Jun 30, 2019",Girona,Man City,"2,50 mil. €"
446,John McGinn,25,178.0,Midfielder - Central Midfield,Aston Villa,"Aug 8, 2018",Hibernian FC,Aston Villa,"1,75 mil. €"
447,Conor Hourihane,28,181.0,Midfielder - Central Midfield,Aston Villa,,,,
448,Henri Lansbury,29,183.0,Midfielder - Central Midfield,Aston Villa,,,,
449,Jack Grealish,24,175.0,Midfielder - Attacking Midfield,Aston Villa,,,,
450,Trezeguet,25,179.0,Forward - Left Winger,Aston Villa,"Jul 1, 2018",RSC Anderlecht,Kasimpasa,"3,50 mil. €"
451,Anwar El Ghazi,24,189.0,Forward - Right Winger,Aston Villa,"Jun 30, 2019Aug 22, 2018",Aston VillaLOSC Lille,LOSC LilleAston Villa,"7,50 mil. €5,00 mil. €"
452,Jota,28,180.0,Forward - Right Winger,Aston Villa,,,,
453,Wesley,22,191.0,Forward - Centre-Forward,Aston Villa,,,,
454,Jonathan Kodjia,29,189.0,Forward - Centre-Forward,Aston Villa,,,,
455,Keinan Davis,21,178.0,Forward - Centre-Forward,Aston Villa,,,,
456,Tim Krul,31,193.0,Goalkeeper,Norwich City,"Jul 24, 2018",Brighton,Norwich,"2,50 mil. €"
457,Ralf Fährmann,31,197.0,Goalkeeper,Norwich City,,,,
458,Michael McGovern,35,190.0,Goalkeeper,Norwich City,,,,
459,Ben Godfrey,21,183.0,Defender - Centre-Back,Norwich City,,,,
460,Christoph Zimmermann,26,194.0,Defender - Centre-Back,Norwich City,,,,
461,Grant Hanley,27,188.0,Defender - Centre-Back,Norwich City,,,,
462,Timm Klose,31,195.0,Defender - Centre-Back,Norwich City,,,,
463,Jamal Lewis,21,,Defender - Left-Back,Norwich City,,,,
464,Philip Heise,28,184.0,Defender - Left-Back,Norwich City,"Jan 31, 2019",Dynamo Dresden,Norwich,"1,00 mil. €"
465,Max Aarons,19,178.0,Defender - Right-Back,Norwich City,,,,0.0
466,Sam Byram,26,183.0,Defender - Right-Back,Norwich City,"May 31, 2019Aug 10, 2018",Nottm ForestWest Ham,West HamNottm Forest,"4,00 mil. €4,00 mil. €"
467,Ibrahim Amadou,26,183.0,Midfielder - Defensive Midfield,Norwich City,"Jul 1, 2018",LOSC Lille,Sevilla FC,"3,50 mil. €"
468,Tom Trybull,26,181.0,Midfielder - Defensive Midfield,Norwich City,,,,
469,Alexander Tettey,33,181.0,Midfielder - Defensive Midfield,Norwich City,,,,
470,Mario Vrancic,30,187.0,Midfielder - Central Midfield,Norwich City,,,,
471,Moritz Leitner,26,174.0,Midfielder - Central Midfield,Norwich City,"Jul 1, 2018",FC Augsburg,Norwich,
472,Kenny McLean,27,180.0,Midfielder - Central Midfield,Norwich City,,,,
473,Todd Cantwell,21,177.0,Midfielder - Left Midfield,Norwich City,"Jul 1, 2018",Norwich U23,Norwich,
474,Marco Stiepermann,28,190.0,Midfielder - Attacking Midfield,Norwich City,,,,
475,Onel Hernández,26,172.0,Forward - Left Winger,Norwich City,,,,
476,Emiliano Buendía,22,172.0,Forward - Right Winger,Norwich City,"Jul 1, 2018",Getafe,Norwich,"2,50 mil. €"
477,Patrick Roberts,22,167.0,Forward - Right Winger,Norwich City,"Jun 30, 2019Aug 16, 2018",GironaMan City,Man CityGirona,"5,00 mil. €7,50 mil. €"
478,Teemu Pukki,29,180.0,Forward - Centre-Forward,Norwich City,"Jul 1, 2018",Bröndby IF,Norwich,"2,00 mil. €"
479,Josip Drmic,27,184.0,Forward - Centre-Forward,Norwich City,,,,
480,Dennis Srbeny,25,190.0,Forward - Centre-Forward,Norwich City,,,,
481,Dean Henderson,22,188.0,Goalkeeper,Sheffield United,"May 31, 2019Jul 1, 2018",Sheffield Utd.Man Utd U23,Man Utd U23Sheffield Utd.,"2,50 mil. €250 K €"
482,Michael Verrips,22,196.0,Goalkeeper,Sheffield United,"Jul 1, 2018",Sparta R.,KV Mechelen,250 K €
483,Simon Moore,29,191.0,Goalkeeper,Sheffield United,,,,
484,John Egan,26,185.0,Defender - Centre-Back,Sheffield United,"Jul 19, 2018",Brentford,Sheffield Utd.,"1,50 mil. €"
485,Jack O'Connell,25,191.0,Defender - Centre-Back,Sheffield United,,,,
486,Chris Basham,31,190.0,Defender - Centre-Back,Sheffield United,,,,
487,Phil Jagielka,37,180.0,Defender - Centre-Back,Sheffield United,,,,
488,Richard Stearman,32,191.0,Defender - Centre-Back,Sheffield United,,,,
489,Kean Bryan,22,185.0,Defender - Centre-Back,Sheffield United,"Aug 2, 2018",Man City U23,Sheffield Utd.,
490,Enda Stevens,29,183.0,Defender - Left-Back,Sheffield United,,,,
491,George Baldock,26,178.0,Defender - Right-Back,Sheffield United,,,,
492,Kieron Freeman,27,178.0,Defender - Right-Back,Sheffield United,,,,
493,Muhamed Besic,27,180.0,Midfielder - Defensive Midfield,Sheffield United,"May 31, 2019Aug 23, 2018",MiddlesbroughEverton,EvertonMiddlesbrough,"5,00 mil. €5,00 mil. €"
494,John Fleck,28,169.0,Midfielder - Central Midfield,Sheffield United,,,,
495,Oliver Norwood,28,175.0,Midfielder - Central Midfield,Sheffield United,"Jan 4, 2019Jan 3, 2019Aug 13, 2018",BrightonSheffield Utd.Brighton,Sheffield Utd.BrightonSheffield Utd.,"3,00 mil. €3,00 mil. €3,00 mil. €"
496,John Lundstram,25,181.0,Midfielder - Central Midfield,Sheffield United,,,,
497,Ben Osborn,25,176.0,Midfielder - Left Midfield,Sheffield United,,,,
498,Luke Freeman,27,176.0,Midfielder - Attacking Midfield,Sheffield United,,,,
499,Ravel Morrison,26,175.0,Midfielder - Attacking Midfield,Sheffield United,"Feb 14, 2019",Lazio,Östersund,400 K €
500,Callum Robinson,24,178.0,Forward - Left Winger,Sheffield United,,,,
501,Ricky Holmes,32,188.0,Forward - Left Winger,Sheffield United,"May 4, 2019Jan 31, 2019Jan 21, 2019Aug 9, 2018",Gillingham FCSheffield Utd.Oxford UnitedSheffield Utd.,Sheffield Utd.Gillingham FCSheffield Utd.Oxford United,500 K €500 K €500 K €500 K €
502,Oliver McBurnie,23,188.0,Forward - Centre-Forward,Sheffield United,,,,
503,Lys Mousset,23,184.0,Forward - Centre-Forward,Sheffield United,,,,
504,Billy Sharp,33,175.0,Forward - Centre-Forward,Sheffield United,,,,
505,David McGoldrick,31,184.0,Forward - Centre-Forward,Sheffield United,"Jul 24, 2018",Ipswich,Sheffield Utd.,"1,00 mil. €"
506,Leon Clarke,34,188.0,Forward - Centre-Forward,Sheffield United,"May 31, 2019Jan 30, 2019",WiganSheffield Utd.,Sheffield Utd.Wigan,750 K €750 K €
