,fifa_name,overall,club,value_eur,wage_eur,player_positions,year,potential,player_positions.1,preferred_foot,international_reputation,weak_foot,skill_moves,team_position,team_jersey_number,joined_x,contract_valid_until,pace,shooting,passing,dribbling,defending,physic,gk_diving,gk_handling,gk_kicking,gk_reflexes,gk_speed,gk_positioning,player_traits,attacking_crossing,attacking_finishing,attacking_heading_accuracy,attacking_short_passing,attacking_volleys,skill_dribbling,skill_curve,skill_fk_accuracy,skill_long_passing,skill_ball_control,movement_acceleration,movement_sprint_speed,movement_agility,movement_reactions,movement_balance,power_shot_power,power_jumping,power_stamina,power_strength,power_long_shots,mentality_aggression,mentality_interceptions,mentality_positioning,mentality_vision,mentality_penalties,mentality_composure,defending_marking,defending_standing_tackle,defending_sliding_tackle,goalkeeping_diving,goalkeeping_handling,goalkeeping_kicking,goalkeeping_positioning,goalkeeping_reflexes,trans_name,match_name,score,name,age,height,position,current club,date,left,joined_y,mv
0,Alisson,89,Liverpool,58000000,155000,GK,19/20,91,GK,Right,3,3,1,GK,1.0,2018-07-19,2024.0,,,,,,,85.0,84.0,85.0,89.0,51.0,90.0,"Flair, Swerve Pass",17,13,19,45,20,27,19,18,44,30,56,47,40,88,37,64,52,32,78,14,27,11,13,66,23,65,15,19,16,85,84,85,90,89,Alisson,Alisson,100,,,,,,,,,
1,Alisson,85,Liverpool,36500000,115000,GK,18/19,90,GK,Right,3,3,1,GK,13.0,2018-07-19,2024.0,,,,,,,82.0,81.0,85.0,88.0,49.0,83.0,"Puncher, GK Long Throw, Rushes Out Of Goal",17,13,19,45,20,27,19,18,44,30,54,45,40,83,37,21,52,32,78,14,27,11,13,66,23,65,15,19,16,82,81,85,83,88,Alisson,Alisson,100,Alisson,27.0,191.0,Goalkeeper,Liverpool FC,"Jul 19, 2018",AS Roma,Liverpool,60000000.0
2,Alisson,89,Liverpool,58000000,155000,GK,19/20,91,GK,Right,3,3,1,GK,1.0,2018-07-19,2024.0,,,,,,,85.0,84.0,85.0,89.0,51.0,90.0,"Flair, Swerve Pass",17,13,19,45,20,27,19,18,44,30,56,47,40,88,37,64,52,32,78,14,27,11,13,66,23,65,15,19,16,85,84,85,90,89,Alisson,Alisson,100,,,,,,,,,
3,Alisson,85,Liverpool,36500000,115000,GK,18/19,90,GK,Right,3,3,1,GK,13.0,2018-07-19,2024.0,,,,,,,82.0,81.0,85.0,88.0,49.0,83.0,"Puncher, GK Long Throw, Rushes Out Of Goal",17,13,19,45,20,27,19,18,44,30,54,45,40,83,37,21,52,32,78,14,27,11,13,66,23,65,15,19,16,82,81,85,83,88,Alisson,Alisson,100,Alisson,27.0,191.0,Goalkeeper,Liverpool FC,"Jul 19, 2018",AS Roma,Liverpool,60000000.0
4,Ederson,88,Manchester City,54500000,185000,GK,19/20,91,GK,Left,2,3,1,GK,31.0,2017-07-01,2024.0,,,,,,,86.0,82.0,93.0,88.0,63.0,86.0,"Leadership, Swerve Pass, Acrobatic Clearance",20,14,14,56,18,23,15,20,58,40,64,63,60,87,48,70,66,41,68,18,38,27,20,70,17,70,29,15,8,86,82,93,86,88,Ederson,Ederson,100,,,,,,,,,
5,Ederson,83,Manchester City,26000000,87000,GK,17/18,89,GK,Left,2,2,1,GK,31.0,2017-07-01,2022.0,,,,,,,81.0,76.0,82.0,87.0,63.0,78.0,"Long Passer (CPU AI Only), Rushes Out Of Goal, Comes For Crosses",20,14,14,15,18,21,12,20,30+5,30,64,63+1,60+10,86+1,40,42,58+8,38,68-1,18,35+8,25,16,60,17,58+27,9,15,8,81,76,82,78,87,Ederson,Ederson,100,Ederson,26.0,188.0,Goalkeeper,Manchester City,"Jul 1, 2017",Benfica,Man City,22000000.0
6,Ederson,86,Manchester City,41500000,125000,GK,18/19,90,GK,Left,2,3,1,GK,31.0,2017-07-01,2025.0,,,,,,,85.0,80.0,90.0,87.0,63.0,82.0,"Long Passer (CPU AI Only), Rushes Out Of Goal, Comes For Crosses",20,14,14,56,18,23,15,20,55,37,64,63,60,86,48,42,58,41,68,18,35,25,20,67,17,70,28,15,8,85,80,90,82,87,Ederson,Ederson,100,,,,,,,,,
7,Ederson,88,Manchester City,54500000,185000,GK,19/20,91,GK,Left,2,3,1,GK,31.0,2017-07-01,2024.0,,,,,,,86.0,82.0,93.0,88.0,63.0,86.0,"Leadership, Swerve Pass, Acrobatic Clearance",20,14,14,56,18,23,15,20,58,40,64,63,60,87,48,70,66,41,68,18,38,27,20,70,17,70,29,15,8,86,82,93,86,88,Ederson,Ederson,100,,,,,,,,,
8,Ederson,83,Manchester City,26000000,87000,GK,17/18,89,GK,Left,2,2,1,GK,31.0,2017-07-01,2022.0,,,,,,,81.0,76.0,82.0,87.0,63.0,78.0,"Long Passer (CPU AI Only), Rushes Out Of Goal, Comes For Crosses",20,14,14,15,18,21,12,20,30+5,30,64,63+1,60+10,86+1,40,42,58+8,38,68-1,18,35+8,25,16,60,17,58+27,9,15,8,81,76,82,78,87,Ederson,Ederson,100,Ederson,26.0,188.0,Goalkeeper,Manchester City,"Jul 1, 2017",Benfica,Man City,22000000.0
9,Ederson,86,Manchester City,41500000,125000,GK,18/19,90,GK,Left,2,3,1,GK,31.0,2017-07-01,2025.0,,,,,,,85.0,80.0,90.0,87.0,63.0,82.0,"Long Passer (CPU AI Only), Rushes Out Of Goal, Comes For Crosses",20,14,14,56,18,23,15,20,55,37,64,63,60,86,48,42,58,41,68,18,35,25,20,67,17,70,28,15,8,85,80,90,82,87,Ederson,Ederson,100,,,,,,,,,
10,Kepa,84,Chelsea,31000000,92000,GK,19/20,89,GK,Right,1,4,1,GK,1.0,2018-08-08,2024.0,,,,,,,84.0,82.0,86.0,85.0,33.0,80.0,"Flair, Flair Passes",25,11,18,51,18,10,25,19,53,16,34,33,41,78,39,65,71,37,51,14,18,21,15,57,24,63,19,18,16,84,82,86,80,85,Kepa,Kepa,100,,,,,,,,,
11,Kepa,83,Chelsea,28500000,84000,GK,18/19,91,GK,Right,1,4,1,GK,1.0,2018-08-08,2025.0,,,,,,,84.0,80.0,76.0,84.0,33.0,80.0,"GK Long Throw, Comes For Crosses, Saves with Feet",25,11,17,32,18,10,25,19,36,16,34,33,41,79,39,25,71,37,51,14,18,21,15,55,24,63,19,18,16,84,80,76,80,84,Kepa,Kepa,100,Kepa,25.0,186.0,Goalkeeper,Chelsea FC,"Aug 8, 2018",Athletic,Chelsea,20000000.0
12,B. Leno,84,Arsenal,26000000,91000,GK,19/20,86,GK,Right,3,3,1,GK,1.0,2018-07-01,2023.0,,,,,,,83.0,81.0,78.0,85.0,56.0,84.0,Swerve Pass,9,9,13,45,10,16,9,8,42,30,55,56,52,79,44,59,73,43,68,14,28,22,7,54,23,66,27,15,18,83,81,78,84,85,Bernd Leno,B. Leno,71,,,,,,,,,
13,B. Leno,84,Arsenal,27000000,115000,GK,18/19,87,GK,Right,3,4,1,SUB,19.0,2018-07-01,2023.0,,,,,,,84.0,82.0,73.0,82.0,49.0,85.0,Cautious With Crosses,9,9,13,37,10,16,9,8,33,22,46,52,52,80,44,23,73,43,68,14,28,22,7,53,23,65,27,15,18,84,82,73,85,82,Bernd Leno,B. Leno,71,,,,,,,,,
14,J. Pickford,83,Everton,24000000,78000,GK,19/20,86,GK,Left,1,4,1,GK,1.0,2017-06-15,2024.0,,,,,,,82.0,78.0,87.0,86.0,48.0,82.0,"Leadership, Swerve Pass, Flair Passes",17,19,15,55,20,14,18,16,56,40,53,44,55,84,55,65,77,45,70,13,42,24,18,68,45,68,21,20,12,82,78,87,82,86,Jordan Pickford,J. Pickford,77,,,,,,,,,
15,J. Pickford,73,Sunderland,4100000,10000,GK,16/17,83,GK,Left,1,3,1,SUB,13.0,2014-05-21,2020.0,,,,,,,72.0,75.0,82.0,74.0,44.0,71.0,Puncher,17,19,15,28,20,14,18,16,33,21,48,41,33,64,67,31+9,59,44,50,13,23,24,18,65,41,27,14,20,12,72,75+7,82,71,74,Jordan Pickford,J. Pickford,77,,,,,,,,,
16,J. Pickford,77,Everton,10000000,59000,GK,17/18,85,GK,Left,1,3,1,GK,1.0,2017-06-15,2022.0,,,,,,,77.0,76.0,85.0,82.0,44.0,73.0,"Long Passer (CPU AI Only), Puncher",17,19,15,50+22,20,14,18,16,53+20,38+17,48,41,33,68,46-21,31,59,44,50,13,23,24,18,66,41,51+24,14,20,12,77+3,76,85,73,82+4,Jordan Pickford,J. Pickford,77,,,,,,,,,
17,J. Pickford,83,Everton,23500000,78000,GK,18/19,86,GK,Left,1,4,1,GK,1.0,2017-06-15,2022.0,,,,,,,83.0,77.0,88.0,86.0,48.0,80.0,"Long Passer (CPU AI Only), Puncher",17,19,15,53,20,14,18,16,54,38,53,44,55,82,55,31,72,45,69,13,25,24,18,68,41,69,11,20,12,83,77,88,80,86,Jordan Pickford,J. Pickford,77,,,,,,,,,
18,Rui Patrício,83,Wolverhampton Wanderers,16500000,82000,GK,19/20,83,GK,Left,3,2,1,GK,11.0,2018-06-18,2022.0,,,,,,,84.0,80.0,77.0,82.0,55.0,81.0,"Diver, Second Wind",12,12,11,31,17,20,10,16,30,23,53,57,61,77,54,58,79,45,77,11,39,22,13,64,32,66,14,13,11,84,80,77,81,82,Rui Patrício,Rui Patrício,100,,,,,,,,,
19,Rui Patrício,83,Wolverhampton Wanderers,16500000,74000,GK,18/19,83,GK,Left,3,2,1,GK,11.0,2018-06-18,2022.0,,,,,,,85.0,81.0,80.0,82.0,55.0,79.0,"Injury Free, Avoids Using Weaker Foot, GK Up for Corners",12,12,11,31,17,20,10,16,30,23,53,57,61,80,54,38,79,45,77,11,39,22,13,64,32,66,14,13,11,85,81,80,79,82,Rui Patrício,Rui Patrício,100,Rui Patrício,31.0,190.0,Goalkeeper,Wolverhampton Wanderers,"Jul 1, 2018",Sporting CP,Wolves,16000000.0
20,M. Ryan,80,Brighton & Hove Albion,12500000,43000,GK,19/20,82,GK,Right,1,4,1,GK,1.0,2017-07-01,2022.0,,,,,,,81.0,75.0,82.0,83.0,52.0,78.0,"Flair, Swerve Pass",23,11,14,40,15,13,23,12,45,24,53,52,53,73,50,62,78,34,68,18,36,23,10,68,25,64,10,20,17,81,75,82,78,83,Mathew Ryan,M. Ryan,67,,,,,,,,,
21,M. Ryan,77,Brighton & Hove Albion,8000000,36000,GK,17/18,80,GK,Right,1,4,1,GK,1.0,2017-07-01,2022.0,,,,,,,76.0,74.0,90.0,78.0,52.0,74.0,"GK Long Throw, Rushes Out Of Goal, Comes For Crosses",23,11,14,40,15-8,13,23,12,45,24,53,52,53,73-2,50,35,78,34,68,18-12,36,23,10,68+10,25,56,16,20,17,76-5,74-1,90+7,74,78-1,Mathew Ryan,M. Ryan,67,,,,,,,,,
22,M. Ryan,79,Brighton & Hove Albion,10500000,41000,GK,18/19,81,GK,Right,1,4,1,GK,1.0,2017-07-01,2022.0,,,,,,,80.0,74.0,84.0,83.0,52.0,78.0,"GK Long Throw, Rushes Out Of Goal, Comes For Crosses",23,11,14,40,15,13,23,12,45,24,53,52,53,73,50,35,78,34,68,18,36,23,10,68,25,64,10,20,17,80+2,74,84,78+1,83+3,Mathew Ryan,M. Ryan,67,,,,,,,,,
23,M. Ryan,80,Brighton & Hove Albion,12500000,43000,GK,19/20,82,GK,Right,1,4,1,GK,1.0,2017-07-01,2022.0,,,,,,,81.0,75.0,82.0,83.0,52.0,78.0,"Flair, Swerve Pass",23,11,14,40,15,13,23,12,45,24,53,52,53,73,50,62,78,34,68,18,36,23,10,68,25,64,10,20,17,81,75,82,78,83,Mathew Ryan,M. Ryan,67,,,,,,,,,
24,M. Ryan,77,Brighton & Hove Albion,8000000,36000,GK,17/18,80,GK,Right,1,4,1,GK,1.0,2017-07-01,2022.0,,,,,,,76.0,74.0,90.0,78.0,52.0,74.0,"GK Long Throw, Rushes Out Of Goal, Comes For Crosses",23,11,14,40,15-8,13,23,12,45,24,53,52,53,73-2,50,35,78,34,68,18-12,36,23,10,68+10,25,56,16,20,17,76-5,74-1,90+7,74,78-1,Mathew Ryan,M. Ryan,67,,,,,,,,,
25,M. Ryan,79,Brighton & Hove Albion,10500000,41000,GK,18/19,81,GK,Right,1,4,1,GK,1.0,2017-07-01,2022.0,,,,,,,80.0,74.0,84.0,83.0,52.0,78.0,"GK Long Throw, Rushes Out Of Goal, Comes For Crosses",23,11,14,40,15,13,23,12,45,24,53,52,53,73,50,35,78,34,68,18,36,23,10,68,25,64,10,20,17,80+2,74,84,78+1,83+3,Mathew Ryan,M. Ryan,67,,,,,,,,,
26,M. Dúbravka,80,Newcastle United,11500000,37000,GK,19/20,81,GK,Right,1,2,1,GK,12.0,2018-06-09,2022.0,,,,,,,77.0,80.0,81.0,81.0,46.0,79.0,"Flair, Acrobatic Clearance",12,10,12,48,11,19,15,13,45,35,49,44,44,73,60,61,75,40,60,17,26,25,10,54,20,59,19,15,14,77,80,81,79,81,Martin Dubravka,M. Dúbravka,69,,,,,,,,,
27,M. Dúbravka,77,Newcastle United,7000000,37000,GK,18/19,79,GK,Right,1,2,1,GK,12.0,2018-06-09,2022.0,,,,,,,75.0,79.0,81.0,78.0,46.0,75.0,"Leadership, GK Long Throw, Comes For Crosses",12,10,12,48,11,19,15,13,45,31,49+2,44,42,72+2,60,22,70,40,60,17,26,25,10,52,20,59+1,17,15,14,75,79+1,81,75,78,Martin Dubravka,M. Dúbravka,69,,,,,,,,,
28,M. Dúbravka,80,Newcastle United,11500000,37000,GK,19/20,81,GK,Right,1,2,1,GK,12.0,2018-06-09,2022.0,,,,,,,77.0,80.0,81.0,81.0,46.0,79.0,"Flair, Acrobatic Clearance",12,10,12,48,11,19,15,13,45,35,49,44,44,73,60,61,75,40,60,17,26,25,10,54,20,59,19,15,14,77,80,81,79,81,Martin Dubravka,M. Dúbravka,69,,,,,,,,,
29,M. Dúbravka,77,Newcastle United,7000000,37000,GK,18/19,79,GK,Right,1,2,1,GK,12.0,2018-06-09,2022.0,,,,,,,75.0,79.0,81.0,78.0,46.0,75.0,"Leadership, GK Long Throw, Comes For Crosses",12,10,12,48,11,19,15,13,45,31,49+2,44,42,72+2,60,22,70,40,60,17,26,25,10,52,20,59+1,17,15,14,75,79+1,81,75,78,Martin Dubravka,M. Dúbravka,69,,,,,,,,,
30,S. Romero,80,Manchester United,9000000,85000,GK,19/20,80,GK,Right,3,3,1,SUB,22.0,2015-07-27,2021.0,,,,,,,79.0,76.0,81.0,83.0,45.0,79.0,"Flair, Acrobatic Clearance",11,14,12,39,17,12,12,13,48,40,47,44,55,80,44,61,63,35,75,11,33,21,11,55,16,62,14,11,15,79,76,81,79,83,Roberto,S. Romero,62,,,,,,,,,
31,S. Romero,76,Manchester United,4600000,100000,GK,15/16,76,GK,Right,3,3,1,SUB,20.0,2015-07-27,2018.0,,,,,,,76.0,67.0,81.0,82.0,43.0,73.0,GK Long Throw,11-14,14-11,12-13,38+1,17-8,12-13,12-13,13-12,36+1,25+1,44,42,52,79+1,44,14-11,63,35,75,11-14,33+1,21+1,11-14,42+17,16-9,,14-11,11-14,15-10,76+1,67+1,81+1,73+1,82+1,Roberto,S. Romero,62,,,,,,,,,
32,S. Romero,79,Manchester United,8500000,60000,GK,16/17,79,GK,Right,3,3,1,SUB,20.0,2015-07-27,2018.0,,,,,,,76.0,70.0,81.0,82.0,43.0,76.0,"GK Long Throw, Comes For Crosses",11,14,12,38,17,12,12,13,36,25,44,42,52,79,44,14,63,35,75,11,33,21,11,42,16,52,14,11,15,76,70+3,81,76+3,82,Roberto,S. Romero,62,,,,,,,,,
33,S. Romero,80,Manchester United,9500000,97000,GK,17/18,80,GK,Right,3,3,1,SUB,20.0,2015-07-27,2021.0,,,,,,,78.0,76.0,81.0,82.0,45.0,78.0,"GK Long Throw, Comes For Crosses",11,14,12,39+1,17,12,12,13,48+12,40+15,47,44,52,77-2,44,14,63,35,75,11,33,21,11,55+11,16,63+11,14,11,15,78+1,76+1,81,78,82-1,Roberto,S. Romero,62,,,,,,,,,
34,S. Romero,80,Manchester United,9000000,91000,GK,18/19,80,GK,Right,3,3,1,RES,22.0,2015-07-27,2021.0,,,,,,,78.0,76.0,81.0,82.0,45.0,77.0,"Injury Prone, GK Long Throw, Comes For Crosses",11,14,12,39,17,12,12,13,48,40,47,44,52,78,44,14,63,35,75,11,33,21,11,55,16,62,14,11,15,78,76,81,77,82,Roberto,S. Romero,62,,,,,,,,,
35,S. Romero,80,Manchester United,9000000,85000,GK,19/20,80,GK,Right,3,3,1,SUB,22.0,2015-07-27,2021.0,,,,,,,79.0,76.0,81.0,83.0,45.0,79.0,"Flair, Acrobatic Clearance",11,14,12,39,17,12,12,13,48,40,47,44,55,80,44,61,63,35,75,11,33,21,11,55,16,62,14,11,15,79,76,81,79,83,Roberto,S. Romero,62,,,,,,,,,
36,S. Romero,76,Manchester United,4600000,100000,GK,15/16,76,GK,Right,3,3,1,SUB,20.0,2015-07-27,2018.0,,,,,,,76.0,67.0,81.0,82.0,43.0,73.0,GK Long Throw,11-14,14-11,12-13,38+1,17-8,12-13,12-13,13-12,36+1,25+1,44,42,52,79+1,44,14-11,63,35,75,11-14,33+1,21+1,11-14,42+17,16-9,,14-11,11-14,15-10,76+1,67+1,81+1,73+1,82+1,Roberto,S. Romero,62,,,,,,,,,
37,S. Romero,79,Manchester United,8500000,60000,GK,16/17,79,GK,Right,3,3,1,SUB,20.0,2015-07-27,2018.0,,,,,,,76.0,70.0,81.0,82.0,43.0,76.0,"GK Long Throw, Comes For Crosses",11,14,12,38,17,12,12,13,36,25,44,42,52,79,44,14,63,35,75,11,33,21,11,42,16,52,14,11,15,76,70+3,81,76+3,82,Roberto,S. Romero,62,,,,,,,,,
38,S. Romero,80,Manchester United,9500000,97000,GK,17/18,80,GK,Right,3,3,1,SUB,20.0,2015-07-27,2021.0,,,,,,,78.0,76.0,81.0,82.0,45.0,78.0,"GK Long Throw, Comes For Crosses",11,14,12,39+1,17,12,12,13,48+12,40+15,47,44,52,77-2,44,14,63,35,75,11,33,21,11,55+11,16,63+11,14,11,15,78+1,76+1,81,78,82-1,Roberto,S. Romero,62,,,,,,,,,
39,S. Romero,80,Manchester United,9000000,91000,GK,18/19,80,GK,Right,3,3,1,RES,22.0,2015-07-27,2021.0,,,,,,,78.0,76.0,81.0,82.0,45.0,77.0,"Injury Prone, GK Long Throw, Comes For Crosses",11,14,12,39,17,12,12,13,48,40,47,44,52,78,44,14,63,35,75,11,33,21,11,55,16,62,14,11,15,78,76,81,77,82,Roberto,S. Romero,62,,,,,,,,,
40,R. Fährmann,80,Norwich City,10000000,43000,GK,19/20,80,GK,Right,2,1,1,SUB,21.0,,2020.0,,,,,,,82.0,79.0,44.0,84.0,43.0,79.0,"Giant Throw-in, Acrobatic Clearance, Flair Passes",14,11,15,25,11,15,18,11,26,24,38,47,39,81,36,33,72,32,79,9,36,23,11,42,21,61,10,12,10,82,79,44,79,84,Ralf Fährmann,R. Fährmann,83,,,,,,,,,
41,N. Pope,79,Burnley,11000000,32000,GK,19/20,82,GK,Right,1,3,1,GK,1.0,2016-07-20,2023.0,,,,,,,78.0,80.0,75.0,79.0,48.0,80.0,"Acrobatic Clearance, Flair Passes",11,14,11,32,14,15,13,12,35,24,50,47,36,70,45,56,72,37,73,15,36,21,13,43,22,62,14,15,14,78,80,75,80,79,Nick Pope,N. Pope,75,,,,,,,,,
42,N. Pope,58,Charlton Athletic,160000,3000,GK,15/16,65,GK,Right,1,3,1,GK,30.0,2011-07-01,2018.0,,,,,,,60.0,58.0,47.0,58.0,47.0,60.0,Puncher,11-14,14-11,11-14,32+1,14-11,13-12,11-14,12-13,35+1,24+1,50,45,29,52+1,45,36+1,59,32,52,14-11,36+1,17-8,13-12,19-6,22+1,,15-10,15-10,14-11,60+1,58+1,47+1,60+1,58+1,Nick Pope,N. Pope,75,,,,,,,,,
43,N. Pope,64,Burnley,550000,1000,GK,16/17,72,GK,Right,1,3,1,SUB,29.0,2016-07-20,2018.0,,,,,,,67.0,65.0,59.0,66.0,47.0,63.0,"Puncher, Comes For Crosses",11,14,11,32,14,13,11,12,35,24,50,45,29,52,45,36,59,32,52,14,36,17,13,22,22,37,15,15,14,67+5,65+7,59+12,63+3,66+5,Nick Pope,N. Pope,75,,,,,,,,,
44,N. Pope,68,Burnley,875000,20000,GK,17/18,74,GK,Right,1,3,1,SUB,29.0,2016-07-20,2018.0,,,,,,,72.0,67.0,66.0,69.0,47.0,67.0,"Puncher, Comes For Crosses",11,14,11,32,14,13,11,12,35,24,50,45,29,53+1,45,17-19,59,32,52,15+1,36,17,13,39,22,37,15,15,14,72,67+2,66,67,69,Nick Pope,N. Pope,75,,,,,,,,,
45,N. Pope,80,Burnley,13000000,48000,GK,18/19,83,GK,Right,1,3,1,SUB,29.0,2016-07-20,2020.0,,,,,,,79.0,80.0,74.0,80.0,48.0,80.0,"Comes For Crosses, Saves with Feet",11,14,11,32,14,15,13,12,35,24,50,47,36,71,45,17,72,37,73,15,36,21,13,43,22,62,14,15,14,79,80,74,80,80,Nick Pope,N. Pope,75,,,,,,,,,
46,J. Hart,77,Burnley,5500000,27000,GK,19/20,77,GK,Right,3,3,1,SUB,20.0,2018-08-07,2020.0,,,,,,,74.0,75.0,67.0,81.0,58.0,75.0,Second Wind,14,14,10,34,19,23,17,13,35,20,56,60,50,71,32,50,69,28,61,19,36,25,14,42,30,58,16,14,13,74,75,67,75,81,Joe Hart,J. Hart,80,,,,,,,,,
47,J. Hart,84,Manchester City,25000000,180000,GK,15/16,84,GK,Right,3,3,1,GK,1.0,2006-05-24,2019.0,,,,,,,85.0,79.0,76.0,87.0,60.0,84.0,"Injury Free, Leadership, Puncher",14-11,14-11,10-15,32,19-6,23-2,17-8,13-12,35,20,59,60,25,81,32,65+40,72,28,61,19-6,28,25,14-11,42+17,68+24,,14-11,14-11,13-12,85,79+1,76,84+4,87+1,Joe Hart,J. Hart,80,,,,,,,,,
48,J. Hart,78,Burnley,6500000,41000,GK,18/19,78,GK,Right,3,3,1,GK,20.0,2018-08-07,2020.0,,,,,,,79.0,74.0,69.0,81.0,58.0,76.0,Puncher,14,14,10,34+2,19,23,17,13,35,20,56,60,50,72,32,40,69,28,61,19,36,25,14,42,30,58,16,14,13,79,74,69,76,81,Joe Hart,J. Hart,80,,,,,,,,,
49,C. Bravo,77,Manchester City,1500000,47000,GK,19/20,77,GK,Right,3,3,1,SUB,1.0,2016-08-25,2020.0,,,,,,,77.0,76.0,84.0,77.0,56.0,75.0,Swerve Pass,12,13,18,56,11,22,25,38,54,32,58,54,63,71,62,63,81,41,69,17,40,23,16,69,23,64,15,18,19,77,76,84,75,77,Claudio Bravo,C. Bravo,67,,,,,,,,,
50,C. Bravo,85,Manchester City,24000000,70000,GK,16/17,85,GK,Right,3,3,1,GK,1.0,2016-08-25,2020.0,,,,,,,83.0,85.0,87.0,85.0,56.0,78.0,Puncher,12,13,18,32,11,13,25,60,31,15,58,54,64,80,64,22,81,44,70,21,40,23,15,71+8,23,60,11,18,19,83,85+3,87,78,85-1,Claudio Bravo,C. Bravo,67,,,,,,,,,
51,C. Bravo,82,Manchester City,9000000,110000,GK,17/18,82,GK,Right,3,3,1,SUB,1.0,2016-08-25,2020.0,,,,,,,80.0,80.0,87.0,81.0,56.0,77.0,"Puncher, Rushes Out Of Goal",12,13,18,56+24,11,22+9,25,38-22,54+23,41+26,58,54,64,77,64,22,81,44,70,17-4,40,23,15,69-2,23,60,11,18,19,80-1,80-3,87,77,81,Claudio Bravo,C. Bravo,67,,,,,,,,,
52,C. Bravo,79,Manchester City,3000000,56000,GK,18/19,79,GK,Right,3,3,1,RES,1.0,2016-08-25,2020.0,,,,,,,79.0,79.0,85.0,79.0,56.0,75.0,"Puncher, Rushes Out Of Goal",12,13,18,56,11,22,25,38,54,41,58,54,63,73,62,22,81,41,69,17,40,23,16,69,23,64,15,18,19,79,79,85,75,79,Claudio Bravo,C. Bravo,67,,,,,,,,,
53,A. Gunn,76,Southampton,8000000,29000,GK,19/20,83,GK,Right,1,3,1,GK,28.0,2018-07-10,2023.0,,,,,,,76.0,73.0,70.0,79.0,49.0,74.0,,14,15,14,32,19,20,20,15,41,27,48,49,40,69,42,53,64,31,66,17,28,22,14,51,25,57,20,16,14,76,73,70,74,79,Angus Gunn,A. Gunn,71,,,,,,,,,
54,A. Gunn,65,Manchester City,1100000,4000,GK,16/17,79,GK,Right,1,3,1,RES,54.0,2013-06-13,2020.0,,,,,,,64.0,66.0,66.0,63.0,49.0,64.0,,14,15,14,32,19,20,20,15,41,27,48,49,40,62,42,24,64,31,64,17,28,22,14,35,34,33,14,16,14,64,66+3,66,64,63,Angus Gunn,A. Gunn,71,,,,,,,,,
55,A. Gunn,68,Norwich City,1200000,11000,GK,17/18,79,GK,Right,1,3,1,GK,1.0,2013-06-13,2020.0,,,,,,,67.0,66.0,69.0,70.0,49.0,66.0,,14,15,14,32,19,20,20,15,41,27,48,49,40,62,42,24,64,31,64,17,28,22,14,50+15,25-9,33,14,16,14,67+3,66,69+3,66+2,70+7,Angus Gunn,A. Gunn,71,,,,,,,,,
56,A. Gunn,71,Southampton,3300000,17000,GK,18/19,83,GK,Right,1,3,1,SUB,28.0,2018-07-10,2023.0,,,,,,,70.0,71.0,69.0,75.0,49.0,67.0,,14,15,14,32,19,20,20,15,41,27,48,49,40,65,42,24,64,31,64,17,28,22,14,50,25,54,20,16,14,70,71,69,67,75,Angus Gunn,A. Gunn,71,,,,,,,,,
57,A. McCarthy,76,Southampton,6000000,38000,GK,19/20,77,GK,Right,1,2,1,SUB,1.0,2016-08-02,2022.0,,,,,,,77.0,75.0,64.0,80.0,57.0,75.0,,11,17,16,33,12,17,15,18,35,17,58,56,35,69,43,48,68,35,63,14,35,22,16,50,41,61,13,13,12,77,75,64,75,80,Alex McCarthy,A. McCarthy,83,,,,,,,,,
58,A. McCarthy,75,Crystal Palace,4500000,40000,GK,15/16,80,GK,Right,1,2,1,GK,12.0,2015-07-23,2019.0,,,,,,,79.0,73.0,61.0,81.0,57.0,74.0,Puncher,11-14,17-8,16-9,33+1,12-13,17-8,15-10,18-7,35+1,17-8,58,56,35,69+1,43,20-5,68,35,63,14-11,35+1,22+1,16-9,50+25,41+1,,13-12,13-12,12-13,79+1,73-1,61+1,74+1,81+1,Alex McCarthy,A. McCarthy,83,,,,,,,,,
59,A. McCarthy,76,Southampton,5000000,35000,GK,16/17,78,GK,Right,1,2,1,SUB,13.0,2016-08-02,2019.0,,,,,,,78.0,73.0,61.0,81.0,57.0,74.0,"Puncher, Comes For Crosses",11,17,16,33,12,17,15,18,35,17,58,56,35,69,43,20,68,35,63,14,35,22,16,50,41,63,13,13,12,78-1,73,61,74,81,Alex McCarthy,A. McCarthy,83,,,,,,,,,
60,A. McCarthy,75,Southampton,5500000,49000,GK,17/18,77,GK,Right,1,2,1,RES,13.0,2016-08-02,2019.0,,,,,,,76.0,73.0,61.0,78.0,57.0,74.0,"Puncher, Comes For Crosses",11,17,16,33,12,17,15,18,35,17,58,56,35,69,43,20,68,35,63,14,35,22,16,50,41,63,13,13,12,76-2,73,61,74,78-3,Alex McCarthy,A. McCarthy,83,,,,,,,,,
61,A. McCarthy,77,Southampton,7000000,37000,GK,18/19,78,GK,Right,1,2,1,GK,1.0,2016-08-02,2019.0,,,,,,,78.0,76.0,64.0,81.0,57.0,77.0,"Puncher, Comes For Crosses",11,17,16,33,12,17,15,18,35,17,58,56,35,69,43,20,68,35,63,14,35,22,16,50,41,61,13,13,12,78,76,64,77,81,Alex McCarthy,A. McCarthy,83,,,,,,,,,
62,A. McCarthy,76,Southampton,6000000,38000,GK,19/20,77,GK,Right,1,2,1,SUB,1.0,2016-08-02,2022.0,,,,,,,77.0,75.0,64.0,80.0,57.0,75.0,,11,17,16,33,12,17,15,18,35,17,58,56,35,69,43,48,68,35,63,14,35,22,16,50,41,61,13,13,12,77,75,64,75,80,Alex McCarthy,A. McCarthy,83,,,,,,,,,
63,A. McCarthy,75,Crystal Palace,4500000,40000,GK,15/16,80,GK,Right,1,2,1,GK,12.0,2015-07-23,2019.0,,,,,,,79.0,73.0,61.0,81.0,57.0,74.0,Puncher,11-14,17-8,16-9,33+1,12-13,17-8,15-10,18-7,35+1,17-8,58,56,35,69+1,43,20-5,68,35,63,14-11,35+1,22+1,16-9,50+25,41+1,,13-12,13-12,12-13,79+1,73-1,61+1,74+1,81+1,Alex McCarthy,A. McCarthy,83,,,,,,,,,
64,A. McCarthy,76,Southampton,5000000,35000,GK,16/17,78,GK,Right,1,2,1,SUB,13.0,2016-08-02,2019.0,,,,,,,78.0,73.0,61.0,81.0,57.0,74.0,"Puncher, Comes For Crosses",11,17,16,33,12,17,15,18,35,17,58,56,35,69,43,20,68,35,63,14,35,22,16,50,41,63,13,13,12,78-1,73,61,74,81,Alex McCarthy,A. McCarthy,83,,,,,,,,,
65,A. McCarthy,75,Southampton,5500000,49000,GK,17/18,77,GK,Right,1,2,1,RES,13.0,2016-08-02,2019.0,,,,,,,76.0,73.0,61.0,78.0,57.0,74.0,"Puncher, Comes For Crosses",11,17,16,33,12,17,15,18,35,17,58,56,35,69,43,20,68,35,63,14,35,22,16,50,41,63,13,13,12,76-2,73,61,74,78-3,Alex McCarthy,A. McCarthy,83,,,,,,,,,
66,A. McCarthy,77,Southampton,7000000,37000,GK,18/19,78,GK,Right,1,2,1,GK,1.0,2016-08-02,2019.0,,,,,,,78.0,76.0,64.0,81.0,57.0,77.0,"Puncher, Comes For Crosses",11,17,16,33,12,17,15,18,35,17,58,56,35,69,43,20,68,35,63,14,35,22,16,50,41,61,13,13,12,78,76,64,77,81,Alex McCarthy,A. McCarthy,83,,,,,,,,,
67,Adrián,76,Liverpool,4700000,52000,GK,19/20,76,GK,Right,2,2,1,SUB,13.0,2019-08-05,2021.0,,,,,,,79.0,72.0,68.0,80.0,45.0,72.0,Flair Passes,12,16,15,21,12,15,12,17,32,23,46,44,53,71,48,51,69,38,63,20,38,25,12,32,44,59,18,19,14,79,72,68,72,80,Adrián,Adrián,100,Adrián,32.0,190.0,Goalkeeper,Liverpool FC,"Aug 5, 2019",West Ham,Liverpool,3000000.0
68,D. Henderson,75,Sheffield United,8500000,20000,GK,19/20,85,GK,Right,1,2,1,GK,1.0,,2020.0,,,,,,,75.0,71.0,72.0,76.0,49.0,73.0,"Flair, Second Wind, Flair Passes",14,9,13,32,5,13,13,10,40,32,51,48,53,74,56,54,63,34,60,6,21,11,8,33,16,56,17,14,14,75,71,72,73,76,Dean Henderson,D. Henderson,85,,,,,,,,,
69,D. Henderson,70,Sheffield United,2500000,24000,GK,18/19,82,GK,Right,1,3,1,GK,1.0,,2019.0,,,,,,,71.0,68.0,63.0,72.0,49.0,66.0,"GK Long Throw, Comes For Crosses, Saves with Feet",14,9,13,32,5,13,13,10,31,32,51,48,53,70,56,23,59,34,60,6,21,11,8,33,16,39,17,14,14,71,68,63,66,72+2,Dean Henderson,D. Henderson,85,,,,,,,,,
70,P. Gazzaniga,75,Tottenham Hotspur,6000000,50000,GK,19/20,78,GK,Right,1,3,1,SUB,22.0,2017-08-23,2022.0,,,,,,,76.0,74.0,84.0,78.0,64.0,75.0,,21,12,14,32,8,20,33,21,49,20,63,65,64,59,49,63,66,45,67,19,32,16,13,52,41,55,23,20,11,76,74,84,75,78,Paulo Gazzaniga,P. Gazzaniga,81,,,,,,,,,
71,P. Gazzaniga,65,Southampton,650000,6000,GK,15/16,72,GK,Right,1,3,1,RES,25.0,2012-07-20,2019.0,,,,,,,69.0,59.0,84.0,72.0,59.0,57.0,,11-14,12-13,14-11,33+1,14-11,18-7,11-14,20-5,38+1,22+1,56,62,58,59+1,34-22,40+1,75,43,67,14-11,32+1,24+1,13-12,19-6,41+1,,18-7,20-5,11-14,69+1,59+1,84+1,57+1,72+1,Paulo Gazzaniga,P. Gazzaniga,81,,,,,,,,,
72,P. Gazzaniga,70,Tottenham Hotspur,1700000,35000,GK,17/18,75,GK,Right,1,3,1,SUB,22.0,2017-08-23,2022.0,,,,,,,67.0,73.0,84.0,70.0,64.0,68.0,,21+6,12,14,32+2,8,20,33-20,21+1,49-1,20,63,65,64,59,49,49-1,66,45-25,67,19-1,32,16,13,52,41,49,18,20,11,67,73,84+4,68,70,Paulo Gazzaniga,P. Gazzaniga,81,,,,,,,,,
73,P. Gazzaniga,70,Tottenham Hotspur,1600000,29000,GK,18/19,74,GK,Right,1,3,1,RES,22.0,2017-08-23,2022.0,,,,,,,67.0,73.0,84.0,71.0,64.0,68.0,,21,12,14,32,8,20,33,21,49,20,63,65,64,59,49,49,66,45,67,19,32,16,13,52,41,55,23,20,11,67,73,84,68,71,Paulo Gazzaniga,P. Gazzaniga,81,,,,,,,,,
74,L. Kalinić,75,Aston Villa,5500000,38000,GK,19/20,77,GK,Left,1,2,1,SUB,28.0,2019-01-01,2023.0,,,,,,,80.0,74.0,43.0,78.0,35.0,75.0,"Swerve Pass, Acrobatic Clearance",15,12,15,18,15,11,18,13,16,15,30,39,26,71,22,32,58,31,73,19,39,23,7,42,22,58,13,17,17,80,74,43,75,78,Lovre Kalinic,L. Kalinić,70,,,,,,,,,
75,J. Lössl,75,Everton,5000000,46000,GK,19/20,76,GK,Right,1,2,1,SUB,49.0,2019-07-01,2022.0,,,,,,,74.0,76.0,67.0,77.0,32.0,74.0,"Giant Throw-in, Swerve Pass, Acrobatic Clearance",14,12,17,35,11,15,14,13,39,19,29,34,32,71,30,50,51,25,67,15,17,20,10,53,12,56,20,13,15,74,76,67,74,77,Jonas Lössl,J. Lössl,74,,,,,,,,,
76,J. Lössl,75,Huddersfield Town,5500000,21000,GK,17/18,76,GK,Right,1,2,1,GK,1.0,,2018.0,,,,,,,74.0,77.0,67.0,77.0,32.0,71.0,Comes For Crosses,14,12,17,30,11,15,14,13,34,19,29,34,32,72,30,22,51,25,67,15,17,20,10,49,12,30,12,13,15,74,77,67,71,77,Jonas Lössl,J. Lössl,74,,,,,,,,,
77,J. Lössl,75,Huddersfield Town,5000000,33000,GK,18/19,76,GK,Right,1,2,1,GK,1.0,2018-07-01,2021.0,,,,,,,74.0,77.0,67.0,77.0,32.0,71.0,Comes For Crosses,14,12,17,35,11,15,14,13,39,19,29,34,32,72,30,22,51,25,67,15,17,20,10,53,12,56,20,13,15,74,77,67,71,77,Jonas Lössl,J. Lössl,74,,,,,,,,,
78,J. Lössl,75,Everton,5000000,46000,GK,19/20,76,GK,Right,1,2,1,SUB,49.0,2019-07-01,2022.0,,,,,,,74.0,76.0,67.0,77.0,32.0,74.0,"Giant Throw-in, Swerve Pass, Acrobatic Clearance",14,12,17,35,11,15,14,13,39,19,29,34,32,71,30,50,51,25,67,15,17,20,10,53,12,56,20,13,15,74,76,67,74,77,Jonas Lössl,J. Lössl,74,,,,,,,,,
79,J. Lössl,75,Huddersfield Town,5500000,21000,GK,17/18,76,GK,Right,1,2,1,GK,1.0,,2018.0,,,,,,,74.0,77.0,67.0,77.0,32.0,71.0,Comes For Crosses,14,12,17,30,11,15,14,13,34,19,29,34,32,72,30,22,51,25,67,15,17,20,10,49,12,30,12,13,15,74,77,67,71,77,Jonas Lössl,J. Lössl,74,,,,,,,,,
80,J. Lössl,75,Huddersfield Town,5000000,33000,GK,18/19,76,GK,Right,1,2,1,GK,1.0,2018-07-01,2021.0,,,,,,,74.0,77.0,67.0,77.0,32.0,71.0,Comes For Crosses,14,12,17,35,11,15,14,13,39,19,29,34,32,72,30,22,51,25,67,15,17,20,10,53,12,56,20,13,15,74,77,67,71,77,Jonas Lössl,J. Lössl,74,,,,,,,,,
81,J. Lössl,75,Everton,5000000,46000,GK,19/20,76,GK,Right,1,2,1,SUB,49.0,2019-07-01,2022.0,,,,,,,74.0,76.0,67.0,77.0,32.0,74.0,"Giant Throw-in, Swerve Pass, Acrobatic Clearance",14,12,17,35,11,15,14,13,39,19,29,34,32,71,30,50,51,25,67,15,17,20,10,53,12,56,20,13,15,74,76,67,74,77,Jonas Lössl,J. Lössl,74,,,,,,,,,
82,J. Lössl,75,Huddersfield Town,5500000,21000,GK,17/18,76,GK,Right,1,2,1,GK,1.0,,2018.0,,,,,,,74.0,77.0,67.0,77.0,32.0,71.0,Comes For Crosses,14,12,17,30,11,15,14,13,34,19,29,34,32,72,30,22,51,25,67,15,17,20,10,49,12,30,12,13,15,74,77,67,71,77,Jonas Lössl,J. Lössl,74,,,,,,,,,
83,J. Lössl,75,Huddersfield Town,5000000,33000,GK,18/19,76,GK,Right,1,2,1,GK,1.0,2018-07-01,2021.0,,,,,,,74.0,77.0,67.0,77.0,32.0,71.0,Comes For Crosses,14,12,17,35,11,15,14,13,39,19,29,34,32,72,30,22,51,25,67,15,17,20,10,53,12,56,20,13,15,74,77,67,71,77,Jonas Lössl,J. Lössl,74,,,,,,,,,
84,A. Boruc,75,Bournemouth,675000,23000,GK,19/20,75,GK,Right,2,3,1,GK,1.0,2015-07-01,2020.0,,,,,,,76.0,75.0,65.0,75.0,38.0,77.0,Flair,12,11,11,25,13,14,13,19,34,18,37,39,40,69,40,49,73,31,69,15,38,25,17,40,21,63,15,20,20,76,75,65,77,75,Artur Boruc,A. Boruc,74,,,,,,,,,
85,A. Boruc,76,Bournemouth,3100000,40000,GK,15/16,76,GK,Right,2,3,1,GK,1.0,2015-07-01,2016.0,,,,,,,82.0,72.0,62.0,83.0,44.0,74.0,GK Long Throw,12-13,11-14,11-14,25+1,13-12,14-11,13-12,19-6,34+1,18-8,41,46,40,72+1,40,21-17,75,31,69,15-10,38+1,25+1,17-8,45+20,21-19,,13-12,20-5,20-5,82+1,72+1,62+1,74+1,83+1,Artur Boruc,A. Boruc,74,,,,,,,,,
86,A. Boruc,76,Bournemouth,2300000,1000,GK,16/17,76,GK,Right,2,3,1,GK,1.0,2015-07-01,2022.0,,,,,,,77.0,72.0,62.0,83.0,44.0,74.0,GK Long Throw,12,11,11,25,13,14,13,19,34,18,41,46,40,72,40,21,75,31,69,15,38,25,17,40,21,65,13,20,20,77-5,72,62,74,83,Artur Boruc,A. Boruc,74,,,,,,,,,
87,A. Boruc,77,Bournemouth,600000,32000,GK,17/18,77,GK,Right,2,3,1,SUB,1.0,2015-07-01,2018.0,,,,,,,77.0,73.0,62.0,82.0,38.0,77.0,GK Long Throw,12,11,11,25,13,14,13,19,34,18,37,39,40,72,40,21,73,31,69,15,38,25,17,40,21,65,13,20,20,77+2,73+1,62,77+3,82,Artur Boruc,A. Boruc,74,,,,,,,,,
88,A. Boruc,75,Bournemouth,450000,25000,GK,18/19,75,GK,Right,2,3,1,SUB,1.0,2015-07-01,2019.0,,,,,,,75.0,73.0,62.0,76.0,38.0,77.0,GK Long Throw,12,11,11,25,13,14,13,19,34,18,37,39,40,70,40,21,73,31,69,15,38,25,17,40,21,63,15,20,20,75,73,62,77,76,Artur Boruc,A. Boruc,74,,,,,,,,,
89,W. Caballero,75,Chelsea,675000,37000,GK,19/20,75,GK,Right,2,3,1,SUB,13.0,2017-07-01,2020.0,,,,,,,74.0,72.0,71.0,74.0,45.0,76.0,Acrobatic Clearance,12,11,22,33,13,12,23,11,48,30,43,46,39,71,55,53,70,37,69,14,30,19,7,47,16,57,14,11,12,74,72,71,76,74,Willy Caballero,W. Caballero,81,,,,,,,,,
90,W. Caballero,78,Manchester City,6000000,60000,GK,15/16,78,GK,Right,2,3,1,SUB,13.0,2014-07-08,2017.0,,,,,,,80.0,72.0,69.0,82.0,52.0,81.0,,12-13,11-14,22+1,33+1,13-12,12-13,23+1,11-14,48+1,30+1,49,54,59,75+1,55,23+1,70,44,76,14-11,46+1,22+1,15-10,38+13,16-9,,15-10,11-14,12-13,80+1,72+1,69+1,81-1,82-3,Willy Caballero,W. Caballero,81,,,,,,,,,
91,W. Caballero,78,Manchester City,5500000,40000,GK,16/17,78,GK,Right,2,3,1,SUB,13.0,2014-07-08,2017.0,,,,,,,79.0,75.0,69.0,80.0,52.0,78.0,Comes For Crosses,12,11,22,33,13,12,23,11,48,30,49,54,39,75,55,23,70,44,76,14,30,22,7,38,16,56,15,11,12,79-1,75+3,69,78,80,Willy Caballero,W. Caballero,81,,,,,,,,,
92,W. Caballero,79,Chelsea,3000000,59000,GK,17/18,79,GK,Right,2,3,1,SUB,1.0,2017-07-01,2018.0,,,,,,,80.0,76.0,73.0,81.0,46.0,78.0,"Rushes Out Of Goal, Comes For Crosses",12,11,22,33,13,12,23,11,48,30,44-5,47-7,39,75,55,23,70,44,70-6,14,30,19-3,7,47+9,16,56,15,11,12,80,76+1,73+1,78,81,Willy Caballero,W. Caballero,81,,,,,,,,,
93,W. Caballero,76,Chelsea,1000000,39000,GK,18/19,76,GK,Right,2,3,1,SUB,13.0,2017-07-01,2019.0,,,,,,,75.0,74.0,72.0,76.0,45.0,77.0,Comes For Crosses,12,11,22,33,13,12,23,11,48,30,43,46,39,73,55,23,70,37,69,14,30,19,7,47,16,57,14,11,12,75,74,72,77,76,Willy Caballero,W. Caballero,81,,,,,,,,,
94,D. Ward,73,Leicester City,3300000,39000,GK,19/20,74,GK,Right,1,3,1,SUB,12.0,2018-07-21,2022.0,,,,,,,74.0,72.0,64.0,74.0,45.0,72.0,,13,11,13,30,13,19,15,14,42,23,46,44,38,70,53,48,64,22,60,16,25,20,7,38,20,56,8,20,18,74,72,64,72,74,Danny Ward,D. Ward,71,,,,,,,,,
95,D. Ward,66,Huddersfield Town,800000,1000,GK,16/17,74,GK,Right,1,3,1,GK,1.0,,2017.0,,,,,,,68.0,65.0,62.0,67.0,43.0,64.0,Comes For Crosses,13,11,13,30,13,19,15,14,26,23,44,42,32,61,60,25,55,22,62,16,25,22,19,38,20,30,19,20,18,68+1,65+2,62+2,64+2,67-2,Danny Ward,D. Ward,71,,,,,,,,,
96,D. Ward,70,Liverpool,2000000,35000,GK,17/18,78,GK,Right,1,3,1,RES,52.0,2012-01-30,2021.0,,,,,,,70.0,69.0,63.0,73.0,44.0,67.0,Cautious With Crosses,13,11,13,30,13,19,15,14,42-4,23,47+3,42,38+6,67+2,60,25,55,22,60,16,25,22,19,38,20,30,19,20,18,70,69,63,67+2,73+1,Danny Ward,D. Ward,71,,,,,,,,,
97,D. Ward,72,Leicester City,2800000,28000,GK,18/19,75,GK,Right,1,3,1,RES,12.0,2018-07-21,2022.0,,,,,,,73.0,71.0,64.0,74.0,45.0,68.0,,13,11,13,30,13,19,15,14,42,23,46,44,38,70,53,25,64,22,60,16,25,20,7,38,20,56,8,20,18,73,71,64,68,74,Danny Ward,D. Ward,71,,,,,,,,,
98,M. Stekelenburg,73,Everton,675000,26000,GK,19/20,73,GK,Right,2,4,1,RES,22.0,2016-07-04,2020.0,,,,,,,71.0,72.0,76.0,73.0,33.0,73.0,Second Wind,18,11,14,39,11,12,13,13,37,31,30,36,30,72,27,57,55,30,77,11,41,26,12,40,23,59,9,15,14,71,72,76,73,73,Maarten Stekelenburg,M. Stekelenburg,80,,,,,,,,,
99,M. Stekelenburg,77,Southampton,5000000,50000,GK,15/16,77,GK,Right,2,4,1,GK,22.0,,2016.0,,,,,,,81.0,75.0,82.0,79.0,41.0,76.0,,18-7,11-14,14-11,39+1,11-14,12-13,13-12,13-12,37+1,31+1,35,45,35,73+1,27,13-12,55,30,77,11-14,41+1,26+1,13-12,19-6,23+1,,18-7,15-10,14-11,81+1,75+1,82+1,76+1,79+1,Maarten Stekelenburg,M. Stekelenburg,80,,,,,,,,,
100,M. Stekelenburg,76,Everton,3800000,40000,GK,16/17,76,GK,Right,2,4,1,GK,22.0,2016-07-04,2019.0,,,,,,,78.0,73.0,81.0,76.0,41.0,74.0,Cautious With Crosses,18,11,14,39,11,12,13,13,37,31,35,45,35,73,27,13,55,30,77,11,41,26,13,41,23,63,18,15,14,78-1,73,81,74,76,Maarten Stekelenburg,M. Stekelenburg,80,,,,,,,,,
101,M. Stekelenburg,75,Everton,2700000,60000,GK,17/18,75,GK,Right,2,4,1,SUB,22.0,2016-07-04,2019.0,,,,,,,76.0,73.0,79.0,75.0,41.0,72.0,Cautious With Crosses,18,11,14,39,11,12,13,13,37,31,35,45,35,73,27,13,55,30,77,11,41,26,13,41,23,63,18,15,14,76-2,73,79-2,72-2,75-1,Maarten Stekelenburg,M. Stekelenburg,80,,,,,,,,,
102,M. Stekelenburg,73,Everton,950000,30000,GK,18/19,73,GK,Right,2,4,1,SUB,22.0,2016-07-04,2019.0,,,,,,,74.0,72.0,76.0,72.0,33.0,71.0,Cautious With Crosses,18,11,14,39,11,12,13,13,37,31,30,36,30,72,27,13,55,30,77,11,41,26,12,40,23,59,9,15,14,74,72,76,71,72,Maarten Stekelenburg,M. Stekelenburg,80,,,,,,,,,
103,T. Krul,73,Norwich City,2600000,26000,GK,19/20,73,GK,Left,2,2,1,GK,1.0,2018-07-24,2022.0,,,,,,,74.0,72.0,68.0,75.0,39.0,68.0,Acrobatic Clearance,13,11,19,36,16,13,13,15,25,25,43,35,48,70,42,51,69,36,63,14,36,19,11,52,42,57,14,17,14,74,72,68,68,75,Tim Krul,T. Krul,80,,,,,,,,,
104,T. Krul,79,Newcastle United,8500000,90000,GK,15/16,79,GK,Left,2,2,1,GK,1.0,2007-07-07,2017.0,,,,,,,81.0,78.0,73.0,84.0,42.0,75.0,"Injury Prone, Puncher",13-12,11-14,19-6,36+1,16-9,13-12,13-12,15-10,25+1,25+1,50,35,63,76+1,42,23+1,69,42,60,14-11,39+1,22+1,16-9,15-10,42+1,,15-10,17-8,14-11,81+1,78+1,73+1,75+1,84+1,Tim Krul,T. Krul,80,,,,,,,,,
105,T. Krul,77,Brighton & Hove Albion,7000000,54000,GK,17/18,78,GK,Left,2,2,1,SUB,21.0,,2018.0,,,,,,,77.0,77.0,69.0,77.0,42.0,75.0,"Injury Prone, Puncher, Comes For Crosses",13,11,19,36,16,13,13,15,25,25,50,35,63,74,42,23,69,42,60,14,39,22,16,44,42,67,15,17,14,77,77,69,75,77-3,Tim Krul,T. Krul,80,,,,,,,,,
106,T. Krul,73,Norwich City,2600000,17000,GK,18/19,73,GK,Left,2,2,1,GK,1.0,2018-07-24,2020.0,,,,,,,74.0,72.0,68.0,74.0,39.0,68.0,"Injury Prone, Puncher, Comes For Crosses",13,11,19,36,16,13,13,15,25,25,43,35,48,72,42,23,69,36,63,14,36,19,11,44,42,56,14,17,14,74-1,72-2,68,68-5,74-1,Tim Krul,T. Krul,80,,,,,,,,,
107,L. Grant,72,Manchester United,525000,30000,GK,19/20,72,GK,Right,1,4,1,RES,13.0,2018-07-03,2020.0,,,,,,,73.0,70.0,73.0,72.0,49.0,71.0,"Diver, Flair",19,17,14,43,15,11,17,19,40,34,52,46,50,68,56,55,70,29,71,19,42,26,14,50,20,60,20,13,19,73,70,73,71,72,Lee Grant,L. Grant,82,,,,,,,,,
108,L. Grant,66,Derby County,475000,5000,GK,15/16,66,GK,Right,1,4,1,SUB,1.0,2013-07-01,2017.0,,,,,,,70.0,54.0,67.0,71.0,57.0,69.0,"Injury Free, Puncher, GK Long Throw",19-6,17-8,14-11,26+1,15-10,11-14,17-8,19-6,24+1,20-5,56,57,63,67+1,48,24-13,71,37-1,69,19-6,42+1,23+1,14-11,56+31,20-5,,12-13,13-12,19-6,70+1,54-13,67+1,69+1,71+1,Lee Grant,L. Grant,82,,,,,,,,,
109,L. Grant,66,Stoke City,450000,1000,GK,16/17,66,GK,Right,1,4,1,RES,33.0,,2017.0,,,,,,,68.0,54.0,67.0,66.0,57.0,69.0,"Injury Free, GK Long Throw",19,17,14,26,15,11,17,19,24,20,56,57,63,67,48,24,71,37,69,19,42,23,14,56,20,59,12,13,19,68-2,54,67,69,66-5,Lee Grant,L. Grant,82,,,,,,,,,
110,L. Grant,73,Stoke City,1600000,42000,GK,17/18,73,GK,Right,1,4,1,SUB,33.0,2017-01-04,2019.0,,,,,,,74.0,70.0,69.0,75.0,43.0,72.0,"Injury Free, Puncher, GK Long Throw",19,17,14,26,15,11,17,19,24,20,47-9,40-9,49-14,67,45,24,63-8,34-3,58-11,19,42,23,14,56,20,59,12,13,19,74+1,70+6,69,72+1,75+3,Lee Grant,L. Grant,82,,,,,,,,,
111,L. Grant,74,Manchester United,1300000,39000,GK,18/19,74,GK,Right,1,4,1,SUB,13.0,2018-07-03,2020.0,,,,,,,74.0,72.0,74.0,76.0,49.0,74.0,"Injury Free, Puncher, GK Long Throw",19,17,14,43,15,11,17,19,40,34,52,46,56,69,56,24,73,39,71,19,42,26,14,50,20,60,12,13,19,74,72,74,74,76,Lee Grant,L. Grant,82,,,,,,,,,
112,S. Carson,72,Manchester City,1700000,49000,GK,19/20,72,GK,Right,2,3,1,RES,35.0,,2020.0,,,,,,,71.0,70.0,69.0,70.0,35.0,72.0,Diver,14,19,18,25,13,17,18,16,17,20,33,37,38,71,42,52,72,28,70,20,23,19,11,44,20,38,10,15,20,71,70,69,72,70,Scott Carson,S. Carson,76,,,,,,,,,
113,S. Carson,72,Derby County,1800000,25000,GK,15/16,72,GK,Right,2,4,1,GK,17.0,2015-06-12,2017.0,,,,,,,75.0,73.0,68.0,75.0,47.0,67.0,,14-11,19-6,18-7,25+1,13-12,17-8,18-7,16-9,17-8,20-7,42,51,38,71+1,42,22,75,28,71,20-5,45+1,24+1,14-11,53+26,20-20,,18-7,15-10,20-5,75+1,73+1,68+1,67+1,75+1,Scott Carson,S. Carson,76,,,,,,,,,
114,S. Carson,72,Derby County,1700000,4000,GK,16/17,72,GK,Right,2,4,1,GK,1.0,2015-06-12,2017.0,,,,,,,72.0,73.0,68.0,71.0,47.0,67.0,,14,19,18,25,13,17,18,16,17,20,42,51,38,71,42,22,75,28,71,20,23,24,14,53,20,32,18,15,20,72-3,73,68,67,71-4,Scott Carson,S. Carson,76,,,,,,,,,
115,S. Carson,74,Derby County,3400000,38000,GK,17/18,74,GK,Right,2,4,1,GK,1.0,2015-06-12,2019.0,,,,,,,74.0,70.0,76.0,71.0,47.0,75.0,Injury Free,14,19,18,25,13,17,18,16,17,20,42,51,38,71,42,22,75,28,71,20,23,24,14,53,20,32,18,15,20,74+1,70-3,76-3,75+5,71+1,Scott Carson,S. Carson,76,,,,,,,,,
116,S. Carson,73,Derby County,2300000,25000,GK,18/19,73,GK,Right,2,4,1,GK,1.0,2015-06-12,2020.0,,,,,,,72.0,70.0,72.0,71.0,35.0,74.0,Injury Free,14,19,18,25,13,17,18,16,17,20,33,37,38,71,42,22,72,28,70,20,23,19,11,44,20,38,10,15,20,72,70,72,74,71,Scott Carson,S. Carson,76,,,,,,,,,
117,S. Carson,72,Manchester City,1700000,49000,GK,19/20,72,GK,Right,2,3,1,RES,35.0,,2020.0,,,,,,,71.0,70.0,69.0,70.0,35.0,72.0,Diver,14,19,18,25,13,17,18,16,17,20,33,37,38,71,42,52,72,28,70,20,23,19,11,44,20,38,10,15,20,71,70,69,72,70,Scott Carson,S. Carson,76,,,,,,,,,
118,S. Carson,72,Derby County,1800000,25000,GK,15/16,72,GK,Right,2,4,1,GK,17.0,2015-06-12,2017.0,,,,,,,75.0,73.0,68.0,75.0,47.0,67.0,,14-11,19-6,18-7,25+1,13-12,17-8,18-7,16-9,17-8,20-7,42,51,38,71+1,42,22,75,28,71,20-5,45+1,24+1,14-11,53+26,20-20,,18-7,15-10,20-5,75+1,73+1,68+1,67+1,75+1,Scott Carson,S. Carson,76,,,,,,,,,
119,S. Carson,72,Derby County,1700000,4000,GK,16/17,72,GK,Right,2,4,1,GK,1.0,2015-06-12,2017.0,,,,,,,72.0,73.0,68.0,71.0,47.0,67.0,,14,19,18,25,13,17,18,16,17,20,42,51,38,71,42,22,75,28,71,20,23,24,14,53,20,32,18,15,20,72-3,73,68,67,71-4,Scott Carson,S. Carson,76,,,,,,,,,
120,S. Carson,74,Derby County,3400000,38000,GK,17/18,74,GK,Right,2,4,1,GK,1.0,2015-06-12,2019.0,,,,,,,74.0,70.0,76.0,71.0,47.0,75.0,Injury Free,14,19,18,25,13,17,18,16,17,20,42,51,38,71,42,22,75,28,71,20,23,24,14,53,20,32,18,15,20,74+1,70-3,76-3,75+5,71+1,Scott Carson,S. Carson,76,,,,,,,,,
121,S. Carson,73,Derby County,2300000,25000,GK,18/19,73,GK,Right,2,4,1,GK,1.0,2015-06-12,2020.0,,,,,,,72.0,70.0,72.0,71.0,35.0,74.0,Injury Free,14,19,18,25,13,17,18,16,17,20,33,37,38,71,42,22,72,28,70,20,23,19,11,44,20,38,10,15,20,72,70,72,74,71,Scott Carson,S. Carson,76,,,,,,,,,
122,O. Nyland,72,Aston Villa,2300000,28000,GK,19/20,72,GK,Right,1,4,1,RES,25.0,2018-08-07,2021.0,,,,,,,73.0,67.0,77.0,74.0,48.0,73.0,"Flair, Acrobatic Clearance",12,11,13,35,14,21,13,14,46,23,47,48,45,67,53,58,71,33,71,13,26,21,13,28,25,41,17,11,12,73,67,77,73,74,Örjan Nyland,O. Nyland,67,,,,,,,,,
123,O. Nyland,72,Aston Villa,2600000,11000,GK,18/19,75,GK,Right,1,4,1,GK,1.0,2018-08-07,2021.0,,,,,,,73.0,67.0,77.0,74.0,48.0,73.0,"GK Long Throw, Comes For Crosses",12,11,13,35,14,21,13,14,46,23,47,48,45,67,53,23,71,33,71,13,26,21,13,28,25,41,17,11,12,73,67,77,73,74,Örjan Nyland,O. Nyland,67,,,,,,,,,
124,M. Verrips,70,Sheffield United,1900000,11000,GK,19/20,77,GK,Right,1,3,1,RES,24.0,2019-08-08,2023.0,,,,,,,71.0,68.0,71.0,72.0,16.0,66.0,,11,6,10,25,8,13,12,11,25,14,17,16,23,64,21,53,32,17,67,6,23,7,7,28,16,28,15,14,14,71,68,71,66,72,Michael Verrips,M. Verrips,72,,,,,,,,,
125,M. Verrips,70,Sheffield United,1900000,11000,GK,19/20,77,GK,Right,1,3,1,RES,24.0,2019-08-08,2023.0,,,,,,,71.0,68.0,71.0,72.0,16.0,66.0,,11,6,10,25,8,13,12,11,25,14,17,16,23,64,21,53,32,17,67,6,23,7,7,28,16,28,15,14,14,71,68,71,66,72,Michael Verrips,M. Verrips,72,,,,,,,,,
126,M. Verrips,70,Sheffield United,1900000,11000,GK,19/20,77,GK,Right,1,3,1,RES,24.0,2019-08-08,2023.0,,,,,,,71.0,68.0,71.0,72.0,16.0,66.0,,11,6,10,25,8,13,12,11,25,14,17,16,23,64,21,53,32,17,67,6,23,7,7,28,16,28,15,14,14,71,68,71,66,72,Michael Verrips,M. Verrips,72,,,,,,,,,
127,J. Ruddy,70,Wolverhampton Wanderers,1100000,27000,GK,19/20,70,GK,Right,2,3,1,SUB,21.0,2017-07-10,2020.0,,,,,,,70.0,66.0,72.0,71.0,41.0,70.0,"Diver, Giant Throw-in, Acrobatic Clearance",14,7,12,25,11,11,13,13,23,24,38,43,23,70,22,54,68,36,71,15,24,22,15,39,18,53,11,11,11,70,66,72,70,71,John Ruddy,J. Ruddy,78,,,,,,,,,
128,J. Ruddy,75,Norwich City,4000000,50000,GK,15/16,76,GK,Right,2,3,1,GK,1.0,2010-07-05,2017.0,,,,,,,77.0,69.0,74.0,80.0,43.0,74.0,"Injury Free, Team Player",14-11,17-8,12-13,25+1,11-14,14-11,13-12,13-12,23+1,24+1,38-3,47-2,53,78+1,34,24+1,76,36,76,15-10,24+1,22+1,15-10,33+8,43+1,,11-14,11-14,11-14,77-1,69-4,74+1,74+1,80+1,John Ruddy,J. Ruddy,78,,,,,,,,,
129,J. Ruddy,74,Norwich City,2900000,6000,GK,16/17,74,GK,Right,2,3,1,GK,1.0,2010-07-05,2017.0,,,,,,,74.0,69.0,74.0,75.0,43.0,74.0,"Injury Free, Team Player, Comes For Crosses",14,17,12,25,11,14,13,13,23,24,38,47,42,76-2,34,24,76,36,76,15,24,22,15,33,43,53,11,11,11,74-3,69,74,74,75-5,John Ruddy,J. Ruddy,78,,,,,,,,,
130,J. Ruddy,72,Wolverhampton Wanderers,2000000,25000,GK,17/18,72,GK,Right,2,3,1,GK,21.0,2017-07-10,2019.0,,,,,,,72.0,67.0,74.0,71.0,43.0,73.0,"Injury Free, Team Player, Comes For Crosses",14,7,12,25,11,11,13,13,23,24,38,47,23,75,22,24,76,36,76,15,24,22,15,36+3,18,53,11,11,11,72-1,67-1,74,73-1,71-2,John Ruddy,J. Ruddy,78,,,,,,,,,
131,J. Ruddy,62,Oldham Athletic,475000,5000,GK,17/18,75,GK,Right,1,3,1,SUB,1.0,,2018.0,,,,,,,62.0,59.0,54.0,64.0,42.0,61.0,,13,17,17,39,17,18,18,39,41,24,45,40,42,61,63,19,51,31,59,14,18,20,19,29,28,31,17,17,11,62,59,54,61,64,John Ruddy,J. Ruddy,78,,,,,,,,,
132,J. Ruddy,72,Wolverhampton Wanderers,1900000,31000,GK,18/19,72,GK,Right,2,3,1,SUB,21.0,2017-07-10,2020.0,,,,,,,72.0,66.0,73.0,73.0,41.0,72.0,"Injury Free, Team Player, Comes For Crosses",14,7,12,25,11,11,13,13,23,24,38,43,23,73,22,24,68,36,71,15,24,22,15,39,18,53,11,11,11,72,66,73,72,73,John Ruddy,J. Ruddy,78,,,,,,,,,
133,B. Peacock-Farrell,69,Burnley,1300000,10000,GK,19/20,78,GK,Left,1,2,1,SUB,15.0,2019-08-02,2023.0,,,,,,,72.0,65.0,72.0,73.0,52.0,63.0,,14,11,17,37,11,17,20,11,29,30,54,51,40,65,59,54,68,40,61,17,24,20,14,38,29,47,19,20,20,72,65,72,63,73,Bailey Peacock-Farrell,B. Peacock-Farrell,85,,,,,,,,,
134,B. Peacock-Farrell,61,Leeds United,425000,1000,GK,16/17,77,GK,Left,1,2,1,RES,30.0,2015-06-02,2018.0,,,,,,,60.0,62.0,62.0,63.0,52.0,56.0,,14,11,17,28,11,17,20,11,26,19,54,51,40,57+2,69,28,68,34,48,22,24,20,14,38+4,29,34,13,20,20,60+3,62+3,62+4,56+7,63+1,Bailey Peacock-Farrell,B. Peacock-Farrell,85,,,,,,,,,
135,B. Peacock-Farrell,62,Leeds United,475000,3000,GK,17/18,75,GK,Left,1,2,1,RES,30.0,2015-06-02,2020.0,,,,,,,61.0,62.0,63.0,63.0,52.0,58.0,,14,11,17,28,11,17,20,11,26,19,54,51,40,57,69,28,68,34,48,22,24,20,14,38,29,34,13,20,20,61,62,63,58,63,Bailey Peacock-Farrell,B. Peacock-Farrell,85,,,,,,,,,
136,B. Peacock-Farrell,68,Leeds United,1100000,8000,GK,18/19,77,GK,Left,1,2,1,GK,1.0,2015-06-02,2020.0,,,,,,,69.0,64.0,66.0,71.0,52.0,65.0,,14,11,17,28,11,17,20,11,26,30+11,54,51,40,63,69,28,68,34,61,17,24,20,14,38,29,47+10,19,20,20,69+4,64,66+2,65,71+2,Bailey Peacock-Farrell,B. Peacock-Farrell,85,,,,,,,,,
137,D. Bachmann,69,Watford,1100000,16000,GK,19/20,75,GK,Right,1,3,1,RES,35.0,2017-07-01,2020.0,,,,,,,68.0,67.0,68.0,69.0,43.0,65.0,Acrobatic Clearance,14,17,12,37,16,14,18,20,39,27,50,37,40,74,44,51,57,36,75,15,31,26,13,36,31,51,14,11,11,68,67,68,65,69,Daniel Bachmann,D. Bachmann,77,,,,,,,,,
138,D. Bachmann,62,Stoke City,400000,1000,GK,16/17,72,GK,Right,1,3,1,RES,35.0,2011-01-01,2017.0,,,,,,,60.0,58.0,54.0,65.0,53.0,60.0,,14,17,12,36,23,14,18,20,35,22,50,55,60,69,44,21,57,36,64,15,31,26,13,20,31,22,16,11,11,60,58,54,60,65,Daniel Bachmann,D. Bachmann,77,,,,,,,,,
139,D. Bachmann,62,Watford,375000,6000,GK,17/18,72,GK,Right,1,3,1,RES,35.0,2017-07-01,2020.0,,,,,,,60.0,58.0,54.0,65.0,43.0,60.0,,14,17,12,36,16-7,14,18,20,35,22,50,37-18,40-20,69,44,21,57,36,61-3,15,31,26,13,20,31,22,16,11,11,60,58,54,60,65,Daniel Bachmann,D. Bachmann,77,,,,,,,,,
140,J. Steele,68,Brighton & Hove Albion,750000,14000,GK,19/20,69,GK,Right,1,3,1,RES,23.0,2018-06-21,2021.0,,,,,,,68.0,66.0,71.0,68.0,35.0,67.0,,11,15,28,53,12,12,19,15,45,36,34,36,36,60,44,53,56,29,55,12,39,11,13,40,24,52,10,18,14,68,66,71,67,68,Jason Steele,J. Steele,76,,,,,,,,,
141,J. Steele,66,Blackburn Rovers,725000,6000,GK,15/16,71,GK,Right,1,3,1,GK,30.0,2015-01-01,2018.0,,,,,,,65.0,68.0,56.0,65.0,56.0,69.0,,11-14,15-10,12-13,35+1,12-13,13-12,19-6,15-10,25-11,33+8,55,57,36,61-5,44,18-7,64,32,68,12-13,40+1,24+1,16-9,28+3,24+1,,13-12,18-7,14-11,65-6,68+1,56-6,69+1,65-7,Jason Steele,J. Steele,76,,,,,,,,,
142,J. Steele,64,Blackburn Rovers,450000,1000,GK,16/17,67,GK,Right,1,3,1,GK,1.0,2015-01-01,2018.0,,,,,,,62.0,65.0,56.0,59.0,56.0,69.0,,11,15,12,35,12,13,19,15,25,33,55,57,36,61,44,18,64,32,68,12,40,24,16,34,24,46,13,18,14,62-3,65-3,56,69,59-6,Jason Steele,J. Steele,76,,,,,,,,,
143,J. Steele,67,Sunderland,675000,5000,GK,17/18,70,GK,Right,1,3,1,SUB,1.0,2017-07-26,2021.0,,,,,,,70.0,63.0,70.0,65.0,35.0,69.0,,11,15,34+22,53+18,12,12-1,19,15,45+20,36+3,34-21,36-21,36,60-1,44,18,56-8,29-3,55-13,12,39-1,11-13,13-3,37+3,24,37-9,13,18,14,70+2,63-1,70+6,69+2,65+2,Jason Steele,J. Steele,76,,,,,,,,,
144,J. Steele,67,Brighton & Hove Albion,650000,11000,GK,18/19,70,GK,Right,1,3,1,RES,23.0,2018-06-21,2021.0,,,,,,,68.0,63.0,71.0,67.0,35.0,67.0,,11,15,28,53,12,12,19,15,45,36,34,36,36,60,44,18,56,29,55,12,39,11,13,40,24,52,10,18,14,68,63,71,67,67,Jason Steele,J. Steele,76,,,,,,,,,
145,J. Steele,68,Brighton & Hove Albion,750000,14000,GK,19/20,69,GK,Right,1,3,1,RES,23.0,2018-06-21,2021.0,,,,,,,68.0,66.0,71.0,68.0,35.0,67.0,,11,15,28,53,12,12,19,15,45,36,34,36,36,60,44,53,56,29,55,12,39,11,13,40,24,52,10,18,14,68,66,71,67,68,Jason Steele,J. Steele,76,,,,,,,,,
146,J. Steele,66,Blackburn Rovers,725000,6000,GK,15/16,71,GK,Right,1,3,1,GK,30.0,2015-01-01,2018.0,,,,,,,65.0,68.0,56.0,65.0,56.0,69.0,,11-14,15-10,12-13,35+1,12-13,13-12,19-6,15-10,25-11,33+8,55,57,36,61-5,44,18-7,64,32,68,12-13,40+1,24+1,16-9,28+3,24+1,,13-12,18-7,14-11,65-6,68+1,56-6,69+1,65-7,Jason Steele,J. Steele,76,,,,,,,,,
147,J. Steele,64,Blackburn Rovers,450000,1000,GK,16/17,67,GK,Right,1,3,1,GK,1.0,2015-01-01,2018.0,,,,,,,62.0,65.0,56.0,59.0,56.0,69.0,,11,15,12,35,12,13,19,15,25,33,55,57,36,61,44,18,64,32,68,12,40,24,16,34,24,46,13,18,14,62-3,65-3,56,69,59-6,Jason Steele,J. Steele,76,,,,,,,,,
148,J. Steele,67,Sunderland,675000,5000,GK,17/18,70,GK,Right,1,3,1,SUB,1.0,2017-07-26,2021.0,,,,,,,70.0,63.0,70.0,65.0,35.0,69.0,,11,15,34+22,53+18,12,12-1,19,15,45+20,36+3,34-21,36-21,36,60-1,44,18,56-8,29-3,55-13,12,39-1,11-13,13-3,37+3,24,37-9,13,18,14,70+2,63-1,70+6,69+2,65+2,Jason Steele,J. Steele,76,,,,,,,,,
149,J. Steele,67,Brighton & Hove Albion,650000,11000,GK,18/19,70,GK,Right,1,3,1,RES,23.0,2018-06-21,2021.0,,,,,,,68.0,63.0,71.0,67.0,35.0,67.0,,11,15,28,53,12,12,19,15,45,36,34,36,36,60,44,18,56,29,55,12,39,11,13,40,24,52,10,18,14,68,63,71,67,67,Jason Steele,J. Steele,76,,,,,,,,,
150,E. Jakupović,68,Leicester City,400000,19000,GK,19/20,68,GK,Right,1,2,1,RES,35.0,2017-07-19,2020.0,,,,,,,69.0,68.0,66.0,66.0,30.0,69.0,Flair,11,12,12,39,15,11,11,14,34,22,29,31,37,59,45,50,66,31,60,11,45,24,11,52,22,62,14,12,11,69,68,66,69,66,Eldin Jakupovic,E. Jakupović,74,,,,,,,,,
151,E. Jakupović,67,Hull City,600000,8000,GK,15/16,67,GK,Right,1,2,1,SUB,16.0,2012-07-09,2016.0,,,,,,,69.0,69.0,65.0,71.0,47.0,66.0,GK Long Throw,11-14,12-13,12-13,39+1,22+1,11-14,11-14,14-11,34+1,22-2,46,47,38,59+1,45,25-22,66,31,62,11-14,45+1,24+1,11-14,47+22,22-17,,13-12,12-13,11-14,69+1,69+1,65+1,66+1,71+1,Eldin Jakupovic,E. Jakupović,74,,,,,,,,,
152,E. Jakupović,68,Hull City,675000,1000,GK,16/17,68,GK,Right,1,2,1,SUB,16.0,2012-07-09,2018.0,,,,,,,69.0,69.0,65.0,71.0,47.0,66.0,GK Long Throw,11,12,12,39,22,11,11,14,34,22,46,47,38,59,45,25,66,31,62,11,45,24,11,47,22,67,13,12,11,69,69,65,66,71,Eldin Jakupovic,E. Jakupović,74,,,,,,,,,
153,E. Jakupović,72,Leicester City,1800000,30000,GK,17/18,72,GK,Right,1,2,1,SUB,17.0,2017-07-19,2020.0,,,,,,,73.0,70.0,69.0,77.0,47.0,71.0,"GK Long Throw, Rushes Out Of Goal",11,12,12,39,22,11,11,14,34,22,46,47,38,59,45,25,66,31,62,11,45,24,11,52+2,22,67,13,12,11,73+4,70,69+4,71+2,77+4,Eldin Jakupovic,E. Jakupović,74,,,,,,,,,
154,E. Jakupović,73,Leicester City,2000000,34000,GK,18/19,73,GK,Right,1,2,1,SUB,17.0,2017-07-19,2020.0,,,,,,,74.0,70.0,70.0,75.0,47.0,74.0,GK Long Throw,11,12,12,39,15,11,11,14,34,22,46,47,38,59,45,25,66,31,62,11,45,24,11,52,22,62,14,12,11,74,70,70,74,75,Eldin Jakupovic,E. Jakupović,74,,,,,,,,,
155,S. Moore,67,Sheffield United,550000,9000,GK,19/20,67,GK,Right,1,3,1,SUB,25.0,2016-08-19,2021.0,,,,,,,66.0,65.0,69.0,67.0,49.0,64.0,,14,13,20,24,14,14,14,12,11,34,50,48,58,64,39,52,46,36,60,19,34,23,13,31,11,42,15,13,18,66,65,69,64,67,Simon Moore,S. Moore,74,,,,,,,,,
156,S. Moore,64,Cardiff City,475000,6000,GK,15/16,69,GK,Right,1,2,1,SUB,21.0,2013-07-29,2017.0,,,,,,,67.0,61.0,58.0,69.0,49.0,59.0,Avoids Using Weaker Foot,14-11,13-12,20-5,24+1,14-11,14-11,14-11,12-13,11-14,34+1,50,48,58,64+1,39,30+1,46,36,60,19-6,34+1,23+1,13-12,21+1,11-14,,11-14,13-12,18-7,67+1,61+1,58+1,59+1,69+1,Simon Moore,S. Moore,74,,,,,,,,,
157,S. Moore,65,Sheffield United,550000,2000,GK,16/17,69,GK,Right,1,2,1,SUB,25.0,2016-08-19,2018.0,,,,,,,65.0,61.0,58.0,66.0,49.0,65.0,Avoids Using Weaker Foot,14,13,20,24,14,14,14,12,11,34,50,48,58,64,39,30,46,36,60,19,34,23,13,31,11,42,11,13,18,65-2,61,58,65+6,66-3,Simon Moore,S. Moore,74,,,,,,,,,
158,S. Moore,55,Reading,120000,1000,GK,16/17,65,GK,Right,1,2,1,RES,61.0,2013-07-01,2017.0,,,,,,,55.0,55.0,57.0,54.0,51.0,52.0,,18,15,18,38,20,18,15,14,30,27,45,55,48,52,46,19,58,30,53,18,36,26,19,36,29,30,14,19,20,55-4,55-2,57-2,52,54-10,Simon Moore,S. Moore,74,,,,,,,,,
159,S. Moore,65,Sheffield United,450000,9000,GK,17/18,68,GK,Right,1,2,1,SUB,1.0,2016-08-19,2018.0,,,,,,,65.0,61.0,58.0,66.0,49.0,65.0,Avoids Using Weaker Foot,14,13,20,24,14,14,14,12,11,34,50,48,58,64,39,30,46,36,60,19,34,23,13,31,11,42,11,13,18,65,61,58,65,66,Simon Moore,S. Moore,74,,,,,,,,,
160,S. Moore,66,Sheffield United,450000,3000,GK,18/19,66,GK,Right,1,3,1,SUB,25.0,2016-08-19,2021.0,,,,,,,66.0,65.0,67.0,67.0,49.0,64.0,Avoids Using Weaker Foot,14,13,20,24,14,14,14,12,11,34,50,48,58,64,39,30,46,36,60,19,34,23,13,31,11,42,15,13,18,66,65,67,64,67,Simon Moore,S. Moore,74,,,,,,,,,
161,A. Lonergan,65,Liverpool,150000,8000,GK,19/20,65,GK,Left,1,1,1,RES,22.0,2019-08-12,2024.0,,,,,,,65.0,62.0,52.0,67.0,41.0,65.0,,12,14,15,29,15,11,12,14,27,24,40,41,50,65,42,39,66,28,56,13,28,12,8,32,16,30,14,15,14,65,62,52,65,67,Andy Lonergan,A. Lonergan,83,,,,,,,,,
162,A. Lonergan,71,Fulham,1300000,20000,GK,15/16,71,GK,Left,1,2,1,GK,24.0,2015-07-01,2017.0,,,,,,,71.0,70.0,68.0,75.0,46.0,67.0,,12-13,14-11,15-10,29+1,15-10,11-14,12-13,14-11,27+1,24+1,48,44,55,71+1,43,24-3,71,31,61,13-12,39+1,23+1,15-10,44+19,16-9,,15-10,15-10,14-11,71+1,70+1,68+1,67+1,75+1,Andy Lonergan,A. Lonergan,83,,,,,,,,,
163,A. Lonergan,71,Wolverhampton Wanderers,1200000,2000,GK,16/17,71,GK,Left,1,1,1,SUB,21.0,2016-06-08,2018.0,,,,,,,69.0,70.0,68.0,73.0,46.0,67.0,,12,14,15,29,15,11,12,14,27,24,48,44,55,71,43,24,71,31,61,13,39,23,15,43,16,55,15,15,14,69-2,70,68,67,73-3,Andy Lonergan,A. Lonergan,83,,,,,,,,,
164,A. Lonergan,66,Leeds United,325000,7000,GK,17/18,66,GK,Left,1,1,1,SUB,1.0,2017-08-27,2019.0,,,,,,,65.0,64.0,52.0,68.0,41.0,66.0,,12,14,15,29,15,11,12,14,27,24,40,41,50,65,42,24,66,28,56,13,28,12,8,32,16,30,15,15,14,65-3,64-4,52-8,66,68-4,Andy Lonergan,A. Lonergan,83,,,,,,,,,
165,A. Lonergan,65,Middlesbrough,220000,9000,GK,18/19,65,GK,Left,1,1,1,SUB,31.0,2018-08-02,2019.0,,,,,,,65.0,62.0,52.0,67.0,41.0,65.0,,12,14,15,29,15,11,12,14,27,24,40,41,50,65,42,24,66,28,56,13,28,12,8,32,16,30,14,15,14,65,62,52,65,67,Andy Lonergan,A. Lonergan,83,,,,,,,,,
166,A. Lonergan,65,Liverpool,150000,8000,GK,19/20,65,GK,Left,1,1,1,RES,22.0,2019-08-12,2024.0,,,,,,,65.0,62.0,52.0,67.0,41.0,65.0,,12,14,15,29,15,11,12,14,27,24,40,41,50,65,42,39,66,28,56,13,28,12,8,32,16,30,14,15,14,65,62,52,65,67,Andy Lonergan,A. Lonergan,83,,,,,,,,,
167,A. Lonergan,71,Fulham,1300000,20000,GK,15/16,71,GK,Left,1,2,1,GK,24.0,2015-07-01,2017.0,,,,,,,71.0,70.0,68.0,75.0,46.0,67.0,,12-13,14-11,15-10,29+1,15-10,11-14,12-13,14-11,27+1,24+1,48,44,55,71+1,43,24-3,71,31,61,13-12,39+1,23+1,15-10,44+19,16-9,,15-10,15-10,14-11,71+1,70+1,68+1,67+1,75+1,Andy Lonergan,A. Lonergan,83,,,,,,,,,
168,A. Lonergan,71,Wolverhampton Wanderers,1200000,2000,GK,16/17,71,GK,Left,1,1,1,SUB,21.0,2016-06-08,2018.0,,,,,,,69.0,70.0,68.0,73.0,46.0,67.0,,12,14,15,29,15,11,12,14,27,24,48,44,55,71,43,24,71,31,61,13,39,23,15,43,16,55,15,15,14,69-2,70,68,67,73-3,Andy Lonergan,A. Lonergan,83,,,,,,,,,
169,A. Lonergan,66,Leeds United,325000,7000,GK,17/18,66,GK,Left,1,1,1,SUB,1.0,2017-08-27,2019.0,,,,,,,65.0,64.0,52.0,68.0,41.0,66.0,,12,14,15,29,15,11,12,14,27,24,40,41,50,65,42,24,66,28,56,13,28,12,8,32,16,30,15,15,14,65-3,64-4,52-8,66,68-4,Andy Lonergan,A. Lonergan,83,,,,,,,,,
170,A. Lonergan,65,Middlesbrough,220000,9000,GK,18/19,65,GK,Left,1,1,1,SUB,31.0,2018-08-02,2019.0,,,,,,,65.0,62.0,52.0,67.0,41.0,65.0,,12,14,15,29,15,11,12,14,27,24,40,41,50,65,42,24,66,28,56,13,28,12,8,32,16,30,14,15,14,65,62,52,65,67,Andy Lonergan,A. Lonergan,83,,,,,,,,,
171,A. Lonergan,65,Liverpool,150000,8000,GK,19/20,65,GK,Left,1,1,1,RES,22.0,2019-08-12,2024.0,,,,,,,65.0,62.0,52.0,67.0,41.0,65.0,,12,14,15,29,15,11,12,14,27,24,40,41,50,65,42,39,66,28,56,13,28,12,8,32,16,30,14,15,14,65,62,52,65,67,Andy Lonergan,A. Lonergan,83,,,,,,,,,
172,A. Lonergan,71,Fulham,1300000,20000,GK,15/16,71,GK,Left,1,2,1,GK,24.0,2015-07-01,2017.0,,,,,,,71.0,70.0,68.0,75.0,46.0,67.0,,12-13,14-11,15-10,29+1,15-10,11-14,12-13,14-11,27+1,24+1,48,44,55,71+1,43,24-3,71,31,61,13-12,39+1,23+1,15-10,44+19,16-9,,15-10,15-10,14-11,71+1,70+1,68+1,67+1,75+1,Andy Lonergan,A. Lonergan,83,,,,,,,,,
173,A. Lonergan,71,Wolverhampton Wanderers,1200000,2000,GK,16/17,71,GK,Left,1,1,1,SUB,21.0,2016-06-08,2018.0,,,,,,,69.0,70.0,68.0,73.0,46.0,67.0,,12,14,15,29,15,11,12,14,27,24,48,44,55,71,43,24,71,31,61,13,39,23,15,43,16,55,15,15,14,69-2,70,68,67,73-3,Andy Lonergan,A. Lonergan,83,,,,,,,,,
174,A. Lonergan,66,Leeds United,325000,7000,GK,17/18,66,GK,Left,1,1,1,SUB,1.0,2017-08-27,2019.0,,,,,,,65.0,64.0,52.0,68.0,41.0,66.0,,12,14,15,29,15,11,12,14,27,24,40,41,50,65,42,24,66,28,56,13,28,12,8,32,16,30,15,15,14,65-3,64-4,52-8,66,68-4,Andy Lonergan,A. Lonergan,83,,,,,,,,,
175,A. Lonergan,65,Middlesbrough,220000,9000,GK,18/19,65,GK,Left,1,1,1,SUB,31.0,2018-08-02,2019.0,,,,,,,65.0,62.0,52.0,67.0,41.0,65.0,,12,14,15,29,15,11,12,14,27,24,40,41,50,65,42,24,66,28,56,13,28,12,8,32,16,30,14,15,14,65,62,52,65,67,Andy Lonergan,A. Lonergan,83,,,,,,,,,
176,M. Travers,64,Bournemouth,850000,6000,GK,19/20,78,GK,Right,1,2,1,RES,42.0,2016-07-07,2021.0,,,,,,,65.0,64.0,62.0,64.0,31.0,63.0,,16,14,15,31,13,13,14,14,30,19,32,31,31,58,47,47,58,30,59,13,23,13,11,34,18,47,14,15,14,65,64,62,63,64,Mark Travers,M. Travers,82,,,,,,,,,
177,M. Travers,64,Bournemouth,850000,6000,GK,19/20,78,GK,Right,1,2,1,RES,42.0,2016-07-07,2021.0,,,,,,,65.0,64.0,62.0,64.0,31.0,63.0,,16,14,15,31,13,13,14,14,30,19,32,31,31,58,47,47,58,30,59,13,23,13,11,34,18,47,14,15,14,65,64,62,63,64,Mark Travers,M. Travers,82,,,,,,,,,
178,M. Travers,64,Bournemouth,850000,6000,GK,19/20,78,GK,Right,1,2,1,RES,42.0,2016-07-07,2021.0,,,,,,,65.0,64.0,62.0,64.0,31.0,63.0,,16,14,15,31,13,13,14,14,30,19,32,31,31,58,47,47,58,30,59,13,23,13,11,34,18,47,14,15,14,65,64,62,63,64,Mark Travers,M. Travers,82,,,,,,,,,
179,M. Travers,64,Bournemouth,850000,6000,GK,19/20,78,GK,Right,1,2,1,RES,42.0,2016-07-07,2021.0,,,,,,,65.0,64.0,62.0,64.0,31.0,63.0,,16,14,15,31,13,13,14,14,30,19,32,31,31,58,47,47,58,30,59,13,23,13,11,34,18,47,14,15,14,65,64,62,63,64,Mark Travers,M. Travers,82,,,,,,,,,
180,A. Legzdins,64,Burnley,270000,6000,GK,19/20,64,GK,Right,1,3,1,RES,30.0,2017-08-08,2020.0,,,,,,,64.0,61.0,62.0,65.0,32.0,64.0,"Flair, Second Wind",17,13,19,20,18,15,17,17,25,17,35,30,47,62,45,47,62,31,67,12,37,16,15,49,17,60,11,11,11,64,61,62,64,65,Adam Legzdins,A. Legzdins,83,,,,,,,,,
181,A. Legzdins,65,Birmingham City,450000,8000,GK,15/16,65,GK,Right,1,3,1,SUB,1.0,2015-07-01,2017.0,,,,,,,67.0,63.0,65.0,65.0,32.0,65.0,GK Long Throw,17-8,13-12,19-6,20-5,18-7,15-10,17-8,17-8,25+1,17-8,35,30,47,62+1,45,20-5,62,31,67,12-13,37+1,16-9,15-10,49+24,17-8,,11-14,11-14,11-14,67+1,63+1,65+1,65+1,65+1,Adam Legzdins,A. Legzdins,83,,,,,,,,,
182,A. Legzdins,65,Birmingham City,450000,1000,GK,16/17,65,GK,Right,1,3,1,SUB,1.0,2015-07-01,2017.0,,,,,,,64.0,63.0,65.0,65.0,32.0,66.0,"GK Long Throw, Cautious With Crosses",17,13,19,20,18,15,17,17,25,17,35,30,47,62,45,20,62,31,67,12,37,16,15,49,17,61,11,11,11,64-2,63,65,66,65,Adam Legzdins,A. Legzdins,83,,,,,,,,,
183,A. Legzdins,65,Burnley,350000,10000,GK,17/18,65,GK,Right,1,3,1,RES,30.0,2017-08-08,2020.0,,,,,,,65.0,61.0,65.0,66.0,32.0,64.0,"GK Long Throw, Cautious With Crosses",17,13,19,20,18,15,17,17,25,17,35,30,47,62,45,20,62,31,67,12,37,16,15,49,17,61,11,11,11,65,61,65,64,66,Adam Legzdins,A. Legzdins,83,,,,,,,,,
184,A. Legzdins,65,Burnley,325000,9000,GK,18/19,65,GK,Right,1,3,1,RES,30.0,2017-08-08,2020.0,,,,,,,65.0,61.0,65.0,66.0,32.0,64.0,"GK Long Throw, Cautious With Crosses",17,13,19,20,18,15,17,17,25,17,35,30,47,62,45,20,62,31,67,12,37,16,15,49,17,60,11,11,11,65,61,65,64,66,Adam Legzdins,A. Legzdins,83,,,,,,,,,
185,A. Legzdins,64,Burnley,270000,6000,GK,19/20,64,GK,Right,1,3,1,RES,30.0,2017-08-08,2020.0,,,,,,,64.0,61.0,62.0,65.0,32.0,64.0,"Flair, Second Wind",17,13,19,20,18,15,17,17,25,17,35,30,47,62,45,47,62,31,67,12,37,16,15,49,17,60,11,11,11,64,61,62,64,65,Adam Legzdins,A. Legzdins,83,,,,,,,,,
186,A. Legzdins,65,Birmingham City,450000,8000,GK,15/16,65,GK,Right,1,3,1,SUB,1.0,2015-07-01,2017.0,,,,,,,67.0,63.0,65.0,65.0,32.0,65.0,GK Long Throw,17-8,13-12,19-6,20-5,18-7,15-10,17-8,17-8,25+1,17-8,35,30,47,62+1,45,20-5,62,31,67,12-13,37+1,16-9,15-10,49+24,17-8,,11-14,11-14,11-14,67+1,63+1,65+1,65+1,65+1,Adam Legzdins,A. Legzdins,83,,,,,,,,,
187,A. Legzdins,65,Birmingham City,450000,1000,GK,16/17,65,GK,Right,1,3,1,SUB,1.0,2015-07-01,2017.0,,,,,,,64.0,63.0,65.0,65.0,32.0,66.0,"GK Long Throw, Cautious With Crosses",17,13,19,20,18,15,17,17,25,17,35,30,47,62,45,20,62,31,67,12,37,16,15,49,17,61,11,11,11,64-2,63,65,66,65,Adam Legzdins,A. Legzdins,83,,,,,,,,,
188,A. Legzdins,65,Burnley,350000,10000,GK,17/18,65,GK,Right,1,3,1,RES,30.0,2017-08-08,2020.0,,,,,,,65.0,61.0,65.0,66.0,32.0,64.0,"GK Long Throw, Cautious With Crosses",17,13,19,20,18,15,17,17,25,17,35,30,47,62,45,20,62,31,67,12,37,16,15,49,17,61,11,11,11,65,61,65,64,66,Adam Legzdins,A. Legzdins,83,,,,,,,,,
189,A. Legzdins,65,Burnley,325000,9000,GK,18/19,65,GK,Right,1,3,1,RES,30.0,2017-08-08,2020.0,,,,,,,65.0,61.0,65.0,66.0,32.0,64.0,"GK Long Throw, Cautious With Crosses",17,13,19,20,18,15,17,17,25,17,35,30,47,62,45,20,62,31,67,12,37,16,15,49,17,60,11,11,11,65,61,65,64,66,Adam Legzdins,A. Legzdins,83,,,,,,,,,
190,H. Burgoyne,63,Wolverhampton Wanderers,525000,8000,GK,19/20,75,GK,Right,1,2,1,RES,42.0,2015-03-25,2020.0,,,,,,,65.0,62.0,61.0,64.0,35.0,61.0,,20,15,20,27,20,14,19,18,26,20,32,37,40,58,38,46,50,20,44,14,17,11,8,43,20,45,18,19,20,65,62,61,61,64,Harry Burgoyne,H. Burgoyne,80,,,,,,,,,
191,H. Burgoyne,60,Wolverhampton Wanderers,375000,4000,GK,17/18,74,GK,Right,1,2,1,RES,13.0,2015-03-25,2019.0,,,,,,,63.0,59.0,58.0,62.0,25.0,59.0,,20,15,20,27,20,14,19,18,26,20,26,24,33,49+10,38,19,43,17,44+4,14,17,11,8,43,20,24,18,19,20,63+2,59+5,58+2,59,62+5,Harry Burgoyne,H. Burgoyne,80,,,,,,,,,
192,H. Burgoyne,63,Wolverhampton Wanderers,525000,8000,GK,19/20,75,GK,Right,1,2,1,RES,42.0,2015-03-25,2020.0,,,,,,,65.0,62.0,61.0,64.0,35.0,61.0,,20,15,20,27,20,14,19,18,26,20,32,37,40,58,38,46,50,20,44,14,17,11,8,43,20,45,18,19,20,65,62,61,61,64,Harry Burgoyne,H. Burgoyne,80,,,,,,,,,
193,H. Burgoyne,60,Wolverhampton Wanderers,375000,4000,GK,17/18,74,GK,Right,1,2,1,RES,13.0,2015-03-25,2019.0,,,,,,,63.0,59.0,58.0,62.0,25.0,59.0,,20,15,20,27,20,14,19,18,26,20,26,24,33,49+10,38,19,43,17,44+4,14,17,11,8,43,20,24,18,19,20,63+2,59+5,58+2,59,62+5,Harry Burgoyne,H. Burgoyne,80,,,,,,,,,
194,H. Burgoyne,63,Wolverhampton Wanderers,525000,8000,GK,19/20,75,GK,Right,1,2,1,RES,42.0,2015-03-25,2020.0,,,,,,,65.0,62.0,61.0,64.0,35.0,61.0,,20,15,20,27,20,14,19,18,26,20,32,37,40,58,38,46,50,20,44,14,17,11,8,43,20,45,18,19,20,65,62,61,61,64,Harry Burgoyne,H. Burgoyne,80,,,,,,,,,
195,H. Burgoyne,60,Wolverhampton Wanderers,375000,4000,GK,17/18,74,GK,Right,1,2,1,RES,13.0,2015-03-25,2019.0,,,,,,,63.0,59.0,58.0,62.0,25.0,59.0,,20,15,20,27,20,14,19,18,26,20,26,24,33,49+10,38,19,43,17,44+4,14,17,11,8,43,20,24,18,19,20,63+2,59+5,58+2,59,62+5,Harry Burgoyne,H. Burgoyne,80,,,,,,,,,
196,C. Kelleher,59,Liverpool,290000,5000,GK,19/20,74,GK,Right,1,2,1,RES,62.0,2017-07-01,2021.0,,,,,,,60.0,56.0,53.0,62.0,39.0,57.0,,13,6,13,25,9,10,12,11,29,14,40,38,36,57,48,40,64,19,52,8,21,12,4,22,14,35,18,10,14,60,56,53,57,62,Caoimhin Kelleher,C. Kelleher,71,,,,,,,,,
197,C. Kelleher,58,Liverpool,230000,2000,GK,18/19,77,GK,Right,1,2,1,RES,62.0,2017-07-01,2021.0,,,,,,,58.0,54.0,52.0,60.0,35.0,55.0,,13,6,13,25,9,10,12,11,29,14,37,33,32,57,48,25,64,19,52,8,21,12,4,22,14,35,18,10,14,58,54,52,55,60,Caoimhin Kelleher,C. Kelleher,71,,,,,,,,,
198,C. Kelleher,59,Liverpool,290000,5000,GK,19/20,74,GK,Right,1,2,1,RES,62.0,2017-07-01,2021.0,,,,,,,60.0,56.0,53.0,62.0,39.0,57.0,,13,6,13,25,9,10,12,11,29,14,40,38,36,57,48,40,64,19,52,8,21,12,4,22,14,35,18,10,14,60,56,53,57,62,Caoimhin Kelleher,C. Kelleher,71,,,,,,,,,
199,C. Kelleher,58,Liverpool,230000,2000,GK,18/19,77,GK,Right,1,2,1,RES,62.0,2017-07-01,2021.0,,,,,,,58.0,54.0,52.0,60.0,35.0,55.0,,13,6,13,25,9,10,12,11,29,14,37,33,32,57,48,25,64,19,52,8,21,12,4,22,14,35,18,10,14,58,54,52,55,60,Caoimhin Kelleher,C. Kelleher,71,,,,,,,,,
200,C. Kelleher,59,Liverpool,290000,5000,GK,19/20,74,GK,Right,1,2,1,RES,62.0,2017-07-01,2021.0,,,,,,,60.0,56.0,53.0,62.0,39.0,57.0,,13,6,13,25,9,10,12,11,29,14,40,38,36,57,48,40,64,19,52,8,21,12,4,22,14,35,18,10,14,60,56,53,57,62,Caoimhin Kelleher,C. Kelleher,71,,,,,,,,,
201,C. Kelleher,58,Liverpool,230000,2000,GK,18/19,77,GK,Right,1,2,1,RES,62.0,2017-07-01,2021.0,,,,,,,58.0,54.0,52.0,60.0,35.0,55.0,,13,6,13,25,9,10,12,11,29,14,37,33,32,57,48,25,64,19,52,8,21,12,4,22,14,35,18,10,14,58,54,52,55,60,Caoimhin Kelleher,C. Kelleher,71,,,,,,,,,
202,W. Henry,53,Swindon Town,70000,1000,GK,19/20,62,GK,Right,1,2,1,SUB,12.0,2016-03-12,2020.0,,,,,,,58.0,53.0,50.0,55.0,22.0,46.0,,13,5,13,27,9,14,10,12,21,15,16,27,31,43,34,38,47,16,44,8,25,12,6,16,17,35,11,13,14,58,53,50,46,55,Dion Henry,W. Henry,67,,,,,,,,,
203,W. Henry,46,Swindon Town,50000,1000,GK,16/17,59,GK,Right,1,2,1,SUB,32.0,2016-03-12,2020.0,,,,,,,50.0,46.0,42.0,49.0,22.0,38.0,,13,5,13,27,9,14,10,12,21,15,16,27,31,43,34,15,47,16,44,8,25,12,6,16,17,19,9,13,14,50,46,42,38,49,Dion Henry,W. Henry,67,,,,,,,,,
204,W. Henry,49,Swindon Town,50000,1000,GK,17/18,67,GK,Right,1,2,1,RES,12.0,2016-03-12,2020.0,,,,,,,56.0,46.0,45.0,54.0,22.0,38.0,,13,5,13,27,9,14,10,12,21,15,16,27,31,43,34,15,47,16,44,8,25,12,6,16,17,19,9,13,14,56,46,45,38,54,Dion Henry,W. Henry,67,,,,,,,,,
205,W. Henry,49,Swindon Town,50000,1000,GK,18/19,66,GK,Right,1,2,1,RES,12.0,2016-03-12,2021.0,,,,,,,56.0,46.0,45.0,54.0,22.0,38.0,,13,5,13,27,9,14,10,12,21,15,16,27,31,43,34,15,47,16,44,8,25,12,6,16,17,35,11,13,14,56,46,45,38,54,Dion Henry,W. Henry,67,,,,,,,,,
206,L. Fabiański,78,Swansea City,7000000,50000,GK,15/16,78,GK,Right,2,2,1,GK,1.0,2014-07-01,2019.0,,,,,,,77.0,80.0,73.0,84.0,48.0,78.0,GK Long Throw,14-11,13-12,11-14,20-5,17-8,14-11,18-7,12-13,32+1,22+1,50,47,52,71+1,44,14-11,68,25,65,20-5,43+1,16-9,15-10,52+27,22-19,,11-14,12-13,13-12,77+1,80+5,73+1,78+2,84+1,Lukasz Fabianski,L. Fabiański,71,,,,,,,,,
207,L. Fabiański,80,Swansea City,11000000,30000,GK,16/17,80,GK,Right,2,2,1,GK,1.0,2014-07-01,2019.0,,,,,,,77.0,84.0,73.0,84.0,48.0,78.0,"GK Long Throw, Comes For Crosses",14,13,11,20,17,14,18,12,32,22,50,47,52,71,44,14,68,25,65,20,43,16,15,52,22,63,11,12,13,77,84+4,73,78,84,Lukasz Fabianski,L. Fabiański,71,,,,,,,,,
208,L. Fabiański,80,Swansea City,8500000,60000,GK,17/18,80,GK,Right,2,2,1,GK,1.0,2014-07-01,2019.0,,,,,,,77.0,84.0,70.0,84.0,48.0,78.0,"GK Long Throw, Comes For Crosses",14,13,11,20,17,14,18,12,32,22,50,47,52,71,44,14,68,25,65,20,43,16,15,52,22,63,11,12,13,77,84,70,78,84,Lukasz Fabianski,L. Fabiański,71,,,,,,,,,
209,David Raya,61,Blackburn Rovers,240000,3000,GK,15/16,68,GK,Right,1,3,1,SUB,33.0,2013-07-01,2018.0,,,,,,,61.0,59.0,57.0,67.0,43.0,57.0,,12-13,19-6,20-5,49+24,20-5,17-8,18-7,15-10,50+24,31+6,40,45,51+12,64+10,63+4,25+1,58,34,61,14-11,24+1,25+1,18-7,18-7,26+1,,19-6,14-11,13-12,61+10,59+12,57+5,57+9,67+12,David Martin,David Raya,64,,,,,,,,,
210,David Raya,61,Blackburn Rovers,325000,1000,GK,16/17,71,GK,Right,1,3,1,SUB,33.0,2013-07-01,2018.0,,,,,,,61.0,59.0,57.0,62.0,43.0,57.0,,12,19,20,49,20,17,18,15,50,41+10,40,45,51,64,63,25,58,34,61,14,24,25,18,24,26,36,19,14,13,61,59,57,57,62-5,David Martin,David Raya,64,,,,,,,,,
211,David Raya,66,Blackburn Rovers,800000,2000,GK,17/18,76,GK,Right,1,3,1,GK,1.0,2013-07-01,2019.0,,,,,,,62.0,69.0,64.0,68.0,43.0,61.0,,12,19,20,56+7,20,17,18,15,50,54+13,40,45,48-3,64,38-25,25,38-20,29-5,42-19,14,24,11-14,15-3,33+9,26,46+10,19,14,13,62+1,69+10,64+7,61+4,68+1,David Martin,David Raya,64,,,,,,,,,
212,David Raya,69,Blackburn Rovers,1200000,12000,GK,18/19,77,GK,Right,1,3,1,GK,1.0,2013-07-01,2021.0,,,,,,,68.0,71.0,59.0,71.0,43.0,65.0,"Injury Free, GK Long Throw",12,19,20,56,20,17,18,15,50,38,45,41,48,64,38,25,38,29,42,14,24,11,15,33,26,46,28,14,13,68,71,59,65,71,David Martin,David Raya,64,,,,,,,,,
213,Sergio Rico,80,Fulham,14000000,14000,GK,18/19,84,GK,Right,2,3,1,SUB,25.0,,2019.0,,,,,,,77.0,79.0,77.0,81.0,52.0,80.0,Cautious With Crosses,17,14,11,23,15,14,24,20,23,12,50,53,62,78,43,19,63,41,67,12,27,23,11,45,24,60,16,11,11,77,79,77,80,81,Sergio Romero,Sergio Rico,75,,,,,,,,,
