,name,age,height,position,current club,date,left,joined,mv,year,short_name
0,Ederson,26,188.0,Goalkeeper,Manchester City,"Jul 1, 2015",Rio Ave FC,Benfica,1000000.0,15/16,
2,Scott Carson,34,188.0,Goalkeeper,Manchester City,"Jul 1, 2015",Wigan,Derby,2000000.0,15/16,S. Carson
5,Nicolás Otamendi,31,183.0,Defender - Centre-Back,Manchester City,"Aug 20, 2015",Valencia,Man City,25000000.0,15/16,N. Otamendi
10,João Cancelo,25,182.0,Defender - Right-Back,Manchester City,"Jul 1, 2015",Benfica,Valencia,5000000.0,15/16,J. Cancelo
16,Kevin De Bruyne,28,181.0,Midfielder - Attacking Midfield,Manchester City,"Aug 30, 2015",VfL Wolfsburg,Man City,45000000.0,15/16,K. De
18,Raheem Sterling,24,170.0,Forward - Left Winger,Manchester City,"Jul 14, 2015",Liverpool,Man City,40000000.0,15/16,R. Sterling
19,Leroy Sané,23,184.0,Forward - Left Winger,Manchester City,"Jul 1, 2015",Schalke 04 U19,FC Schalke 04,4000000.0,15/16,L. Sané
26,Caoimhin Kelleher,20,188.0,Goalkeeper,Liverpool FC,,,,0.0,15/16,C. Kelleher
27,Andy Lonergan,35,193.0,Goalkeeper,Liverpool FC,"Jul 1, 2015",Bolton,Fulham,500000.0,15/16,A. Lonergan
28,Virgil van Dijk,28,193.0,Defender - Centre-Back,Liverpool FC,"Sep 1, 2015",Celtic,Southampton,5000000.0,15/16,V. van
29,Joe Gomez,22,188.0,Defender - Centre-Back,Liverpool FC,"Jul 1, 2015",Charlton,Liverpool,2000000.0,15/16,J. Gomez
34,Trent Alexander-Arnold,21,180.0,Defender - Right-Back,Liverpool FC,,,,0.0,15/16,T. Alexander-Arnold
35,Nathaniel Clyne,28,175.0,Defender - Right-Back,Liverpool FC,"Jul 1, 2015",Southampton,Liverpool,17000000.0,15/16,N. Clyne
37,Georginio Wijnaldum,28,175.0,Midfielder - Central Midfield,Liverpool FC,"Jul 11, 2015",PSV Eindhoven,Newcastle,15000000.0,15/16,G. Wijnaldum
41,James Milner,33,175.0,Midfielder - Central Midfield,Liverpool FC,"Jul 1, 2015",Man City,Liverpool,14000000.0,15/16,J. Milner
46,Roberto Firmino,28,181.0,Forward - Centre-Forward,Liverpool FC,"Jul 1, 2015",TSG Hoffenheim,Liverpool,25000000.0,15/16,R. Firmino
57,Serge Aurier,26,176.0,Defender - Right-Back,Tottenham Hotspur,"Jul 1, 2015",Toulouse,Paris SG,10000000.0,15/16,S. Aurier
69,Heung-min Son,27,184.0,Forward - Left Winger,Tottenham Hotspur,"Aug 28, 2015",Bay. Leverkusen,Spurs,16000000.0,15/16,H. Son
81,Emerson,25,175.0,Defender - Left-Back,Chelsea FC,"Aug 26, 2015",Santos FC,AS Roma,400000.0,15/16,
85,N'Golo Kanté,28,168.0,Midfielder - Central Midfield,Chelsea FC,"Aug 3, 2015",SM Caen,Leicester,4000000.0,15/16,N. Kanté
86,Mateo Kovacic,25,177.0,Midfielder - Central Midfield,Chelsea FC,"Aug 18, 2015",Inter,Real Madrid,22000000.0,15/16,M. Kovacic
94,Pedro,32,167.0,Forward - Right Winger,Chelsea FC,"Aug 20, 2015",FC Barcelona,Chelsea,20000000.0,15/16,
99,Sergio Romero,32,192.0,Goalkeeper,Manchester United,"Jul 27, 2015",Sampdoria,Man Utd,5000000.0,15/16,S. Romero
102,Victor Lindelöf,25,187.0,Defender - Centre-Back,Manchester United,"Jul 1, 2015",Benfica B,Benfica,1000000.0,15/16,V. Lindelöf
115,Scott McTominay,22,190.0,Midfielder - Central Midfield,Manchester United,,,,0.0,15/16,S. McTominay
117,Andreas Pereira,23,178.0,Midfielder - Attacking Midfield,Manchester United,"Jul 1, 2015",Man Utd U23,Man Utd,500000.0,15/16,A. Pereira
118,Anthony Martial,23,183.0,Forward - Left Winger,Manchester United,"Sep 1, 2015",Monaco,Man Utd,8000000.0,15/16,A. Martial
121,Marcus Rashford,21,185.0,Forward - Centre-Forward,Manchester United,,,,0.0,15/16,M. Rashford
132,Kieran Tierney,22,178.0,Defender - Left-Back,Arsenal FC,"Dec 1, 2015",Celtic U20,Celtic,100000.0,15/16,K. Tierney
137,Dani Ceballos,23,179.0,Midfielder - Central Midfield,Arsenal FC,"Jul 1, 2015",Betis B,Real Betis,2000000.0,15/16,D. Ceballos
139,Joe Willock,20,179.0,Midfielder - Central Midfield,Arsenal FC,,,,0.0,15/16,J. Willock
152,Yerry Mina,25,195.0,Defender - Centre-Back,Everton FC,"May 1, 2016",Indep. Santa Fe,Palmeiras,650000.0,15/16,Y. Mina
153,Mason Holgate,22,187.0,Defender - Centre-Back,Everton FC,"Aug 13, 2015",Barnsley FC,Everton,75000.0,15/16,M. Holgate
158,Cuco Martina,30,185.0,Defender - Right-Back,Everton FC,"Jul 7, 2015",FC Twente,Southampton,1000000.0,15/16,C. Martina
160,Morgan Schneiderlin,29,186.0,Midfielder - Defensive Midfield,Everton FC,"Jul 13, 2015",Southampton,Man Utd,28000000.0,15/16,M. Schneiderlin
161,André Gomes,26,188.0,Midfielder - Central Midfield,Everton FC,"Jul 1, 2015",Benfica,Valencia,20000000.0,15/16,A. Gomes
162,Fabian Delph,29,174.0,Midfielder - Central Midfield,Everton FC,"Jul 17, 2015",Aston Villa,Man City,10000000.0,15/16,F. Delph
163,Tom Davies,21,180.0,Midfielder - Central Midfield,Everton FC,,,,0.0,15/16,T. Davies
166,Richarlison,22,179.0,Forward - Left Winger,Everton FC,"Jan 1, 2016",América-MG,Fluminense,700000.0,15/16,
173,Oumar Niasse,29,182.0,Forward - Centre-Forward,Everton FC,"Feb 1, 2016",Loko Moscow,Everton,10000000.0,15/16,O. Niasse
178,Jonny Evans,31,188.0,Defender - Centre-Back,Leicester City,"Aug 29, 2015",Man Utd,West Brom,6000000.0,15/16,J. Evans
181,Ben Chilwell,22,178.0,Defender - Left-Back,Leicester City,,,,0.0,15/16,B. Chilwell
182,Christian Fuchs,33,187.0,Defender - Left-Back,Leicester City,"Jul 1, 2015",FC Schalke 04,Leicester,3000000.0,15/16,C. Fuchs
188,Daniel Amartey,24,186.0,Midfielder - Defensive Midfield,Leicester City,"Jan 22, 2016",FC Copenhagen,Leicester,3000000.0,15/16,D. Amartey
196,Demarai Gray,23,180.0,Forward - Left Winger,Leicester City,"Jan 4, 2016",Birmingham,Leicester,4000000.0,15/16,D. Gray
200,Kelechi Iheanacho,23,185.0,Forward - Centre-Forward,Leicester City,"Jul 1, 2015",Man City U18,Man City,100000.0,15/16,K. Iheanacho
206,Angelo Ogbonna,31,191.0,Defender - Centre-Back,West Ham United,"Jul 10, 2015",Juventus,West Ham,9000000.0,15/16,A. Ogbonna
213,Declan Rice,20,185.0,Midfielder - Defensive Midfield,West Ham United,,,,0.0,15/16,D. Rice
223,Sébastien Haller,25,190.0,Forward - Centre-Forward,West Ham United,"Jul 1, 2015",AJ Auxerre,FC Utrecht,2000000.0,15/16,S. Haller
224,Albian Ajeti,22,183.0,Forward - Centre-Forward,West Ham United,"Jan 8, 2016",FC Basel,FC Augsburg,1000000.0,15/16,A. Ajeti
226,Artur Boruc,39,193.0,Goalkeeper,AFC Bournemouth,"Jul 1, 2015",Southampton,Bournemouth,1000000.0,15/16,A. Boruc
227,Mark Travers,20,191.0,Goalkeeper,AFC Bournemouth,,,,0.0,15/16,M. Travers
231,Jack Simpson,22,190.0,Defender - Centre-Back,AFC Bournemouth,,,,0.0,15/16,J. Simpson
236,Jack Stacey,23,180.0,Defender - Right-Back,AFC Bournemouth,,,,0.0,15/16,J. Stacey
254,Harry Burgoyne,22,193.0,Goalkeeper,Wolverhampton Wanderers,,,,0.0,15/16,H. Burgoyne
255,Willy Boly,28,195.0,Defender - Centre-Back,Wolverhampton Wanderers,"Jul 1, 2015",Braga B,Braga,1000000.0,15/16,W. Boly
263,Phil Ofosu-Ayeh,28,181.0,Defender - Right-Back,Wolverhampton Wanderers,"Jul 1, 2015",VfR Aalen,E. Braunschweig,700000.0,15/16,P. Ofosu-Ayeh
266,Romain Saïss,29,188.0,Midfielder - Defensive Midfield,Wolverhampton Wanderers,"Jul 3, 2015",AC Le Havre,SCO Angers,500000.0,15/16,R. Saïss
273,Adama Traoré,23,178.0,Forward - Right Winger,Wolverhampton Wanderers,"Aug 14, 2015",FC Barcelona B,Aston Villa,5000000.0,15/16,A. Traoré
281,Fabian Schär,27,186.0,Defender - Centre-Back,Newcastle United,"Jul 1, 2015",FC Basel,TSG Hoffenheim,8000000.0,15/16,F. Schär
288,Emil Krafth,25,184.0,Defender - Right-Back,Newcastle United,"Aug 21, 2015",Helsingborg,Bologna,900000.0,15/16,E. Krafth
295,Jonjo Shelvey,27,184.0,Midfielder - Central Midfield,Newcastle United,"Jan 12, 2016",Swansea,Newcastle,12000000.0,15/16,J. Shelvey
298,Henri Saivet,28,175.0,Midfielder - Attacking Midfield,Newcastle United,"Jan 11, 2016",G. Bordeaux,Newcastle,2000000.0,15/16,H. Saivet
301,Joelinton,23,186.0,Forward - Centre-Forward,Newcastle United,"Jul 1, 2015",Sport Recife,TSG Hoffenheim,1000000.0,15/16,
303,Yoshinori Muto,27,178.0,Forward - Centre-Forward,Newcastle United,"Jul 1, 2015",FC Tokyo,1.FSV Mainz 05,2000000.0,15/16,Y. Muto
306,Alex McCarthy,29,193.0,Goalkeeper,Southampton FC,"Jul 23, 2015",QPR,Crystal Palace,2000000.0,15/16,A. McCarthy
314,Cédric Soares,28,171.0,Defender - Right-Back,Southampton FC,"Jul 1, 2015",Sporting CP,Southampton,9000000.0,15/16,C. Soares
315,Yan Valery,20,180.0,Defender - Right-Back,Southampton FC,,,,0.0,15/16,Y. Valery
316,Oriol Romeu,28,183.0,Midfielder - Defensive Midfield,Southampton FC,"Aug 12, 2015",Chelsea,Southampton,2000000.0,15/16,O. Romeu
323,Danny Ings,27,178.0,Forward - Centre-Forward,Southampton FC,"Jul 1, 2015",Burnley,Liverpool,12000000.0,15/16,D. Ings
348,Christian Benteke,28,190.0,Forward - Centre-Forward,Crystal Palace,"Jul 22, 2015",Aston Villa,Liverpool,20000000.0,15/16,C. Benteke
349,Jordan Ayew,28,182.0,Forward - Centre-Forward,Crystal Palace,"Jul 27, 2015",FC Lorient,Aston Villa,6000000.0,15/16,J. Ayew
350,Connor Wickham,26,189.0,Forward - Centre-Forward,Crystal Palace,"Aug 3, 2015",Sunderland,Crystal Palace,5000000.0,15/16,C. Wickham
359,Sebastian Prödl,32,194.0,Defender - Centre-Back,Watford FC,"Jul 1, 2015",Werder Bremen,Watford,3000000.0,15/16,S. Prödl
361,Marvin Zeegelaar,29,186.0,Defender - Left-Back,Watford FC,"Jan 1, 2016",Rio Ave FC,Sporting CP,1000000.0,15/16,M. Zeegelaar
362,José Holebas,35,184.0,Defender - Left-Back,Watford FC,"Jul 2, 2015",AS Roma,Watford,2000000.0,15/16,J. Holebas
364,Kiko Femenía,28,171.0,Defender - Right-Back,Watford FC,"Jul 2, 2015",Alcorcón,Alavés,400000.0,15/16,K. Femenía
366,Étienne Capoue,31,189.0,Midfielder - Defensive Midfield,Watford FC,"Jul 6, 2015",Spurs,Watford,7000000.0,15/16,É. Capoue
370,Tom Cleverley,30,175.0,Midfielder - Central Midfield,Watford FC,"Jul 1, 2015",Man Utd,Everton,9000000.0,15/16,T. Cleverley
373,Roberto Pereyra,28,182.0,Midfielder - Attacking Midfield,Watford FC,"Jul 1, 2015",Udinese Calcio,Juventus,17000000.0,15/16,R. Pereyra
376,Gerard Deulofeu,25,177.0,Forward - Right Winger,Watford FC,"Jul 1, 2015",FC Barcelona,Everton,6000000.0,15/16,G. Deulofeu
377,Andre Gray,28,178.0,Forward - Centre-Forward,Watford FC,"Aug 21, 2015",Brentford,Burnley,1000000.0,15/16,A. Gray
380,Mathew Ryan,27,184.0,Goalkeeper,Brighton & Hove Albion,"Jul 21, 2015",Club Brugge,Valencia,7000000.0,15/16,M. Ryan
387,Leon Balogun,31,190.0,Defender - Centre-Back,Brighton & Hove Albion,"Jul 1, 2015",SV Darmstadt 98,1.FSV Mainz 05,1000000.0,15/16,L. Balogun
389,Gaëtan Bong,31,183.0,Defender - Left-Back,Brighton & Hove Albion,"Jul 2, 2015",Wigan,Brighton,1000000.0,15/16,G. Bong
394,Davy Pröpper,28,185.0,Midfielder - Central Midfield,Brighton & Hove Albion,"Jul 13, 2015",Vitesse,PSV Eindhoven,5000000.0,15/16,D. Pröpper
403,Alireza Jahanbakhsh,26,180.0,Forward - Right Winger,Brighton & Hove Albion,"Aug 3, 2015",NEC Nijmegen,AZ Alkmaar,2000000.0,15/16,A. Jahanbakhsh
404,Neal Maupay,23,173.0,Forward - Centre-Forward,Brighton & Hove Albion,"Aug 10, 2015",OGC Nice,Saint-Étienne,2000000.0,15/16,N. Maupay
405,Glenn Murray,36,186.0,Forward - Centre-Forward,Brighton & Hove Albion,"Sep 1, 2015",Crystal Palace,Bournemouth,2000000.0,15/16,G. Murray
410,Adam Legzdins,32,190.0,Goalkeeper,Burnley FC,"Jul 1, 2015",Leyton Orient,Birmingham,250000.0,15/16,A. Legzdins
411,James Tarkowski,26,185.0,Defender - Centre-Back,Burnley FC,"Feb 1, 2016",Brentford,Burnley,350000.0,15/16,J. Tarkowski
417,Matthew Lowton,30,180.0,Defender - Right-Back,Burnley FC,"Jul 1, 2015",Aston Villa,Burnley,2000000.0,15/16,M. Lowton
426,Aaron Lennon,32,165.0,Forward - Right Winger,Burnley FC,"Sep 1, 2015",Spurs,Everton,8000000.0,15/16,A. Lennon
427,Chris Wood,27,191.0,Forward - Centre-Forward,Burnley FC,"Jul 1, 2015",Leicester,Leeds,1000000.0,15/16,C. Wood
437,James Chester,30,177.0,Defender - Centre-Back,Aston Villa,"Jul 29, 2015",Hull City,West Brom,2000000.0,15/16,J. Chester
446,John McGinn,25,178.0,Midfielder - Central Midfield,Aston Villa,"Jul 31, 2015",St. Mirren,Hibernian FC,450000.0,15/16,J. McGinn
454,Jonathan Kodjia,29,189.0,Forward - Centre-Forward,Aston Villa,"Jul 20, 2015",SCO Angers,Bristol City,2000000.0,15/16,J. Kodjia
455,Keinan Davis,21,178.0,Forward - Centre-Forward,Aston Villa,,,,0.0,15/16,K. Davis
462,Timm Klose,31,195.0,Defender - Centre-Back,Norwich City,"Jan 18, 2016",VfL Wolfsburg,Norwich,3000000.0,15/16,T. Klose
463,Jamal Lewis,21,,Defender - Left-Back,Norwich City,,,,0.0,15/16,J. Lewis
464,Philip Heise,28,184.0,Defender - Left-Back,Norwich City,"Jul 1, 2015",1.FC Heidenheim,VfB Stuttgart,800000.0,15/16,P. Heise
466,Sam Byram,26,183.0,Defender - Right-Back,Norwich City,"Jan 20, 2016",Leeds,West Ham,3000000.0,15/16,S. Byram
467,Ibrahim Amadou,26,183.0,Midfielder - Defensive Midfield,Norwich City,"Jul 16, 2015",AS Nancy,LOSC Lille,600000.0,15/16,I. Amadou
468,Tom Trybull,26,181.0,Midfielder - Defensive Midfield,Norwich City,"Jul 1, 2015",FC St. Pauli,Greuther Fürth,400000.0,15/16,T. Trybull
478,Teemu Pukki,29,180.0,Forward - Centre-Forward,Norwich City,"Jul 1, 2015",Celtic,Bröndby IF,2000000.0,15/16,T. Pukki
480,Dennis Srbeny,25,190.0,Forward - Centre-Forward,Norwich City,"Jul 1, 2015",Hansa Rostock,BFC Dynamo,150000.0,15/16,D. Srbeny
490,Enda Stevens,29,183.0,Defender - Left-Back,Sheffield United,"Jul 1, 2015",Aston Villa,Portsmouth,500000.0,15/16,E. Stevens
496,John Lundstram,25,181.0,Midfielder - Central Midfield,Sheffield United,"Aug 13, 2015",Everton,Oxford United,500000.0,15/16,J. Lundstram
499,Ravel Morrison,26,175.0,Midfielder - Attacking Midfield,Sheffield United,"Jul 1, 2015",Without Club,Lazio,2000000.0,15/16,R. Morrison
503,Lys Mousset,23,184.0,Forward - Centre-Forward,Sheffield United,"Jul 1, 2015",Le Havre B,AC Le Havre,50000.0,15/16,L. Mousset
504,Billy Sharp,33,175.0,Forward - Centre-Forward,Sheffield United,"Jul 25, 2015",Leeds,Sheffield Utd.,1000000.0,15/16,B. Sharp
506,Leon Clarke,34,188.0,Forward - Centre-Forward,Sheffield United,"Jul 1, 2015",Wolves,Bury,500000.0,15/16,L. Clarke
1,Claudio Bravo,36,184.0,Goalkeeper,Manchester City,"Aug 25, 2016",FC Barcelona,Man City,15000000.0,16/17,C. Bravo
4,John Stones,25,188.0,Defender - Centre-Back,Manchester City,"Aug 9, 2016",Everton,Man City,28000000.0,16/17,J. Stones
7,Benjamin Mendy,25,185.0,Defender - Left-Back,Manchester City,"Jul 1, 2016",Marseille,Monaco,6000000.0,16/17,B. Mendy
15,Phil Foden,19,171.0,Midfielder - Central Midfield,Manchester City,,,,0.0,16/17,P. Foden
19,Leroy Sané,23,184.0,Forward - Left Winger,Manchester City,"Aug 2, 2016",FC Schalke 04,Man City,30000000.0,16/17,L. Sané
22,Gabriel Jesus,22,175.0,Forward - Centre-Forward,Manchester City,"Jan 1, 2017",Palmeiras,Man City,16000000.0,16/17,G. Jesus
24,Alisson,27,191.0,Goalkeeper,Liverpool FC,"Jul 6, 2016",Internacional,AS Roma,7000000.0,16/17,
27,Andy Lonergan,35,193.0,Goalkeeper,Liverpool FC,"Jul 1, 2016",Fulham,Wolves,500000.0,16/17,A. Lonergan
30,Joel Matip,28,195.0,Defender - Centre-Back,Liverpool FC,"Jul 1, 2016",FC Schalke 04,Liverpool,18000000.0,16/17,J. Matip
34,Trent Alexander-Arnold,21,180.0,Defender - Right-Back,Liverpool FC,,,,0.0,16/17,T. Alexander-Arnold
37,Georginio Wijnaldum,28,175.0,Midfielder - Central Midfield,Liverpool FC,"Jul 22, 2016",Newcastle,Liverpool,20000000.0,16/17,G. Wijnaldum
38,Naby Keïta,24,172.0,Midfielder - Central Midfield,Liverpool FC,"Jul 1, 2016",RB Salzburg,RB Leipzig,11000000.0,16/17,N. Keïta
43,Sadio Mané,27,174.0,Forward - Left Winger,Liverpool FC,"Jul 1, 2016",Southampton,Liverpool,20000000.0,16/17,S. Mané
44,Mohamed Salah,27,175.0,Forward - Right Winger,Liverpool FC,"Jul 1, 2016",Chelsea,AS Roma,23000000.0,16/17,M. Salah
51,Davinson SÃ¡nchez,23,187.0,Defender - Centre-Back,Tottenham Hotspur,"Jul 28, 2016",Atl. Nacional,Ajax,0.0,16/17,D. SÃ¡nchez
60,Victor Wanyama,28,184.0,Midfielder - Defensive Midfield,Tottenham Hotspur,"Jul 1, 2016",Southampton,Spurs,15000000.0,16/17,V. Wanyama
61,Oliver Skipp,19,175.0,Midfielder - Defensive Midfield,Tottenham Hotspur,,,,0.0,16/17,O. Skipp
64,Harry Winks,23,178.0,Midfielder - Central Midfield,Tottenham Hotspur,,,,0.0,16/17,H. Winks
65,Moussa Sissoko,30,187.0,Midfielder - Central Midfield,Tottenham Hotspur,"Aug 31, 2016",Newcastle,Spurs,13000000.0,16/17,M. Sissoko
75,Antonio Rüdiger,26,190.0,Defender - Centre-Back,Chelsea FC,"Jul 1, 2016",VfB Stuttgart,AS Roma,12000000.0,16/17,A. Rüdiger
76,Andreas Christensen,23,188.0,Defender - Centre-Back,Chelsea FC,"Jun 30, 2017",Bor. M'gladbach,Chelsea,18000000.0,16/17,A. Christensen
80,Marcos Alonso,28,188.0,Defender - Left-Back,Chelsea FC,"Aug 31, 2016",Fiorentina,Chelsea,9000000.0,16/17,M. Alonso
85,N'Golo Kanté,28,168.0,Midfielder - Central Midfield,Chelsea FC,"Jul 16, 2016",Leicester,Chelsea,20000000.0,16/17,N. Kanté
89,Marco van Ginkel,26,186.0,Midfielder - Central Midfield,Chelsea FC,"Jan 1, 2017",Chelsea,PSV Eindhoven,7000000.0,16/17,M. van
91,Callum Hudson-Odoi,18,177.0,Forward - Left Winger,Chelsea FC,,,,0.0,16/17,C. Hudson-Odoi
96,Michy Batshuayi,26,184.0,Forward - Centre-Forward,Chelsea FC,"Jul 3, 2016",Marseille,Chelsea,15000000.0,16/17,M. Batshuayi
110,Diogo Dalot,20,183.0,Defender - Right-Back,Manchester United,"Jan 1, 2017",FC Porto U19,FC Porto B,50000.0,16/17,D. Dalot
113,Paul Pogba,26,191.0,Midfielder - Central Midfield,Manchester United,"Aug 9, 2016",Juventus,Man Utd,70000000.0,16/17,P. Pogba
128,Shkodran Mustafi,27,184.0,Defender - Centre-Back,Arsenal FC,"Aug 30, 2016",Valencia,Arsenal,20000000.0,16/17,S. Mustafi
130,Rob Holding,24,189.0,Defender - Centre-Back,Arsenal FC,"Jul 22, 2016",Bolton,Arsenal,250000.0,16/17,R. Holding
136,Granit Xhaka,27,186.0,Midfielder - Defensive Midfield,Arsenal FC,"Jul 1, 2016",Bor. M'gladbach,Arsenal,35000000.0,16/17,G. Xhaka
149,Jonas Lössl,30,195.0,Goalkeeper,Everton FC,"Jul 1, 2016",Guingamp,1.FSV Mainz 05,2000000.0,16/17,J. Lössl
150,Maarten Stekelenburg,37,197.0,Goalkeeper,Everton FC,"Jul 1, 2016",Fulham,Everton,1000000.0,16/17,M. Stekelenburg
154,Lucas Digne,26,178.0,Defender - Left-Back,Everton FC,"Jul 13, 2016",Paris SG,FC Barcelona,12000000.0,16/17,L. Digne
157,Djibril Sidibé,27,182.0,Defender - Right-Back,Everton FC,"Jul 8, 2016",LOSC Lille,Monaco,4000000.0,16/17,D. Sidibé
159,Jean-Philippe Gbamin,24,186.0,Midfielder - Defensive Midfield,Everton FC,"Jul 13, 2016",Lens,1.FSV Mainz 05,2000000.0,16/17,J. Gbamin
160,Morgan Schneiderlin,29,186.0,Midfielder - Defensive Midfield,Everton FC,"Jan 12, 2017",Man Utd,Everton,28000000.0,16/17,M. Schneiderlin
161,André Gomes,26,188.0,Midfielder - Central Midfield,Everton FC,"Jul 21, 2016",Valencia,FC Barcelona,30000000.0,16/17,A. Gomes
163,Tom Davies,21,180.0,Midfielder - Central Midfield,Everton FC,,,,0.0,16/17,T. Davies
171,Dominic Calvert-Lewin,22,187.0,Forward - Centre-Forward,Everton FC,"Aug 31, 2016",Sheffield Utd.,Everton,100000.0,16/17,D. Calvert-Lewin
177,Caglar Söyüncü,23,187.0,Defender - Centre-Back,Leicester City,"Jul 1, 2016",Altinordu,SC Freiburg,1000000.0,16/17,C. Söyüncü
183,Ricardo Pereira,26,175.0,Defender - Right-Back,Leicester City,"Jun 30, 2017",OGC Nice,FC Porto,9000000.0,16/17,R. Pereira
184,James Justin,21,183.0,Defender - Right-Back,Leicester City,,,,0.0,16/17,J. Justin
185,Wilfred Ndidi,22,183.0,Midfielder - Defensive Midfield,Leicester City,"Jan 3, 2017",KRC Genk,Leicester,8000000.0,16/17,W. Ndidi
187,Nampalys Mendy,27,167.0,Midfielder - Defensive Midfield,Leicester City,"Jul 3, 2016",OGC Nice,Leicester,7000000.0,16/17,N. Mendy
190,Dennis Praet,25,181.0,Midfielder - Central Midfield,Leicester City,"Aug 24, 2016",RSC Anderlecht,Sampdoria,9000000.0,16/17,D. Praet
195,Bartosz Kapustka,22,179.0,Midfielder - Attacking Midfield,Leicester City,"Aug 3, 2016",Cracovia Kraków,Leicester,5000000.0,16/17,B. Kapustka
202,Roberto,33,192.0,Goalkeeper,West Ham United,"Jul 1, 2016",Olympiacos,Espanyol,5000000.0,16/17,
209,Arthur Masuaku,25,179.0,Defender - Left-Back,West Ham United,"Aug 8, 2016",Olympiacos,West Ham,7000000.0,16/17,A. Masuaku
213,Declan Rice,20,185.0,Midfielder - Defensive Midfield,West Ham United,,,,0.0,16/17,D. Rice
218,Manuel Lanzini,26,167.0,Midfielder - Attacking Midfield,West Ham United,"Jul 1, 2016",Al-Jazira,West Ham,9000000.0,16/17,M. Lanzini
222,Robert Snodgrass,32,182.0,Forward - Right Winger,West Ham United,"Jan 27, 2017",Hull City,West Ham,5000000.0,16/17,R. Snodgrass
227,Mark Travers,20,191.0,Goalkeeper,AFC Bournemouth,,,,0.0,16/17,M. Travers
233,Diego Rico,26,183.0,Defender - Left-Back,AFC Bournemouth,"Aug 17, 2016",Real Zaragoza,CD Leganés,800000.0,16/17,D. Rico
236,Jack Stacey,23,180.0,Defender - Right-Back,AFC Bournemouth,,,,0.0,16/17,J. Stacey
239,Lewis Cook,22,175.0,Midfielder - Central Midfield,AFC Bournemouth,"Jul 8, 2016",Leeds,Bournemouth,4000000.0,16/17,L. Cook
245,Arnaut Danjuma,22,178.0,Forward - Left Winger,AFC Bournemouth,"Jul 1, 2016",PSV U19,NEC Nijmegen,25000.0,16/17,A. Danjuma
254,Harry Burgoyne,22,193.0,Goalkeeper,Wolverhampton Wanderers,,,,0.0,16/17,H. Burgoyne
259,Max Kilman,22,192.0,Defender - Centre-Back,Wolverhampton Wanderers,,,,0.0,16/17,M. Kilman
266,Romain Saïss,29,188.0,Midfielder - Defensive Midfield,Wolverhampton Wanderers,"Aug 30, 2016",SCO Angers,Wolves,4000000.0,16/17,R. Saïss
268,Morgan Gibbs-White,19,171.0,Midfielder - Central Midfield,Wolverhampton Wanderers,,,,0.0,16/17,M. Gibbs-White
273,Adama Traoré,23,178.0,Forward - Right Winger,Wolverhampton Wanderers,"Aug 31, 2016",Aston Villa,Middlesbrough,8000000.0,16/17,A. Traoré
276,Patrick Cutrone,21,183.0,Forward - Centre-Forward,Wolverhampton Wanderers,"Jan 18, 2017",Milan U19,AC Milan,400000.0,16/17,P. Cutrone
277,Martin Dubravka,30,191.0,Goalkeeper,Newcastle United,"Jul 27, 2016",Esbjerg fB,Slovan Liberec,300000.0,16/17,M. Dubravka
282,Florian Lejeune,28,190.0,Defender - Centre-Back,Newcastle United,"Jul 1, 2016",Man City,SD Eibar,800000.0,16/17,F. Lejeune
284,Ciaran Clark,30,188.0,Defender - Centre-Back,Newcastle United,"Aug 3, 2016",Aston Villa,Newcastle,4000000.0,16/17,C. Clark
287,DeAndre Yedlin,26,173.0,Defender - Right-Back,Newcastle United,"Aug 24, 2016",Spurs,Newcastle,3000000.0,16/17,D. Yedlin
296,Matt Ritchie,30,173.0,Midfielder - Right Midfield,Newcastle United,"Jul 1, 2016",Bournemouth,Newcastle,6000000.0,16/17,M. Ritchie
297,Miguel Almirón,25,174.0,Midfielder - Attacking Midfield,Newcastle United,"Jan 1, 2017",Lanús,Atlanta United,5000000.0,16/17,M. Almirón
301,Joelinton,23,186.0,Forward - Centre-Forward,Newcastle United,"Jul 1, 2016",TSG Hoffenheim,Rapid Vienna,1000000.0,16/17,
306,Alex McCarthy,29,193.0,Goalkeeper,Southampton FC,"Aug 1, 2016",Crystal Palace,Southampton,3000000.0,16/17,A. McCarthy
307,Jannik Vestergaard,27,199.0,Defender - Centre-Back,Southampton FC,"Jul 1, 2016",Werder Bremen,Bor. M'gladbach,7000000.0,16/17,J. Vestergaard
310,Kevin Danso,21,190.0,Defender - Centre-Back,Southampton FC,"Mar 9, 2017",FC Augsburg U19,FC Augsburg,100000.0,16/17,K. Danso
315,Yan Valery,20,180.0,Defender - Right-Back,Southampton FC,,,,0.0,16/17,Y. Valery
318,Pierre-Emile Höjbjerg,24,185.0,Midfielder - Central Midfield,Southampton FC,"Jul 11, 2016",Bayern Munich,Southampton,6000000.0,16/17,P. Höjbjerg
320,Nathan Redmond,25,173.0,Forward - Left Winger,Southampton FC,"Jul 1, 2016",Norwich,Southampton,7000000.0,16/17,N. Redmond
322,Sofiane Boufal,26,175.0,Forward - Left Winger,Southampton FC,"Aug 29, 2016",LOSC Lille,Southampton,13000000.0,16/17,S. Boufal
324,Che Adams,23,179.0,Forward - Centre-Forward,Southampton FC,"Aug 8, 2016",Sheffield Utd.,Birmingham,350000.0,16/17,C. Adams
332,James Tomkins,30,192.0,Defender - Centre-Back,Crystal Palace,"Jul 5, 2016",West Ham,Crystal Palace,6000000.0,16/17,J. Tomkins
339,Luka Milivojevic,28,186.0,Midfielder - Defensive Midfield,Crystal Palace,"Jan 31, 2017",Olympiacos,Crystal Palace,8000000.0,16/17,L. Milivojevic
348,Christian Benteke,28,190.0,Forward - Centre-Forward,Crystal Palace,"Aug 20, 2016",Liverpool,Crystal Palace,27000000.0,16/17,C. Benteke
349,Jordan Ayew,28,182.0,Forward - Centre-Forward,Crystal Palace,"Jan 31, 2017",Aston Villa,Swansea,7000000.0,16/17,J. Ayew
355,Christian Kabasele,28,187.0,Defender - Centre-Back,Watford FC,"Jul 1, 2016",KRC Genk,Watford,6000000.0,16/17,C. Kabasele
358,Adrian Mariappa,33,179.0,Defender - Centre-Back,Watford FC,"Aug 30, 2016",Crystal Palace,Watford,2000000.0,16/17,A. Mariappa
363,Daryl Janmaat,30,185.0,Defender - Right-Back,Watford FC,"Aug 24, 2016",Newcastle,Watford,7000000.0,16/17,D. Janmaat
371,Domingos Quina,19,173.0,Midfielder - Central Midfield,Watford FC,,,,0.0,16/17,D. Quina
373,Roberto Pereyra,28,182.0,Midfielder - Attacking Midfield,Watford FC,"Aug 19, 2016",Juventus,Watford,16000000.0,16/17,R. Pereyra
374,Isaac Success,23,182.0,Forward - Left Winger,Watford FC,"Jul 1, 2016",Granada CF,Watford,3000000.0,16/17,I. Success
384,Adam Webster,24,190.0,Defender - Centre-Back,Brighton & Hove Albion,"Jul 1, 2016",Portsmouth,Ipswich,150000.0,16/17,A. Webster
390,Martín Montoya,28,175.0,Defender - Right-Back,Brighton & Hove Albion,"Jul 29, 2016",FC Barcelona,Valencia,3000000.0,16/17,M. Montoya
392,Tudor Baluta,20,191.0,Midfielder - Defensive Midfield,Brighton & Hove Albion,"Jul 1, 2016",FC Viitorul U19,FC Viitorul,50000.0,16/17,T. Baluta
398,Andrew Crofts,35,175.0,Midfielder - Central Midfield,Brighton & Hove Albion,"Jul 22, 2016",Brighton,Charlton,500000.0,16/17,A. Crofts
400,Steven Alzate,21,180.0,Midfielder - Attacking Midfield,Brighton & Hove Albion,,,,0.0,16/17,S. Alzate
406,Aaron Connolly,19,175.0,Forward - Centre-Forward,Brighton & Hove Albion,,,,0.0,16/17,A. Connolly
407,Nick Pope,27,197.0,Goalkeeper,Burnley FC,"Jul 19, 2016",Charlton,Burnley,200000.0,16/17,N. Pope
420,Ashley Westwood,29,174.0,Midfielder - Defensive Midfield,Burnley FC,"Jan 31, 2017",Aston Villa,Burnley,4000000.0,16/17,A. Westwood
421,Jeff Hendrick,27,185.0,Midfielder - Central Midfield,Burnley FC,"Aug 31, 2016",Derby,Burnley,1000000.0,16/17,J. Hendrick
430,Matej Vydra,27,180.0,Forward - Centre-Forward,Burnley FC,"Aug 27, 2016",Watford,Derby,5000000.0,16/17,M. Vydra
437,James Chester,30,177.0,Defender - Centre-Back,Aston Villa,"Aug 12, 2016",West Brom,Aston Villa,6000000.0,16/17,J. Chester
441,Neil Taylor,30,176.0,Defender - Left-Back,Aston Villa,"Jan 31, 2017",Swansea,Aston Villa,6000000.0,16/17,N. Taylor
447,Conor Hourihane,28,181.0,Midfielder - Central Midfield,Aston Villa,"Jan 26, 2017",Barnsley FC,Aston Villa,500000.0,16/17,C. Hourihane
448,Henri Lansbury,29,183.0,Midfielder - Central Midfield,Aston Villa,"Jan 20, 2017",Nottm Forest,Aston Villa,2000000.0,16/17,H. Lansbury
451,Anwar El Ghazi,24,189.0,Forward - Right Winger,Aston Villa,"Jan 31, 2017",Ajax,LOSC Lille,6000000.0,16/17,A. El
454,Jonathan Kodjia,29,189.0,Forward - Centre-Forward,Aston Villa,"Aug 30, 2016",Bristol City,Aston Villa,2000000.0,16/17,J. Kodjia
455,Keinan Davis,21,178.0,Forward - Centre-Forward,Aston Villa,,,,0.0,16/17,K. Davis
461,Grant Hanley,27,188.0,Defender - Centre-Back,Norwich City,"Jul 21, 2016",Blackburn,Newcastle,2000000.0,16/17,G. Hanley
464,Philip Heise,28,184.0,Defender - Left-Back,Norwich City,"Jan 10, 2017",VfB Stuttgart,Dynamo Dresden,750000.0,16/17,P. Heise
465,Max Aarons,19,178.0,Defender - Right-Back,Norwich City,,,,0.0,16/17,M. Aarons
468,Tom Trybull,26,181.0,Midfielder - Defensive Midfield,Norwich City,"Jul 28, 2016",Greuther Fürth,ADO Den Haag,150000.0,16/17,T. Trybull
474,Marco Stiepermann,28,190.0,Midfielder - Attacking Midfield,Norwich City,"Jul 1, 2016",Greuther Fürth,VfL Bochum,850000.0,16/17,M. Stiepermann
477,Patrick Roberts,22,167.0,Forward - Right Winger,Norwich City,"May 31, 2017",Celtic,Man City,5000000.0,16/17,P. Roberts
482,Michael Verrips,22,196.0,Goalkeeper,Sheffield United,"Jul 1, 2016",FC Twente U21,Sparta R.,50000.0,16/17,M. Verrips
483,Simon Moore,29,191.0,Goalkeeper,Sheffield United,"Aug 19, 2016",Cardiff,Sheffield Utd.,250000.0,16/17,S. Moore
484,John Egan,26,185.0,Defender - Centre-Back,Sheffield United,"Jul 1, 2016",Gillingham FC,Brentford,400000.0,16/17,J. Egan
494,John Fleck,28,169.0,Midfielder - Central Midfield,Sheffield United,"Jul 8, 2016",Coventry,Sheffield Utd.,400000.0,16/17,J. Fleck
495,Oliver Norwood,28,175.0,Midfielder - Central Midfield,Sheffield United,"Aug 3, 2016",Reading,Brighton,2000000.0,16/17,O. Norwood
500,Callum Robinson,24,178.0,Forward - Left Winger,Sheffield United,"Jul 4, 2016",Aston Villa,Preston NE,500000.0,16/17,C. Robinson
501,Ricky Holmes,32,188.0,Forward - Left Winger,Sheffield United,"Jul 1, 2016",Northampt. Town,Charlton,50000.0,16/17,R. Holmes
503,Lys Mousset,23,184.0,Forward - Centre-Forward,Sheffield United,"Jul 1, 2016",AC Le Havre,Bournemouth,400000.0,16/17,L. Mousset
506,Leon Clarke,34,188.0,Forward - Centre-Forward,Sheffield United,"Jul 27, 2016",Bury,Sheffield Utd.,450000.0,16/17,L. Clarke
0,Ederson,26,188.0,Goalkeeper,Manchester City,"Jul 1, 2017",Benfica,Man City,22000000.0,17/18,
6,Eric García,18,182.0,Defender - Centre-Back,Manchester City,,,,0.0,17/18,E. García
7,Benjamin Mendy,25,185.0,Defender - Left-Back,Manchester City,"Jul 24, 2017",Monaco,Man City,13000000.0,17/18,B. Mendy
11,Kyle Walker,29,183.0,Defender - Right-Back,Manchester City,"Jul 14, 2017",Spurs,Man City,30000000.0,17/18,K. Walker
15,Phil Foden,19,171.0,Midfielder - Central Midfield,Manchester City,,,,0.0,17/18,P. Foden
20,Bernardo Silva,25,173.0,Forward - Right Winger,Manchester City,"Jul 1, 2017",Monaco,Man City,40000000.0,17/18,B. Silva
26,Caoimhin Kelleher,20,188.0,Goalkeeper,Liverpool FC,,,,0.0,17/18,C. Kelleher
27,Andy Lonergan,35,193.0,Goalkeeper,Liverpool FC,"Aug 27, 2017",Wolves,Leeds,500000.0,17/18,A. Lonergan
28,Virgil van Dijk,28,193.0,Defender - Centre-Back,Liverpool FC,"Jan 1, 2018",Southampton,Liverpool,30000000.0,17/18,V. van
33,Andrew Robertson,25,178.0,Defender - Left-Back,Liverpool FC,"Jul 21, 2017",Hull City,Liverpool,7000000.0,17/18,A. Robertson
40,Alex Oxlade-Chamberlain,26,175.0,Midfielder - Central Midfield,Liverpool FC,"Aug 31, 2017",Arsenal,Liverpool,22000000.0,17/18,A. Oxlade-Chamberlain
44,Mohamed Salah,27,175.0,Forward - Right Winger,Liverpool FC,"Jul 1, 2017",AS Roma,Liverpool,35000000.0,17/18,M. Salah
49,Paulo Gazzaniga,27,195.0,Goalkeeper,Tottenham Hotspur,"Aug 23, 2017",Southampton,Spurs,1000000.0,17/18,P. Gazzaniga
54,Juan Foyth,21,187.0,Defender - Centre-Back,Tottenham Hotspur,"Aug 30, 2017",Estudiantes,Spurs,5000000.0,17/18,J. Foyth
57,Serge Aurier,26,176.0,Defender - Right-Back,Tottenham Hotspur,"Aug 31, 2017",Paris SG,Spurs,15000000.0,17/18,S. Aurier
61,Oliver Skipp,19,175.0,Midfielder - Defensive Midfield,Tottenham Hotspur,,,,0.0,17/18,O. Skipp
70,Lucas Moura,27,172.0,Forward - Right Winger,Tottenham Hotspur,"Jan 31, 2018",Paris SG,Spurs,28000000.0,17/18,L. Moura
74,Willy Caballero,38,186.0,Goalkeeper,Chelsea FC,"Jul 1, 2017",Man City,Chelsea,1000000.0,17/18,W. Caballero
75,Antonio Rüdiger,26,190.0,Defender - Centre-Back,Chelsea FC,"Jul 9, 2017",AS Roma,Chelsea,25000000.0,17/18,A. Rüdiger
81,Emerson,25,175.0,Defender - Left-Back,Chelsea FC,"Jan 30, 2018",AS Roma,Chelsea,14000000.0,17/18,
87,Ross Barkley,25,185.0,Midfielder - Central Midfield,Chelsea FC,"Jan 5, 2018",Everton,Chelsea,25000000.0,17/18,R. Barkley
89,Marco van Ginkel,26,186.0,Midfielder - Central Midfield,Chelsea FC,"Jun 30, 2018",PSV Eindhoven,Chelsea,12000000.0,17/18,M. van
91,Callum Hudson-Odoi,18,177.0,Forward - Left Winger,Chelsea FC,,,,0.0,17/18,C. Hudson-Odoi
97,Olivier Giroud,33,193.0,Forward - Centre-Forward,Chelsea FC,"Jan 31, 2018",Arsenal,Chelsea,20000000.0,17/18,O. Giroud
101,Harry Maguire,26,194.0,Defender - Centre-Back,Manchester United,"Jul 1, 2017",Hull City,Leicester,8000000.0,17/18,H. Maguire
102,Victor Lindelöf,25,187.0,Defender - Centre-Back,Manchester United,"Jul 1, 2017",Benfica,Man Utd,22000000.0,17/18,V. Lindelöf
110,Diogo Dalot,20,183.0,Defender - Right-Back,Manchester United,"Feb 21, 2018",FC Porto B,FC Porto,600000.0,17/18,D. Dalot
112,Nemanja Matic,31,194.0,Midfielder - Defensive Midfield,Manchester United,"Jul 31, 2017",Chelsea,Man Utd,35000000.0,17/18,N. Matic
115,Scott McTominay,22,190.0,Midfielder - Central Midfield,Manchester United,,,,0.0,17/18,S. McTominay
122,Mason Greenwood,18,181.0,Forward - Centre-Forward,Manchester United,,,,0.0,17/18,M. Greenwood
131,Konstantinos Mavropanos,21,194.0,Defender - Centre-Back,Arsenal FC,"Jan 4, 2018",PAS Giannina,Arsenal,450000.0,17/18,K. Mavropanos
133,Sead Kolasinac,26,183.0,Defender - Left-Back,Arsenal FC,"Jul 1, 2017",FC Schalke 04,Arsenal,15000000.0,17/18,S. Kolasinac
137,Dani Ceballos,23,179.0,Midfielder - Central Midfield,Arsenal FC,"Jul 14, 2017",Real Betis,Real Madrid,10000000.0,17/18,D. Ceballos
139,Joe Willock,20,179.0,Midfielder - Central Midfield,Arsenal FC,,,,0.0,17/18,J. Willock
140,Ainsley Maitland-Niles,22,180.0,Midfielder - Right Midfield,Arsenal FC,"Jul 1, 2017",Arsenal U23,Arsenal,750000.0,17/18,A. Maitland-Niles
142,Gabriel Martinelli,18,180.0,Forward - Left Winger,Arsenal FC,,,,0.0,17/18,G. Martinelli
143,Bukayo Saka,18,178.0,Forward - Left Winger,Arsenal FC,,,,0.0,17/18,B. Saka
144,Nicolas Pépé,24,183.0,Forward - Right Winger,Arsenal FC,"Jul 1, 2017",SCO Angers,LOSC Lille,3000000.0,17/18,N. Pépé
146,Alexandre Lacazette,28,176.0,Forward - Centre-Forward,Arsenal FC,"Jul 5, 2017",Olympique Lyon,Arsenal,40000000.0,17/18,A. Lacazette
148,Jordan Pickford,25,185.0,Goalkeeper,Everton FC,"Jul 1, 2017",Sunderland,Everton,15000000.0,17/18,J. Pickford
151,Michael Keane,26,188.0,Defender - Centre-Back,Everton FC,"Jul 3, 2017",Burnley,Everton,18000000.0,17/18,M. Keane
152,Yerry Mina,25,195.0,Defender - Centre-Back,Everton FC,"Jan 11, 2018",Palmeiras,FC Barcelona,9000000.0,17/18,Y. Mina
158,Cuco Martina,30,185.0,Defender - Right-Back,Everton FC,"Jul 17, 2017",Southampton,Everton,2000000.0,17/18,C. Martina
166,Richarlison,22,179.0,Forward - Left Winger,Everton FC,"Aug 8, 2017",Fluminense,Watford,2000000.0,17/18,
172,Cenk Tosun,28,183.0,Forward - Centre-Forward,Everton FC,"Jan 5, 2018",Besiktas,Everton,10000000.0,17/18,C. Tosun
176,Eldin Jakupovic,35,191.0,Goalkeeper,Leicester City,"Jul 19, 2017",Hull City,Leicester,1000000.0,17/18,E. Jakupovic
189,Youri Tielemans,22,176.0,Midfielder - Central Midfield,Leicester City,"Jul 1, 2017",RSC Anderlecht,Monaco,22000000.0,17/18,Y. Tielemans
200,Kelechi Iheanacho,23,185.0,Forward - Centre-Forward,Leicester City,"Aug 3, 2017",Man City,Leicester,15000000.0,17/18,K. Iheanacho
212,Pablo Zabaleta,34,176.0,Defender - Right-Back,West Ham United,"Jul 1, 2017",Man City,West Ham,7000000.0,17/18,P. Zabaleta
213,Declan Rice,20,185.0,Midfielder - Defensive Midfield,West Ham United,,,,0.0,17/18,D. Rice
217,Pablo Fornals,23,178.0,Midfielder - Attacking Midfield,West Ham United,"Jul 24, 2017",Málaga CF,Villarreal,10000000.0,17/18,P. Fornals
220,Andrii Yarmolenko,29,190.0,Forward - Right Winger,West Ham United,"Aug 28, 2017",Dynamo Kyiv,Bor. Dortmund,18000000.0,17/18,A. Yarmolenko
223,Sébastien Haller,25,190.0,Forward - Centre-Forward,West Ham United,"Jul 1, 2017",FC Utrecht,E. Frankfurt,8000000.0,17/18,S. Haller
227,Mark Travers,20,191.0,Goalkeeper,AFC Bournemouth,,,,0.0,17/18,M. Travers
228,Nathan Aké,24,180.0,Defender - Centre-Back,AFC Bournemouth,"Jul 1, 2017",Chelsea,Bournemouth,8000000.0,17/18,N. Aké
231,Jack Simpson,22,190.0,Defender - Centre-Back,AFC Bournemouth,,,,0.0,17/18,J. Simpson
236,Jack Stacey,23,180.0,Defender - Right-Back,AFC Bournemouth,,,,0.0,17/18,J. Stacey
251,Dominic Solanke,22,186.0,Forward - Centre-Forward,AFC Bournemouth,"Jul 10, 2017",Chelsea U23,Liverpool,2000000.0,17/18,D. Solanke
253,John Ruddy,32,192.0,Goalkeeper,Wolverhampton Wanderers,"Jul 10, 2017",Norwich,Wolves,3000000.0,17/18,J. Ruddy
258,Ryan Bennett,29,188.0,Defender - Centre-Back,Wolverhampton Wanderers,"Jul 1, 2017",Norwich,Wolves,2000000.0,17/18,R. Bennett
263,Phil Ofosu-Ayeh,28,181.0,Defender - Right-Back,Wolverhampton Wanderers,"Jul 1, 2017",E. Braunschweig,Wolves,800000.0,17/18,P. Ofosu-Ayeh
264,Rúben Neves,22,180.0,Midfielder - Defensive Midfield,Wolverhampton Wanderers,"Jul 8, 2017",FC Porto,Wolves,10000000.0,17/18,R. Neves
268,Morgan Gibbs-White,19,171.0,Midfielder - Central Midfield,Wolverhampton Wanderers,,,,0.0,17/18,M. Gibbs-White
281,Fabian Schär,27,186.0,Defender - Centre-Back,Newcastle United,"Jul 21, 2017",TSG Hoffenheim,Dep. La Coruña,2000000.0,17/18,F. Schär
282,Florian Lejeune,28,190.0,Defender - Centre-Back,Newcastle United,"Jul 4, 2017",SD Eibar,Newcastle,5000000.0,17/18,F. Lejeune
286,Jetro Willems,25,169.0,Defender - Left-Back,Newcastle United,"Jul 21, 2017",PSV Eindhoven,E. Frankfurt,7000000.0,17/18,J. Willems
289,Javier Manquillo,25,178.0,Defender - Right-Back,Newcastle United,"Jul 21, 2017",Atlético Madrid,Newcastle,4000000.0,17/18,J. Manquillo
300,Allan Saint-Maximin,22,173.0,Forward - Right Winger,Newcastle United,"Aug 7, 2017",Monaco,OGC Nice,3000000.0,17/18,A. Saint-Maximin
301,Joelinton,23,186.0,Forward - Centre-Forward,Newcastle United,"Jun 30, 2018",Rapid Vienna,TSG Hoffenheim,1000000.0,17/18,
308,Jan Bednarek,23,189.0,Defender - Centre-Back,Southampton FC,"Jul 1, 2017",Lech Poznan,Southampton,500000.0,17/18,J. Bednarek
330,Dion Henry,22,192.0,Goalkeeper,Crystal Palace,"Aug 4, 2017",Peterborough,Crystal Palace,50000.0,17/18,D. Henry
331,Mamadou Sakho,29,187.0,Defender - Centre-Back,Crystal Palace,"Aug 31, 2017",Liverpool,Crystal Palace,15000000.0,17/18,M. Sakho
334,Jairo Riedewald,23,182.0,Defender - Centre-Back,Crystal Palace,"Jul 24, 2017",Ajax,Crystal Palace,5000000.0,17/18,J. Riedewald
341,Víctor Camarasa,25,183.0,Midfielder - Central Midfield,Crystal Palace,"Jul 1, 2017",Levante,Real Betis,5000000.0,17/18,V. Camarasa
354,Daniel Bachmann,25,191.0,Goalkeeper,Watford FC,"Jul 1, 2017",Stoke City,Watford,250000.0,17/18,D. Bachmann
361,Marvin Zeegelaar,29,186.0,Defender - Left-Back,Watford FC,"Aug 31, 2017",Sporting CP,Watford,3000000.0,17/18,M. Zeegelaar
364,Kiko Femenía,28,171.0,Defender - Right-Back,Watford FC,"Jul 1, 2017",Alavés,Watford,4000000.0,17/18,K. Femenía
369,Will Hughes,24,185.0,Midfielder - Central Midfield,Watford FC,"Jul 1, 2017",Derby,Watford,8000000.0,17/18,W. Hughes
370,Tom Cleverley,30,175.0,Midfielder - Central Midfield,Watford FC,"Jul 1, 2017",Everton,Watford,8000000.0,17/18,T. Cleverley
371,Domingos Quina,19,173.0,Midfielder - Central Midfield,Watford FC,,,,0.0,17/18,D. Quina
375,Ismaïla Sarr,21,185.0,Forward - Right Winger,Watford FC,"Jul 26, 2017",FC Metz,Stade Rennais,2000000.0,17/18,I. Sarr
377,Andre Gray,28,178.0,Forward - Centre-Forward,Watford FC,"Aug 9, 2017",Burnley,Watford,10000000.0,17/18,A. Gray
380,Mathew Ryan,27,184.0,Goalkeeper,Brighton & Hove Albion,"Jul 1, 2017",Valencia,Brighton,3000000.0,17/18,M. Ryan
382,Jason Steele,29,188.0,Goalkeeper,Brighton & Hove Albion,"Jul 26, 2017",Blackburn,Sunderland,1000000.0,17/18,J. Steele
391,Ezequiel Schelotto,30,187.0,Defender - Right-Back,Brighton & Hove Albion,"Aug 31, 2017",Sporting CP,Brighton,4000000.0,17/18,E. Schelotto
394,Davy Pröpper,28,185.0,Midfielder - Central Midfield,Brighton & Hove Albion,"Aug 7, 2017",PSV Eindhoven,Brighton,10000000.0,17/18,D. Pröpper
395,Aaron Mooy,29,179.0,Midfielder - Central Midfield,Brighton & Hove Albion,"Jul 1, 2017",Man City,Huddersfield,5000000.0,17/18,A. Mooy
396,Pascal Groß,28,181.0,Midfielder - Central Midfield,Brighton & Hove Albion,"Jul 1, 2017",FC Ingolstadt,Brighton,4000000.0,17/18,P. Groß
398,Andrew Crofts,35,175.0,Midfielder - Central Midfield,Brighton & Hove Albion,"Aug 31, 2017",Charlton,Scunthorpe Utd.,500000.0,17/18,A. Crofts
400,Steven Alzate,21,180.0,Midfielder - Attacking Midfield,Brighton & Hove Albion,,,,0.0,17/18,S. Alzate
402,José Izquierdo,27,171.0,Forward - Left Winger,Brighton & Hove Albion,"Aug 20, 2017",Club Brugge,Brighton,14000000.0,17/18,J. Izquierdo
404,Neal Maupay,23,173.0,Forward - Centre-Forward,Brighton & Hove Albion,"Jul 14, 2017",Saint-Étienne,Brentford,2000000.0,17/18,N. Maupay
406,Aaron Connolly,19,175.0,Forward - Centre-Forward,Brighton & Hove Albion,,,,0.0,17/18,A. Connolly
410,Adam Legzdins,32,190.0,Goalkeeper,Burnley FC,"Aug 8, 2017",Birmingham,Burnley,250000.0,17/18,A. Legzdins
418,Phil Bardsley,34,180.0,Defender - Right-Back,Burnley FC,"Jul 25, 2017",Stoke City,Burnley,1000000.0,17/18,P. Bardsley
424,Dwight McNeil,19,183.0,Forward - Left Winger,Burnley FC,,,,0.0,17/18,D. McNeil
426,Aaron Lennon,32,165.0,Forward - Right Winger,Burnley FC,"Jan 23, 2018",Everton,Burnley,5000000.0,17/18,A. Lennon
427,Chris Wood,27,191.0,Forward - Centre-Forward,Burnley FC,"Aug 21, 2017",Leeds,Burnley,6000000.0,17/18,C. Wood
442,Frédéric Guilbert,24,178.0,Defender - Right-Back,Aston Villa,"Jul 28, 2017",G. Bordeaux,SM Caen,2000000.0,17/18,F. Guilbert
443,Ahmed Elmohamady,32,182.0,Defender - Right-Back,Aston Villa,"Jul 19, 2017",Hull City,Aston Villa,4000000.0,17/18,A. Elmohamady
444,Marvelous Nakamba,25,177.0,Midfielder - Defensive Midfield,Aston Villa,"Jul 1, 2017",Vitesse,Club Brugge,3000000.0,17/18,M. Nakamba
455,Keinan Davis,21,178.0,Forward - Centre-Forward,Aston Villa,,,,0.0,17/18,K. Davis
460,Christoph Zimmermann,26,194.0,Defender - Centre-Back,Norwich City,"Jul 1, 2017",B. Dortmund II,Norwich,250000.0,17/18,C. Zimmermann
461,Grant Hanley,27,188.0,Defender - Centre-Back,Norwich City,"Aug 30, 2017",Newcastle,Norwich,4000000.0,17/18,G. Hanley
463,Jamal Lewis,21,,Defender - Left-Back,Norwich City,,,,0.0,17/18,J. Lewis
465,Max Aarons,19,178.0,Defender - Right-Back,Norwich City,,,,0.0,17/18,M. Aarons
468,Tom Trybull,26,181.0,Midfielder - Defensive Midfield,Norwich City,"Aug 4, 2017",ADO Den Haag,Norwich,650000.0,17/18,T. Trybull
470,Mario Vrancic,30,187.0,Midfielder - Central Midfield,Norwich City,"Jul 1, 2017",SV Darmstadt 98,Norwich,1000000.0,17/18,M. Vrancic
474,Marco Stiepermann,28,190.0,Midfielder - Attacking Midfield,Norwich City,"Aug 6, 2017",VfL Bochum,Norwich,900000.0,17/18,M. Stiepermann
488,Richard Stearman,32,191.0,Defender - Centre-Back,Sheffield United,"Jul 6, 2017",Fulham,Sheffield Utd.,1000000.0,17/18,R. Stearman
490,Enda Stevens,29,183.0,Defender - Left-Back,Sheffield United,"Jul 1, 2017",Portsmouth,Sheffield Utd.,250000.0,17/18,E. Stevens
491,George Baldock,26,178.0,Defender - Right-Back,Sheffield United,"Jul 1, 2017",MK Dons,Sheffield Utd.,150000.0,17/18,G. Baldock
496,John Lundstram,25,181.0,Midfielder - Central Midfield,Sheffield United,"Jul 25, 2017",Oxford United,Sheffield Utd.,500000.0,17/18,J. Lundstram
501,Ricky Holmes,32,188.0,Forward - Left Winger,Sheffield United,"Jan 15, 2018",Charlton,Sheffield Utd.,250000.0,17/18,R. Holmes
6,Eric García,18,182.0,Defender - Centre-Back,Manchester City,,,,0.0,18/19,E. García
10,João Cancelo,25,182.0,Defender - Right-Back,Manchester City,"Jul 1, 2018",Valencia,Juventus,35000000.0,18/19,J. Cancelo
12,Rodri,23,191.0,Midfielder - Defensive Midfield,Manchester City,"Jul 1, 2018",Villarreal,Atlético Madrid,25000000.0,18/19,
21,Riyad Mahrez,28,179.0,Forward - Right Winger,Manchester City,"Jul 10, 2018",Leicester,Man City,50000000.0,18/19,R. Mahrez
24,Alisson,27,191.0,Goalkeeper,Liverpool FC,"Jul 19, 2018",AS Roma,Liverpool,60000000.0,18/19,
32,Sepp van den Berg,17,189.0,Defender - Centre-Back,Liverpool FC,"Jul 1, 2018",PEC Zwolle U19,PEC Zwolle,500000.0,18/19,S. van
38,Naby Keïta,24,172.0,Midfielder - Central Midfield,Liverpool FC,"Jul 1, 2018",RB Leipzig,Liverpool,65000000.0,18/19,N. Keïta
45,Xherdan Shaqiri,28,169.0,Forward - Right Winger,Liverpool FC,"Jul 13, 2018",Stoke City,Liverpool,18000000.0,18/19,X. Shaqiri
61,Oliver Skipp,19,175.0,Midfielder - Defensive Midfield,Tottenham Hotspur,,,,0.0,18/19,O. Skipp
62,Tanguy Ndombélé,22,181.0,Midfielder - Central Midfield,Tottenham Hotspur,"Jul 1, 2018",SC Amiens,Olympique Lyon,25000000.0,18/19,T. Ndombélé
73,Kepa,25,186.0,Goalkeeper,Chelsea FC,"Aug 8, 2018",Athletic,Chelsea,20000000.0,18/19,
84,Jorginho,27,180.0,Midfielder - Defensive Midfield,Chelsea FC,"Jul 14, 2018",SSC Napoli,Chelsea,50000000.0,18/19,
91,Callum Hudson-Odoi,18,177.0,Forward - Left Winger,Chelsea FC,,,,0.0,18/19,C. Hudson-Odoi
100,Lee Grant,36,193.0,Goalkeeper,Manchester United,"Jul 3, 2018",Stoke City,Man Utd,1000000.0,18/19,L. Grant
110,Diogo Dalot,20,183.0,Defender - Right-Back,Manchester United,"Jul 1, 2018",FC Porto,Man Utd,15000000.0,18/19,D. Dalot
114,Fred,26,169.0,Midfielder - Central Midfield,Manchester United,"Jul 1, 2018",Shakhtar D.,Man Utd,32000000.0,18/19,
123,Bernd Leno,27,189.0,Goalkeeper,Arsenal FC,"Jul 1, 2018",Bay. Leverkusen,Arsenal,20000000.0,18/19,B. Leno
135,Lucas Torreira,23,166.0,Midfielder - Defensive Midfield,Arsenal FC,"Jul 10, 2018",Sampdoria,Arsenal,30000000.0,18/19,L. Torreira
138,Mattéo Guendouzi,20,184.0,Midfielder - Central Midfield,Arsenal FC,"Jul 11, 2018",FC Lorient,Arsenal,2000000.0,18/19,M. Guendouzi
143,Bukayo Saka,18,178.0,Forward - Left Winger,Arsenal FC,,,,0.0,18/19,B. Saka
149,Jonas Lössl,30,195.0,Goalkeeper,Everton FC,"Jul 1, 2018",1.FSV Mainz 05,Huddersfield,5000000.0,18/19,J. Lössl
152,Yerry Mina,25,195.0,Defender - Centre-Back,Everton FC,"Aug 9, 2018",FC Barcelona,Everton,20000000.0,18/19,Y. Mina
154,Lucas Digne,26,178.0,Defender - Left-Back,Everton FC,"Aug 1, 2018",FC Barcelona,Everton,15000000.0,18/19,L. Digne
166,Richarlison,22,179.0,Forward - Left Winger,Everton FC,"Jul 24, 2018",Watford,Everton,25000000.0,18/19,
168,Bernard,27,164.0,Forward - Left Winger,Everton FC,"Aug 9, 2018",Shakhtar D.,Everton,16000000.0,18/19,
175,Danny Ward,26,191.0,Goalkeeper,Leicester City,"Jul 20, 2018",Liverpool,Leicester,2000000.0,18/19,D. Ward
177,Caglar Söyüncü,23,187.0,Defender - Centre-Back,Leicester City,"Aug 9, 2018",SC Freiburg,Leicester,18000000.0,18/19,C. Söyüncü
178,Jonny Evans,31,188.0,Defender - Centre-Back,Leicester City,"Jul 1, 2018",West Brom,Leicester,15000000.0,18/19,J. Evans
183,Ricardo Pereira,26,175.0,Defender - Right-Back,Leicester City,"Jul 1, 2018",FC Porto,Leicester,20000000.0,18/19,R. Pereira
193,James Maddison,22,175.0,Midfielder - Attacking Midfield,Leicester City,"Jul 1, 2018",Norwich,Leicester,10000000.0,18/19,J. Maddison
201,Lukasz Fabianski,34,190.0,Goalkeeper,West Ham United,"Jul 1, 2018",Swansea,West Ham,5000000.0,18/19,L. Fabianski
204,Issa Diop,22,194.0,Defender - Centre-Back,West Ham United,"Jul 1, 2018",Toulouse,West Ham,22000000.0,18/19,I. Diop
205,Fabián Balbuena,28,188.0,Defender - Centre-Back,West Ham United,"Jul 14, 2018",Corinthians,West Ham,5000000.0,18/19,F. Balbuena
214,Carlos Sánchez,33,182.0,Midfielder - Defensive Midfield,West Ham United,"Aug 9, 2018",Fiorentina,West Ham,1000000.0,18/19,C. Sánchez
215,Jack Wilshere,27,172.0,Midfielder - Central Midfield,West Ham United,"Jul 9, 2018",Arsenal,West Ham,20000000.0,18/19,J. Wilshere
219,Felipe Anderson,26,175.0,Forward - Left Winger,West Ham United,"Jul 15, 2018",Lazio,West Ham,30000000.0,18/19,F. Anderson
220,Andrii Yarmolenko,29,190.0,Forward - Right Winger,West Ham United,"Jul 11, 2018",Bor. Dortmund,West Ham,23000000.0,18/19,A. Yarmolenko
227,Mark Travers,20,191.0,Goalkeeper,AFC Bournemouth,,,,0.0,18/19,M. Travers
229,Chris Mepham,21,191.0,Defender - Centre-Back,AFC Bournemouth,"Jan 22, 2019",Brentford,Bournemouth,8000000.0,18/19,C. Mepham
233,Diego Rico,26,183.0,Defender - Left-Back,AFC Bournemouth,"Jul 24, 2018",CD Leganés,Bournemouth,2000000.0,18/19,D. Rico
243,David Brooks,22,173.0,Midfielder - Attacking Midfield,AFC Bournemouth,"Jul 1, 2018",Sheffield Utd.,Bournemouth,5000000.0,18/19,D. Brooks
245,Arnaut Danjuma,22,178.0,Forward - Left Winger,AFC Bournemouth,"Jul 1, 2018",NEC Nijmegen,Club Brugge,1000000.0,18/19,A. Danjuma
251,Dominic Solanke,22,186.0,Forward - Centre-Forward,AFC Bournemouth,"Jan 4, 2019",Liverpool,Bournemouth,10000000.0,18/19,D. Solanke
252,Rui Patrício,31,190.0,Goalkeeper,Wolverhampton Wanderers,"Jul 1, 2018",Sporting CP,Wolves,16000000.0,18/19,R. Patrício
254,Harry Burgoyne,22,193.0,Goalkeeper,Wolverhampton Wanderers,,,,0.0,18/19,H. Burgoyne
255,Willy Boly,28,195.0,Defender - Centre-Back,Wolverhampton Wanderers,"Jul 1, 2018",FC Porto,Wolves,5000000.0,18/19,W. Boly
259,Max Kilman,22,192.0,Defender - Centre-Back,Wolverhampton Wanderers,,,,0.0,18/19,M. Kilman
267,João Moutinho,33,170.0,Midfielder - Central Midfield,Wolverhampton Wanderers,"Jul 24, 2018",Monaco,Wolves,10000000.0,18/19,J. Moutinho
269,Bruno Jordão,21,180.0,Midfielder - Central Midfield,Wolverhampton Wanderers,"Jun 30, 2019",Lazio,Braga,1000000.0,18/19,B. Jordão
271,Diogo Jota,22,178.0,Forward - Left Winger,Wolverhampton Wanderers,"Jul 1, 2018",Atlético Madrid,Wolves,12000000.0,18/19,D. Jota
273,Adama Traoré,23,178.0,Forward - Right Winger,Wolverhampton Wanderers,"Aug 8, 2018",Middlesbrough,Wolves,8000000.0,18/19,A. Traoré
277,Martin Dubravka,30,191.0,Goalkeeper,Newcastle United,"Jul 1, 2018",Sparta Praha,Newcastle,4000000.0,18/19,M. Dubravka
281,Fabian Schär,27,186.0,Defender - Centre-Back,Newcastle United,"Jul 26, 2018",Dep. La Coruña,Newcastle,3000000.0,18/19,F. Schär
283,Federico Fernández,30,190.0,Defender - Centre-Back,Newcastle United,"Aug 9, 2018",Swansea,Newcastle,8000000.0,18/19,F. Fernández
292,Sung-yong Ki,30,190.0,Midfielder - Defensive Midfield,Newcastle United,"Jul 1, 2018",Swansea,Newcastle,7000000.0,18/19,S. Ki
297,Miguel Almirón,25,174.0,Midfielder - Attacking Midfield,Newcastle United,"Jan 31, 2019",Atlanta United,Newcastle,15000000.0,18/19,M. Almirón
303,Yoshinori Muto,27,178.0,Forward - Centre-Forward,Newcastle United,"Aug 2, 2018",1.FSV Mainz 05,Newcastle,6000000.0,18/19,Y. Muto
305,Angus Gunn,23,196.0,Goalkeeper,Southampton FC,"Jul 10, 2018",Man City,Southampton,2000000.0,18/19,A. Gunn
307,Jannik Vestergaard,27,199.0,Defender - Centre-Back,Southampton FC,"Jul 13, 2018",Bor. M'gladbach,Southampton,14000000.0,18/19,J. Vestergaard
315,Yan Valery,20,180.0,Defender - Right-Back,Southampton FC,,,,0.0,18/19,Y. Valery
319,Stuart Armstrong,27,183.0,Midfielder - Central Midfield,Southampton FC,"Jul 1, 2018",Celtic,Southampton,2000000.0,18/19,S. Armstrong
328,Vicente Guaita,32,190.0,Goalkeeper,Crystal Palace,"Jul 1, 2018",Getafe,Crystal Palace,5000000.0,18/19,V. Guaita
345,Max Meyer,24,173.0,Midfielder - Attacking Midfield,Crystal Palace,"Aug 2, 2018",FC Schalke 04,Crystal Palace,18000000.0,18/19,M. Meyer
360,Adam Masina,25,191.0,Defender - Left-Back,Watford FC,"Jul 2, 2018",Bologna,Watford,7000000.0,18/19,A. Masina
371,Domingos Quina,19,173.0,Midfielder - Central Midfield,Watford FC,,,,0.0,18/19,D. Quina
376,Gerard Deulofeu,25,177.0,Forward - Right Winger,Watford FC,"Jul 1, 2018",FC Barcelona,Watford,14000000.0,18/19,G. Deulofeu
382,Jason Steele,29,188.0,Goalkeeper,Brighton & Hove Albion,"Jul 1, 2018",Sunderland,Brighton,750000.0,18/19,J. Steele
384,Adam Webster,24,190.0,Defender - Centre-Back,Brighton & Hove Albion,"Jul 1, 2018",Ipswich,Bristol City,750000.0,18/19,A. Webster
387,Leon Balogun,31,190.0,Defender - Centre-Back,Brighton & Hove Albion,"Jul 1, 2018",1.FSV Mainz 05,Brighton,2000000.0,18/19,L. Balogun
390,Martín Montoya,28,175.0,Defender - Right-Back,Brighton & Hove Albion,"Aug 9, 2018",Valencia,Brighton,8000000.0,18/19,M. Montoya
393,Yves Bissouma,23,182.0,Midfielder - Central Midfield,Brighton & Hove Albion,"Jul 17, 2018",LOSC Lille,Brighton,8000000.0,18/19,Y. Bissouma
398,Andrew Crofts,35,175.0,Midfielder - Central Midfield,Brighton & Hove Albion,"Jul 1, 2018",Scunthorpe Utd.,Newport County,350000.0,18/19,A. Crofts
400,Steven Alzate,21,180.0,Midfielder - Attacking Midfield,Brighton & Hove Albion,,,,0.0,18/19,S. Alzate
403,Alireza Jahanbakhsh,26,180.0,Forward - Right Winger,Brighton & Hove Albion,"Jul 25, 2018",AZ Alkmaar,Brighton,18000000.0,18/19,A. Jahanbakhsh
406,Aaron Connolly,19,175.0,Forward - Centre-Forward,Brighton & Hove Albion,,,,0.0,18/19,A. Connolly
408,Joe Hart,32,196.0,Goalkeeper,Burnley FC,"Aug 7, 2018",Man City,Burnley,10000000.0,18/19,J. Hart
424,Dwight McNeil,19,183.0,Forward - Left Winger,Burnley FC,,,,0.0,18/19,D. McNeil
430,Matej Vydra,27,180.0,Forward - Centre-Forward,Burnley FC,"Aug 7, 2018",Derby,Burnley,8000000.0,18/19,M. Vydra
432,Lovre Kalinic,29,201.0,Goalkeeper,Aston Villa,"Jan 1, 2019",KAA Gent,Aston Villa,6000000.0,18/19,L. Kalinic
434,Örjan Nyland,29,192.0,Goalkeeper,Aston Villa,"Aug 7, 2018",FC Ingolstadt,Aston Villa,800000.0,18/19,Ö. Nyland
438,Ezri Konsa,21,183.0,Defender - Centre-Back,Aston Villa,"Jul 1, 2018",Charlton,Brentford,500000.0,18/19,E. Konsa
445,Douglas Luiz,21,178.0,Midfielder - Central Midfield,Aston Villa,"Jun 30, 2019",Girona,Man City,2000000.0,18/19,D. Luiz
450,Trezeguet,25,179.0,Forward - Left Winger,Aston Villa,"Jul 1, 2018",RSC Anderlecht,Kasimpasa,3000000.0,18/19,
456,Tim Krul,31,193.0,Goalkeeper,Norwich City,"Jul 24, 2018",Brighton,Norwich,2000000.0,18/19,T. Krul
464,Philip Heise,28,184.0,Defender - Left-Back,Norwich City,"Jan 31, 2019",Dynamo Dresden,Norwich,1000000.0,18/19,P. Heise
465,Max Aarons,19,178.0,Defender - Right-Back,Norwich City,,,,0.0,18/19,M. Aarons
467,Ibrahim Amadou,26,183.0,Midfielder - Defensive Midfield,Norwich City,"Jul 1, 2018",LOSC Lille,Sevilla FC,3000000.0,18/19,I. Amadou
476,Emiliano Buendía,22,172.0,Forward - Right Winger,Norwich City,"Jul 1, 2018",Getafe,Norwich,2000000.0,18/19,E. Buendía
478,Teemu Pukki,29,180.0,Forward - Centre-Forward,Norwich City,"Jul 1, 2018",Bröndby IF,Norwich,2000000.0,18/19,T. Pukki
482,Michael Verrips,22,196.0,Goalkeeper,Sheffield United,"Jul 1, 2018",Sparta R.,KV Mechelen,250000.0,18/19,M. Verrips
484,John Egan,26,185.0,Defender - Centre-Back,Sheffield United,"Jul 19, 2018",Brentford,Sheffield Utd.,1000000.0,18/19,J. Egan
499,Ravel Morrison,26,175.0,Midfielder - Attacking Midfield,Sheffield United,"Feb 14, 2019",Lazio,Östersund,400000.0,18/19,R. Morrison
505,David McGoldrick,31,184.0,Forward - Centre-Forward,Sheffield United,"Jul 24, 2018",Ipswich,Sheffield Utd.,1000000.0,18/19,D. McGoldrick
2,Scott Carson,34,188.0,Goalkeeper,Manchester City,"Aug 8, 2019",Derby,Man City,2000000.0,19/20,S. Carson
6,Eric García,18,182.0,Defender - Centre-Back,Manchester City,,,,0.0,19/20,E. García
10,João Cancelo,25,182.0,Defender - Right-Back,Manchester City,"Aug 7, 2019",Juventus,Man City,55000000.0,19/20,J. Cancelo
12,Rodri,23,191.0,Midfielder - Defensive Midfield,Manchester City,"Jul 4, 2019",Atlético Madrid,Man City,80000000.0,19/20,
25,Adrián,32,190.0,Goalkeeper,Liverpool FC,"Aug 5, 2019",West Ham,Liverpool,3000000.0,19/20,
26,Caoimhin Kelleher,20,188.0,Goalkeeper,Liverpool FC,,,,0.0,19/20,C. Kelleher
32,Sepp van den Berg,17,189.0,Defender - Centre-Back,Liverpool FC,"Jul 1, 2019",PEC Zwolle,Liverpool,2000000.0,19/20,S. van
62,Tanguy Ndombélé,22,181.0,Midfielder - Central Midfield,Tottenham Hotspur,"Jul 2, 2019",Olympique Lyon,Spurs,65000000.0,19/20,T. Ndombélé
66,Ryan Sessegnon,19,178.0,Midfielder - Left Midfield,Tottenham Hotspur,"Aug 8, 2019",Fulham,Spurs,35000000.0,19/20,R. Sessegnon
86,Mateo Kovacic,25,177.0,Midfielder - Central Midfield,Chelsea FC,"Jul 1, 2019",Real Madrid,Chelsea,35000000.0,19/20,M. Kovacic
90,Mason Mount,20,178.0,Midfielder - Attacking Midfield,Chelsea FC,"Jul 1, 2019",Chelsea U23,Chelsea,12000000.0,19/20,M. Mount
101,Harry Maguire,26,194.0,Defender - Centre-Back,Manchester United,"Aug 5, 2019",Leicester,Man Utd,50000000.0,19/20,H. Maguire
109,Aaron Wan-Bissaka,21,183.0,Defender - Right-Back,Manchester United,"Jul 1, 2019",Crystal Palace,Man Utd,35000000.0,19/20,A. Wan-Bissaka
119,Daniel James,21,170.0,Forward - Left Winger,Manchester United,"Jul 1, 2019",Swansea,Man Utd,12000000.0,19/20,D. James
122,Mason Greenwood,18,181.0,Forward - Centre-Forward,Manchester United,,,,0.0,19/20,M. Greenwood
132,Kieran Tierney,22,178.0,Defender - Left-Back,Arsenal FC,"Aug 8, 2019",Celtic,Arsenal,12000000.0,19/20,K. Tierney
137,Dani Ceballos,23,179.0,Midfielder - Central Midfield,Arsenal FC,"Jul 25, 2019",Real Madrid,Arsenal,30000000.0,19/20,D. Ceballos
139,Joe Willock,20,179.0,Midfielder - Central Midfield,Arsenal FC,,,,0.0,19/20,J. Willock
142,Gabriel Martinelli,18,180.0,Forward - Left Winger,Arsenal FC,,,,0.0,19/20,G. Martinelli
144,Nicolas Pépé,24,183.0,Forward - Right Winger,Arsenal FC,"Aug 1, 2019",LOSC Lille,Arsenal,65000000.0,19/20,N. Pépé
149,Jonas Lössl,30,195.0,Goalkeeper,Everton FC,"Jul 1, 2019",Huddersfield,Everton,5000000.0,19/20,J. Lössl
157,Djibril Sidibé,27,182.0,Defender - Right-Back,Everton FC,"Aug 7, 2019",Monaco,Everton,15000000.0,19/20,D. Sidibé
159,Jean-Philippe Gbamin,24,186.0,Midfielder - Defensive Midfield,Everton FC,"Aug 2, 2019",1.FSV Mainz 05,Everton,28000000.0,19/20,J. Gbamin
161,André Gomes,26,188.0,Midfielder - Central Midfield,Everton FC,"Jul 1, 2019",FC Barcelona,Everton,28000000.0,19/20,A. Gomes
162,Fabian Delph,29,174.0,Midfielder - Central Midfield,Everton FC,"Jul 15, 2019",Man City,Everton,15000000.0,19/20,F. Delph
167,Alex Iwobi,23,183.0,Forward - Left Winger,Everton FC,"Aug 8, 2019",Arsenal,Everton,25000000.0,19/20,A. Iwobi
170,Moise Kean,19,183.0,Forward - Centre-Forward,Everton FC,"Aug 4, 2019",Juventus,Everton,40000000.0,19/20,M. Kean
184,James Justin,21,183.0,Defender - Right-Back,Leicester City,,,,0.0,19/20,J. Justin
189,Youri Tielemans,22,176.0,Midfielder - Central Midfield,Leicester City,"Jul 8, 2019",Monaco,Leicester,38000000.0,19/20,Y. Tielemans
190,Dennis Praet,25,181.0,Midfielder - Central Midfield,Leicester City,"Aug 8, 2019",Sampdoria,Leicester,24000000.0,19/20,D. Praet
197,Ayoze Pérez,26,178.0,Forward - Right Winger,Leicester City,"Jul 4, 2019",Newcastle,Leicester,20000000.0,19/20,A. Pérez
202,Roberto,33,192.0,Goalkeeper,West Ham United,"Jul 1, 2019",Espanyol,West Ham,1000000.0,19/20,
203,David Martin,33,188.0,Goalkeeper,West Ham United,"Jul 1, 2019",Millwall,West Ham,250000.0,19/20,D. Martin
208,Gonçalo Cardoso,18,189.0,Defender - Centre-Back,West Ham United,"Aug 6, 2019",Boavista,West Ham,2000000.0,19/20,G. Cardoso
217,Pablo Fornals,23,178.0,Midfielder - Attacking Midfield,West Ham United,"Jul 1, 2019",Villarreal,West Ham,25000000.0,19/20,P. Fornals
223,Sébastien Haller,25,190.0,Forward - Centre-Forward,West Ham United,"Jul 17, 2019",E. Frankfurt,West Ham,40000000.0,19/20,S. Haller
224,Albian Ajeti,22,183.0,Forward - Centre-Forward,West Ham United,"Aug 8, 2019",FC Basel,West Ham,7000000.0,19/20,A. Ajeti
232,Lloyd Kelly,21,190.0,Defender - Left-Back,AFC Bournemouth,"Jul 1, 2019",Bristol City,Bournemouth,9000000.0,19/20,L. Kelly
236,Jack Stacey,23,180.0,Defender - Right-Back,AFC Bournemouth,,,,0.0,19/20,J. Stacey
240,Philip Billing,23,192.0,Midfielder - Central Midfield,AFC Bournemouth,"Jul 29, 2019",Huddersfield,Bournemouth,7000000.0,19/20,P. Billing
245,Arnaut Danjuma,22,178.0,Forward - Left Winger,AFC Bournemouth,"Aug 1, 2019",Club Brugge,Bournemouth,12000000.0,19/20,A. Danjuma
257,Jesús Vallejo,22,184.0,Defender - Centre-Back,Wolverhampton Wanderers,"Jul 27, 2019",Real Madrid,Wolves,10000000.0,19/20,J. Vallejo
265,Leander Dendoncker,24,188.0,Midfielder - Defensive Midfield,Wolverhampton Wanderers,"Jul 1, 2019",RSC Anderlecht,Wolves,18000000.0,19/20,L. Dendoncker
276,Patrick Cutrone,21,183.0,Forward - Centre-Forward,Wolverhampton Wanderers,"Jul 30, 2019",AC Milan,Wolves,28000000.0,19/20,P. Cutrone
286,Jetro Willems,25,169.0,Defender - Left-Back,Newcastle United,"Aug 2, 2019",E. Frankfurt,Newcastle,5000000.0,19/20,J. Willems
300,Allan Saint-Maximin,22,173.0,Forward - Right Winger,Newcastle United,"Aug 2, 2019",OGC Nice,Newcastle,25000000.0,19/20,A. Saint-Maximin
301,Joelinton,23,186.0,Forward - Centre-Forward,Newcastle United,"Jul 23, 2019",TSG Hoffenheim,Newcastle,35000000.0,19/20,
304,Andy Carroll,30,193.0,Forward - Centre-Forward,Newcastle United,"Aug 8, 2019",West Ham,Newcastle,8000000.0,19/20,A. Carroll
310,Kevin Danso,21,190.0,Defender - Centre-Back,Southampton FC,"Aug 8, 2019",FC Augsburg,Southampton,8000000.0,19/20,K. Danso
323,Danny Ings,27,178.0,Forward - Centre-Forward,Southampton FC,"Jul 1, 2019",Liverpool,Southampton,15000000.0,19/20,D. Ings
324,Che Adams,23,179.0,Forward - Centre-Forward,Southampton FC,"Jul 1, 2019",Birmingham,Southampton,7000000.0,19/20,C. Adams
341,Víctor Camarasa,25,183.0,Midfielder - Central Midfield,Crystal Palace,"Aug 7, 2019",Real Betis,Crystal Palace,10000000.0,19/20,V. Camarasa
343,James McCarthy,28,180.0,Midfielder - Central Midfield,Crystal Palace,"Aug 8, 2019",Everton,Crystal Palace,5000000.0,19/20,J. McCarthy
349,Jordan Ayew,28,182.0,Forward - Centre-Forward,Crystal Palace,"Jul 25, 2019",Swansea,Crystal Palace,8000000.0,19/20,J. Ayew
356,Craig Dawson,29,188.0,Defender - Centre-Back,Watford FC,"Jul 1, 2019",West Brom,Watford,6000000.0,19/20,C. Dawson
372,Tom Dele-Bashiru,20,179.0,Midfielder - Central Midfield,Watford FC,"Jul 24, 2019",Man City U23,Watford,150000.0,19/20,T. Dele-Bashiru
375,Ismaïla Sarr,21,185.0,Forward - Right Winger,Watford FC,"Aug 8, 2019",Stade Rennais,Watford,30000000.0,19/20,I. Sarr
378,Danny Welbeck,28,185.0,Forward - Centre-Forward,Watford FC,"Aug 7, 2019",Arsenal,Watford,12000000.0,19/20,D. Welbeck
384,Adam Webster,24,190.0,Defender - Centre-Back,Brighton & Hove Albion,"Aug 3, 2019",Bristol City,Brighton,9000000.0,19/20,A. Webster
395,Aaron Mooy,29,179.0,Midfielder - Central Midfield,Brighton & Hove Albion,"Aug 8, 2019",Huddersfield,Brighton,14000000.0,19/20,A. Mooy
401,Leandro Trossard,24,172.0,Forward - Left Winger,Brighton & Hove Albion,"Jul 1, 2019",KRC Genk,Brighton,16000000.0,19/20,L. Trossard
404,Neal Maupay,23,173.0,Forward - Centre-Forward,Brighton & Hove Albion,"Aug 5, 2019",Brentford,Brighton,12000000.0,19/20,N. Maupay
406,Aaron Connolly,19,175.0,Forward - Centre-Forward,Brighton & Hove Albion,,,,0.0,19/20,A. Connolly
409,Bailey Peacock-Farrell,22,194.0,Goalkeeper,Burnley FC,"Aug 2, 2019",Leeds,Burnley,1000000.0,19/20,B. Peacock-Farrell
416,Erik Pieters,31,183.0,Defender - Left-Back,Burnley FC,"Jul 8, 2019",Stoke City,Burnley,5000000.0,19/20,E. Pieters
438,Ezri Konsa,21,183.0,Defender - Centre-Back,Aston Villa,"Jul 11, 2019",Brentford,Aston Villa,3000000.0,19/20,E. Konsa
439,Kortney Hause,24,191.0,Defender - Centre-Back,Aston Villa,"Jul 1, 2019",Wolves,Aston Villa,1000000.0,19/20,K. Hause
440,Matt Targett,24,183.0,Defender - Left-Back,Aston Villa,"Jul 1, 2019",Southampton,Aston Villa,7000000.0,19/20,M. Targett
444,Marvelous Nakamba,25,177.0,Midfielder - Defensive Midfield,Aston Villa,"Aug 1, 2019",Club Brugge,Aston Villa,6000000.0,19/20,M. Nakamba
445,Douglas Luiz,21,178.0,Midfielder - Central Midfield,Aston Villa,"Jul 25, 2019",Man City,Aston Villa,2000000.0,19/20,D. Luiz
450,Trezeguet,25,179.0,Forward - Left Winger,Aston Villa,"Jul 24, 2019",Kasimpasa,Aston Villa,6000000.0,19/20,
451,Anwar El Ghazi,24,189.0,Forward - Right Winger,Aston Villa,"Jul 1, 2019",LOSC Lille,Aston Villa,7000000.0,19/20,A. El
457,Ralf Fährmann,31,197.0,Goalkeeper,Norwich City,"Jul 5, 2019",FC Schalke 04,Norwich,5000000.0,19/20,R. Fährmann
466,Sam Byram,26,183.0,Defender - Right-Back,Norwich City,"Jul 16, 2019",West Ham,Norwich,3000000.0,19/20,S. Byram
467,Ibrahim Amadou,26,183.0,Midfielder - Defensive Midfield,Norwich City,"Aug 7, 2019",Sevilla FC,Norwich,7000000.0,19/20,I. Amadou
477,Patrick Roberts,22,167.0,Forward - Right Winger,Norwich City,"Jul 1, 2019",Man City,Norwich,5000000.0,19/20,P. Roberts
479,Josip Drmic,27,184.0,Forward - Centre-Forward,Norwich City,"Jul 1, 2019",Bor. M'gladbach,Norwich,3000000.0,19/20,J. Drmic
481,Dean Henderson,22,188.0,Goalkeeper,Sheffield United,"Jul 26, 2019",Man Utd U23,Sheffield Utd.,2000000.0,19/20,D. Henderson
482,Michael Verrips,22,196.0,Goalkeeper,Sheffield United,"Aug 8, 2019",KV Mechelen,Sheffield Utd.,1000000.0,19/20,M. Verrips
487,Phil Jagielka,37,180.0,Defender - Centre-Back,Sheffield United,"Jul 4, 2019",Everton,Sheffield Utd.,1000000.0,19/20,P. Jagielka
493,Muhamed Besic,27,180.0,Midfielder - Defensive Midfield,Sheffield United,"Aug 8, 2019",Everton,Sheffield Utd.,5000000.0,19/20,M. Besic
497,Ben Osborn,25,176.0,Midfielder - Left Midfield,Sheffield United,"Jul 26, 2019",Nottm Forest,Sheffield Utd.,3000000.0,19/20,B. Osborn
499,Ravel Morrison,26,175.0,Midfielder - Attacking Midfield,Sheffield United,"Jul 16, 2019",Östersund,Sheffield Utd.,300000.0,19/20,R. Morrison
500,Callum Robinson,24,178.0,Forward - Left Winger,Sheffield United,"Jul 12, 2019",Preston NE,Sheffield Utd.,4000000.0,19/20,C. Robinson
502,Oliver McBurnie,23,188.0,Forward - Centre-Forward,Sheffield United,"Aug 2, 2019",Swansea,Sheffield Utd.,8000000.0,19/20,O. McBurnie
503,Lys Mousset,23,184.0,Forward - Centre-Forward,Sheffield United,"Jul 21, 2019",Bournemouth,Sheffield Utd.,3000000.0,19/20,L. Mousset
