,name,age,height,position,current club,18/19 games,18/19 goals,18/19 assists,18/19 minutes
0,Aymeric Laporte,25,191.0,W,Manchester City,51.0,5.0,3.0,4352.0
1,John Stones,25,188.0,W,Manchester City,39.0,0.0,1.0,2820.0
2,Nicolás Otamendi,31,183.0,W,Manchester City,33.0,1.0,1.0,2478.0
3,Benjamin Mendy,25,185.0,W,Manchester City,15.0,0.0,5.0,1270.0
4,Oleksandr Zinchenko,22,175.0,W,Manchester City,29.0,1.0,5.0,2339.0
5,Angeliño,22,175.0,W,Manchester City,43.0,1.0,12.0,3890.0
6,João Cancelo,25,182.0,W,Manchester City,34.0,1.0,5.0,2599.0
7,Kyle Walker,29,183.0,W,Manchester City,52.0,2.0,1.0,4301.0
8,Rodri,23,191.0,W,Manchester City,47.0,3.0,1.0,3675.0
9,Fernandinho,34,179.0,W,Manchester City,42.0,1.0,3.0,3374.0
10,Ilkay GÃ¼ndogan,28,180.0,W,Manchester City,50.0,6.0,8.0,3387.0
11,Phil Foden,19,171.0,W,Manchester City,26.0,7.0,2.0,1137.0
12,Kevin De Bruyne,28,181.0,W,Manchester City,32.0,6.0,11.0,1828.0
13,David Silva,33,170.0,W,Manchester City,50.0,10.0,14.0,3727.0
14,Raheem Sterling,24,170.0,W,Manchester City,51.0,25.0,18.0,4097.0
15,Leroy Sané,23,184.0,W,Manchester City,47.0,16.0,18.0,2694.0
16,Bernardo Silva,25,173.0,W,Manchester City,51.0,13.0,14.0,4025.0
17,Riyad Mahrez,28,179.0,W,Manchester City,44.0,12.0,12.0,2581.0
18,Gabriel Jesus,22,175.0,CF,Manchester City,47.0,21.0,6.0,2253.0
19,Sergio Agüero,31,173.0,CF,Manchester City,46.0,32.0,10.0,3370.0
20,Virgil van Dijk,28,193.0,W,Liverpool FC,50.0,6.0,4.0,4465.0
21,Joe Gomez,22,188.0,W,Liverpool FC,26.0,0.0,0.0,1644.0
22,Joel Matip,28,195.0,W,Liverpool FC,31.0,1.0,1.0,2342.0
23,Dejan Lovren,30,188.0,W,Liverpool FC,18.0,1.0,1.0,1261.0
24,Andrew Robertson,25,178.0,W,Liverpool FC,48.0,0.0,13.0,4227.0
25,Trent Alexander-Arnold,20,180.0,W,Liverpool FC,40.0,1.0,16.0,3388.0
26,Nathaniel Clyne,28,175.0,W,Liverpool FC,21.0,0.0,1.0,1523.0
27,Fabinho,25,188.0,W,Liverpool FC,41.0,1.0,2.0,2916.0
28,Naby Keïta,24,172.0,W,Liverpool FC,33.0,3.0,1.0,1817.0
29,Georginio Wijnaldum,28,175.0,W,Liverpool FC,47.0,5.0,1.0,3705.0
30,Jordan Henderson,29,187.0,W,Liverpool FC,44.0,1.0,5.0,2811.0
31,Alex Oxlade-Chamberlain,26,175.0,W,Liverpool FC,4.0,0.0,0.0,105.0
32,James Milner,33,175.0,W,Liverpool FC,45.0,7.0,7.0,2836.0
33,Adam Lallana,31,172.0,W,Liverpool FC,16.0,0.0,0.0,568.0
34,Sadio Mané,27,174.0,W,Liverpool FC,50.0,26.0,5.0,4309.0
35,Mohamed Salah,27,175.0,W,Liverpool FC,52.0,27.0,13.0,4342.0
36,Xherdan Shaqiri,27,169.0,W,Liverpool FC,30.0,6.0,5.0,1413.0
37,Roberto Firmino,27,181.0,CF,Liverpool FC,48.0,16.0,8.0,3406.0
38,Divock Origi,24,185.0,CF,Liverpool FC,22.0,8.0,2.0,763.0
39,Davinson SÃ¡nchez,23,187.0,W,Tottenham Hotspur,37.0,1.0,1.0,3022.0
40,Toby Alderweireld,30,186.0,W,Tottenham Hotspur,50.0,0.0,0.0,4363.0
41,Jan Vertonghen,32,189.0,W,Tottenham Hotspur,34.0,2.0,1.0,2898.0
42,Juan Foyth,21,187.0,W,Tottenham Hotspur,17.0,1.0,0.0,1258.0
43,Danny Rose,29,173.0,W,Tottenham Hotspur,37.0,0.0,5.0,2564.0
44,Ben Davies,26,181.0,W,Tottenham Hotspur,40.0,0.0,1.0,2709.0
45,Serge Aurier,26,176.0,W,Tottenham Hotspur,17.0,2.0,3.0,1358.0
46,Kyle Walker-Peters,22,173.0,W,Tottenham Hotspur,10.0,0.0,3.0,705.0
47,Eric Dier,25,188.0,W,Tottenham Hotspur,28.0,3.0,0.0,1928.0
48,Victor Wanyama,28,184.0,W,Tottenham Hotspur,22.0,1.0,0.0,982.0
49,Oliver Skipp,18,175.0,W,Tottenham Hotspur,22.0,0.0,4.0,1302.0
50,Tanguy Ndombélé,22,181.0,W,Tottenham Hotspur,49.0,3.0,8.0,3878.0
51,Giovani Lo Celso,23,177.0,W,Tottenham Hotspur,46.0,16.0,6.0,3497.0
52,Harry Winks,23,178.0,W,Tottenham Hotspur,41.0,1.0,0.0,2717.0
53,Moussa Sissoko,30,187.0,W,Tottenham Hotspur,44.0,0.0,4.0,3403.0
54,Ryan Sessegnon,19,178.0,W,Tottenham Hotspur,38.0,2.0,6.0,2490.0
55,Christian Eriksen,27,182.0,W,Tottenham Hotspur,51.0,10.0,17.0,4129.0
56,Dele Alli,23,188.0,W,Tottenham Hotspur,38.0,7.0,8.0,2963.0
57,Heung-min Son,27,184.0,W,Tottenham Hotspur,48.0,20.0,10.0,3292.0
58,Lucas Moura,27,172.0,W,Tottenham Hotspur,49.0,15.0,2.0,3172.0
59,Erik Lamela,27,184.0,W,Tottenham Hotspur,33.0,6.0,3.0,1550.0
60,Harry Kane,26,188.0,CF,Tottenham Hotspur,40.0,24.0,6.0,3342.0
61,Antonio Rüdiger,26,190.0,W,Chelsea FC,44.0,1.0,0.0,3894.0
62,Andreas Christensen,23,188.0,W,Chelsea FC,29.0,0.0,1.0,2469.0
63,Kurt Zouma,24,190.0,W,Chelsea FC,36.0,2.0,2.0,2924.0
64,Fikayo Tomori,21,185.0,W,Chelsea FC,55.0,2.0,1.0,4811.0
65,Michael Hector,27,193.0,W,Chelsea FC,39.0,2.0,0.0,3422.0
66,Marcos Alonso,28,188.0,W,Chelsea FC,39.0,4.0,7.0,3486.0
67,Emerson,25,175.0,W,Chelsea FC,27.0,1.0,2.0,2250.0
68,César Azpilicueta,30,178.0,W,Chelsea FC,57.0,1.0,9.0,4867.0
69,Reece James,19,182.0,W,Chelsea FC,46.0,3.0,3.0,4005.0
70,Jorginho,27,180.0,W,Chelsea FC,54.0,2.0,0.0,4391.0
71,N'Golo Kanté,28,168.0,W,Chelsea FC,53.0,5.0,4.0,4185.0
72,Mateo Kovacic,25,177.0,W,Chelsea FC,51.0,0.0,2.0,3117.0
73,Ross Barkley,25,185.0,W,Chelsea FC,48.0,5.0,6.0,2725.0
74,Ruben Loftus-Cheek,23,191.0,W,Chelsea FC,40.0,10.0,5.0,1955.0
75,Marco van Ginkel,26,186.0,W,Chelsea FC,,,,
76,Mason Mount,20,178.0,W,Chelsea FC,44.0,11.0,6.0,3838.0
77,Callum Hudson-Odoi,18,177.0,W,Chelsea FC,29.0,6.0,7.0,1617.0
78,Christian Pulisic,20,172.0,W,Chelsea FC,30.0,7.0,6.0,1701.0
79,Willian,31,175.0,W,Chelsea FC,56.0,8.0,14.0,3533.0
80,Pedro,32,167.0,W,Chelsea FC,52.0,13.0,5.0,3099.0
81,Michy Batshuayi,25,184.0,CF,Chelsea FC,36.0,9.0,0.0,1963.0
82,Tammy Abraham,21,190.0,CF,Chelsea FC,42.0,26.0,3.0,3561.0
83,Olivier Giroud,32,193.0,CF,Chelsea FC,45.0,13.0,10.0,2186.0
84,Harry Maguire,26,194.0,W,Manchester United,32.0,3.0,0.0,2689.0
85,Victor Lindelöf,25,187.0,W,Manchester United,40.0,1.0,1.0,3502.0
86,Eric Bailly,25,187.0,W,Manchester United,18.0,0.0,0.0,1123.0
87,Phil Jones,27,185.0,W,Manchester United,24.0,0.0,1.0,1713.0
88,Marcos Rojo,29,186.0,W,Manchester United,8.0,0.0,0.0,355.0
89,Axel Tuanzebe,21,184.0,W,Manchester United,30.0,0.0,1.0,2574.0
90,Luke Shaw,24,181.0,W,Manchester United,40.0,1.0,5.0,3582.0
91,Ashley Young,34,176.0,W,Manchester United,41.0,2.0,3.0,3509.0
92,Aaron Wan-Bissaka,21,183.0,W,Manchester United,39.0,0.0,4.0,3473.0
93,Diogo Dalot,20,183.0,W,Manchester United,25.0,0.0,3.0,1695.0
94,Timothy Fosu-Mensah,21,190.0,W,Manchester United,13.0,0.0,0.0,884.0
95,Nemanja Matic,31,194.0,W,Manchester United,38.0,1.0,0.0,3337.0
96,Paul Pogba,26,191.0,W,Manchester United,47.0,16.0,11.0,4012.0
97,Fred,26,169.0,W,Manchester United,25.0,1.0,1.0,1593.0
98,Scott McTominay,22,193.0,W,Manchester United,22.0,2.0,0.0,1224.0
99,Juan Mata,31,170.0,W,Manchester United,32.0,6.0,4.0,1779.0
100,Andreas Pereira,23,178.0,W,Manchester United,23.0,1.0,1.0,951.0
101,Anthony Martial,23,183.0,W,Manchester United,38.0,12.0,3.0,2327.0
102,Daniel James,21,170.0,W,Manchester United,38.0,5.0,10.0,2815.0
103,Jesse Lingard,26,174.0,W,Manchester United,36.0,5.0,4.0,2201.0
104,Marcus Rashford,21,185.0,CF,Manchester United,47.0,13.0,9.0,3291.0
105,Mason Greenwood,17,181.0,CF,Manchester United,30.0,26.0,8.0,2399.0
106,Shkodran Mustafi,27,184.0,W,Arsenal FC,40.0,3.0,0.0,3333.0
107,Sokratis,31,186.0,W,Arsenal FC,40.0,3.0,2.0,3375.0
108,David Luiz,32,189.0,W,Arsenal FC,50.0,3.0,2.0,4339.0
109,Calum Chambers,24,183.0,W,Arsenal FC,33.0,2.0,0.0,2766.0
110,Rob Holding,23,189.0,W,Arsenal FC,16.0,0.0,0.0,1317.0
111,Konstantinos Mavropanos,21,194.0,W,Arsenal FC,6.0,0.0,0.0,310.0
112,Sead Kolasinac,26,183.0,W,Arsenal FC,36.0,0.0,9.0,2789.0
113,Kieran Tierney,22,178.0,W,Arsenal FC,40.0,1.0,6.0,3429.0
114,Héctor Bellerín,24,178.0,W,Arsenal FC,19.0,0.0,5.0,1533.0
115,Lucas Torreira,23,166.0,W,Arsenal FC,50.0,2.0,5.0,3219.0
116,Granit Xhaka,26,186.0,W,Arsenal FC,40.0,4.0,5.0,3441.0
117,Mattéo Guendouzi,20,184.0,W,Arsenal FC,48.0,1.0,2.0,3040.0
118,Dani Ceballos,23,179.0,W,Arsenal FC,34.0,3.0,2.0,1922.0
119,Joe Willock,20,179.0,W,Arsenal FC,20.0,12.0,2.0,1551.0
120,Ainsley Maitland-Niles,22,180.0,W,Arsenal FC,31.0,2.0,3.0,2188.0
121,Mesut Özil,30,180.0,W,Arsenal FC,35.0,6.0,3.0,2420.0
122,Gabriel Martinelli,18,180.0,W,Arsenal FC,,,,
123,Nicolas Pépé,24,183.0,W,Arsenal FC,41.0,23.0,12.0,3537.0
124,Reiss Nelson,19,175.0,W,Arsenal FC,31.0,8.0,1.0,953.0
125,Alexandre Lacazette,28,176.0,CF,Arsenal FC,49.0,19.0,13.0,3327.0
126,Pierre-Emerick Aubameyang,30,187.0,CF,Arsenal FC,51.0,31.0,8.0,3859.0
127,Michael Keane,26,188.0,W,Everton FC,35.0,1.0,2.0,3150.0
128,Yerry Mina,24,195.0,W,Everton FC,15.0,1.0,0.0,1025.0
129,Mason Holgate,22,187.0,W,Everton FC,30.0,1.0,4.0,2536.0
130,Lucas Digne,26,178.0,W,Everton FC,37.0,4.0,5.0,3146.0
131,Leighton Baines,34,170.0,W,Everton FC,8.0,0.0,1.0,556.0
132,Djibril Sidibé,27,182.0,W,Everton FC,32.0,0.0,4.0,2543.0
133,Seamus Coleman,30,177.0,W,Everton FC,30.0,2.0,2.0,2650.0
134,Cuco Martina,29,185.0,W,Everton FC,31.0,0.0,1.0,2652.0
135,Jean-Philippe Gbamin,23,186.0,W,Everton FC,33.0,2.0,1.0,2869.0
136,Morgan Schneiderlin,29,186.0,W,Everton FC,16.0,0.0,1.0,916.0
137,André Gomes,26,188.0,W,Everton FC,29.0,1.0,2.0,2120.0
138,Fabian Delph,29,174.0,W,Everton FC,20.0,0.0,1.0,1219.0
139,Tom Davies,21,180.0,W,Everton FC,19.0,0.0,1.0,1200.0
140,Beni Baningime,20,,W,Everton FC,3.0,0.0,0.0,270.0
141,Gylfi Sigurdsson,29,186.0,W,Everton FC,41.0,14.0,7.0,3370.0
142,Richarlison,22,179.0,W,Everton FC,38.0,14.0,2.0,2809.0
143,Alex Iwobi,23,183.0,W,Everton FC,51.0,6.0,9.0,2839.0
144,Bernard,26,164.0,W,Everton FC,36.0,2.0,4.0,2308.0
145,Theo Walcott,30,175.0,W,Everton FC,40.0,6.0,2.0,2168.0
146,Moise Kean,19,183.0,CF,Everton FC,17.0,7.0,1.0,661.0
147,Dominic Calvert-Lewin,22,187.0,CF,Everton FC,38.0,8.0,3.0,1974.0
148,Cenk Tosun,28,183.0,CF,Everton FC,29.0,4.0,3.0,1226.0
149,Oumar Niasse,29,182.0,CF,Everton FC,20.0,0.0,1.0,1115.0
150,Caglar Söyüncü,23,187.0,W,Leicester City,11.0,0.0,0.0,804.0
151,Filip Benkovic,22,194.0,W,Leicester City,30.0,2.0,1.0,2284.0
152,Jonny Evans,31,188.0,W,Leicester City,28.0,1.0,0.0,2355.0
153,Wes Morgan,35,186.0,W,Leicester City,25.0,3.0,0.0,2168.0
154,Ben Chilwell,22,178.0,W,Leicester City,36.0,0.0,5.0,3240.0
155,Christian Fuchs,33,187.0,W,Leicester City,8.0,1.0,1.0,656.0
156,Ricardo Pereira,25,175.0,W,Leicester City,37.0,2.0,7.0,3224.0
157,James Justin,21,183.0,W,Leicester City,52.0,3.0,9.0,3918.0
158,Wilfred Ndidi,22,183.0,W,Leicester City,40.0,2.0,1.0,3478.0
159,Nampalys Mendy,27,167.0,W,Leicester City,32.0,0.0,0.0,2117.0
160,Daniel Amartey,24,186.0,W,Leicester City,10.0,0.0,0.0,730.0
161,Hamza Choudhury,21,178.0,W,Leicester City,20.0,0.0,2.0,1510.0
162,Youri Tielemans,22,176.0,W,Leicester City,43.0,8.0,6.0,3706.0
163,Dennis Praet,25,181.0,W,Leicester City,37.0,2.0,3.0,3194.0
164,Matty James,28,181.0,W,Leicester City,3.0,0.0,1.0,252.0
165,Marc Albrighton,29,175.0,W,Leicester City,32.0,3.0,4.0,1936.0
166,James Maddison,22,175.0,W,Leicester City,38.0,7.0,7.0,2930.0
167,Harvey Barnes,21,180.0,W,Leicester City,44.0,10.0,10.0,3335.0
168,Bartosz Kapustka,22,179.0,W,Leicester City,23.0,4.0,1.0,1754.0
169,Demarai Gray,23,180.0,W,Leicester City,39.0,4.0,1.0,2271.0
170,Fousseni Diabaté,23,175.0,W,Leicester City,27.0,3.0,3.0,2169.0
171,George Thomas,22,173.0,W,Leicester City,40.0,3.0,7.0,2606.0
172,Ayoze Pérez,26,178.0,W,Leicester City,41.0,13.0,4.0,3004.0
173,Jamie Vardy,32,179.0,CF,Leicester City,36.0,18.0,4.0,2883.0
174,Kelechi Iheanacho,22,185.0,CF,Leicester City,35.0,2.0,4.0,1237.0
175,Issa Diop,22,194.0,W,West Ham United,38.0,2.0,0.0,3420.0
176,Fabián Balbuena,28,188.0,W,West Ham United,24.0,1.0,0.0,2059.0
177,Angelo Ogbonna,31,191.0,W,West Ham United,29.0,3.0,1.0,2320.0
178,Winston Reid,31,191.0,W,West Ham United,,,,
179,Gonçalo Cardoso,18,189.0,W,West Ham United,18.0,0.0,0.0,1597.0
180,Aaron Cresswell,29,170.0,W,West Ham United,22.0,0.0,2.0,1769.0
181,Arthur Masuaku,25,179.0,W,West Ham United,27.0,0.0,2.0,2025.0
182,Ryan Fredericks,26,181.0,W,West Ham United,18.0,2.0,1.0,1309.0
183,Pablo Zabaleta,34,176.0,W,West Ham United,27.0,0.0,1.0,2181.0
184,Declan Rice,20,185.0,W,West Ham United,38.0,2.0,1.0,3354.0
185,Carlos Sánchez,33,182.0,W,West Ham United,9.0,0.0,0.0,313.0
186,Jack Wilshere,27,172.0,W,West Ham United,9.0,0.0,1.0,456.0
187,Mark Noble,32,180.0,W,West Ham United,32.0,5.0,5.0,2398.0
188,Pablo Fornals,23,178.0,W,West Ham United,50.0,5.0,6.0,3440.0
189,Manuel Lanzini,26,167.0,W,West Ham United,10.0,1.0,2.0,688.0
190,Felipe Anderson,26,175.0,W,West Ham United,40.0,10.0,5.0,3197.0
191,Andrii Yarmolenko,29,190.0,W,West Ham United,10.0,2.0,1.0,549.0
192,Michail Antonio,29,180.0,W,West Ham United,38.0,7.0,7.0,2439.0
193,Robert Snodgrass,31,182.0,W,West Ham United,38.0,4.0,9.0,2565.0
194,Sébastien Haller,25,190.0,CF,West Ham United,41.0,20.0,12.0,3120.0
195,Albian Ajeti,22,183.0,CF,West Ham United,43.0,21.0,11.0,3240.0
196,Nathan Aké,24,180.0,W,AFC Bournemouth,39.0,4.0,1.0,3502.0
197,Chris Mepham,21,191.0,W,AFC Bournemouth,37.0,0.0,2.0,2870.0
198,Steve Cook,28,185.0,W,AFC Bournemouth,35.0,2.0,1.0,3078.0
199,Jack Simpson,22,,W,AFC Bournemouth,11.0,0.0,0.0,767.0
200,Diego Rico,26,183.0,W,AFC Bournemouth,16.0,0.0,0.0,955.0
201,Lloyd Kelly,20,190.0,W,AFC Bournemouth,34.0,1.0,0.0,2408.0
202,Charlie Daniels,32,178.0,W,AFC Bournemouth,24.0,1.0,0.0,1775.0
203,Adam Smith,28,174.0,W,AFC Bournemouth,26.0,1.0,1.0,2163.0
204,Jack Stacey,23,180.0,W,AFC Bournemouth,50.0,4.0,8.0,4500.0
205,Simon Francis,34,191.0,W,AFC Bournemouth,20.0,0.0,3.0,1492.0
206,Jefferson Lerma,24,179.0,W,AFC Bournemouth,32.0,2.0,1.0,2690.0
207,Lewis Cook,22,175.0,W,AFC Bournemouth,15.0,0.0,0.0,901.0
208,Philip Billing,23,192.0,W,AFC Bournemouth,27.0,2.0,0.0,2191.0
209,Dan Gosling,29,180.0,W,AFC Bournemouth,26.0,2.0,1.0,1827.0
210,Andrew Surman,33,178.0,W,AFC Bournemouth,20.0,0.0,1.0,1618.0
211,David Brooks,22,173.0,W,AFC Bournemouth,33.0,7.0,5.0,2415.0
212,Ryan Fraser,25,163.0,W,AFC Bournemouth,42.0,8.0,15.0,3384.0
213,Arnaut Danjuma,22,178.0,W,AFC Bournemouth,24.0,6.0,4.0,1471.0
214,Junior Stanislas,29,183.0,W,AFC Bournemouth,27.0,4.0,3.0,1269.0
215,Harry Wilson,22,173.0,W,AFC Bournemouth,49.0,18.0,6.0,3958.0
216,Jordon Ibe,23,176.0,W,AFC Bournemouth,24.0,3.0,1.0,1195.0
217,Joshua King,27,181.0,W,AFC Bournemouth,38.0,12.0,4.0,3037.0
218,Callum Wilson,27,180.0,CF,AFC Bournemouth,33.0,15.0,10.0,2660.0
219,Dominic Solanke,21,186.0,CF,AFC Bournemouth,12.0,2.0,1.0,521.0
220,Willy Boly,28,195.0,W,Wolverhampton Wanderers,41.0,4.0,0.0,3649.0
221,Jesús Vallejo,22,184.0,W,Wolverhampton Wanderers,7.0,1.0,0.0,491.0
222,Conor Coady,26,185.0,W,Wolverhampton Wanderers,46.0,0.0,0.0,4170.0
223,Ryan Bennett,29,188.0,W,Wolverhampton Wanderers,40.0,1.0,0.0,3469.0
224,Max Kilman,22,192.0,W,Wolverhampton Wanderers,21.0,2.0,0.0,1773.0
225,Jonny Otto,25,175.0,W,Wolverhampton Wanderers,39.0,1.0,2.0,3304.0
226,Rúben Vinagre,20,174.0,W,Wolverhampton Wanderers,21.0,0.0,1.0,987.0
227,Sylvain Deslandes,22,190.0,W,Wolverhampton Wanderers,12.0,0.0,0.0,821.0
228,Matt Doherty,27,186.0,W,Wolverhampton Wanderers,45.0,8.0,10.0,3723.0
229,Phil Ofosu-Ayeh,27,181.0,W,Wolverhampton Wanderers,11.0,1.0,2.0,701.0
230,Rúben Neves,22,180.0,W,Wolverhampton Wanderers,40.0,5.0,4.0,3374.0
231,Leander Dendoncker,24,188.0,W,Wolverhampton Wanderers,26.0,2.0,0.0,2098.0
232,Romain Saïss,29,188.0,W,Wolverhampton Wanderers,26.0,2.0,0.0,1804.0
233,João Moutinho,32,170.0,W,Wolverhampton Wanderers,44.0,1.0,8.0,3444.0
234,Morgan Gibbs-White,19,171.0,W,Wolverhampton Wanderers,31.0,0.0,1.0,1028.0
235,Bruno Jordão,20,180.0,W,Wolverhampton Wanderers,3.0,0.0,0.0,87.0
236,Ming-Yang Yang,24,172.0,W,Wolverhampton Wanderers,30.0,0.0,0.0,2033.0
237,Diogo Jota,22,178.0,W,Wolverhampton Wanderers,37.0,10.0,7.0,2630.0
238,Jordan Graham,24,182.0,W,Wolverhampton Wanderers,23.0,1.0,1.0,1628.0
239,Adama Traoré,23,178.0,W,Wolverhampton Wanderers,36.0,1.0,3.0,1255.0
240,Pedro Neto,19,172.0,W,Wolverhampton Wanderers,5.0,0.0,0.0,85.0
241,RaÃºl JimÃ©nez,28,188.0,CF,Wolverhampton Wanderers,44.0,17.0,8.0,3550.0
242,Patrick Cutrone,21,183.0,CF,Wolverhampton Wanderers,43.0,9.0,2.0,1910.0
243,Jamaal Lascelles,25,188.0,W,Newcastle United,34.0,0.0,1.0,2846.0
244,Fabian Schär,27,186.0,W,Newcastle United,28.0,4.0,1.0,2311.0
245,Florian Lejeune,28,190.0,W,Newcastle United,14.0,0.0,0.0,1190.0
246,Federico Fernández,30,190.0,W,Newcastle United,23.0,0.0,1.0,1842.0
247,Ciaran Clark,29,188.0,W,Newcastle United,14.0,3.0,0.0,1082.0
248,Paul Dummett,27,183.0,W,Newcastle United,26.0,0.0,0.0,1986.0
249,Jetro Willems,25,169.0,W,Newcastle United,36.0,0.0,2.0,1370.0
250,DeAndre Yedlin,26,173.0,W,Newcastle United,29.0,1.0,2.0,2475.0
251,Javier Manquillo,25,178.0,W,Newcastle United,21.0,0.0,3.0,1396.0
252,Emil Krafth,25,184.0,W,Newcastle United,36.0,1.0,1.0,3062.0
253,Jamie Sterry,23,180.0,W,Newcastle United,13.0,0.0,1.0,1185.0
254,Isaac Hayden,24,186.0,W,Newcastle United,28.0,1.0,4.0,2072.0
255,Sung-yong Ki,30,190.0,W,Newcastle United,19.0,0.0,1.0,1392.0
256,Jack Colback,29,177.0,W,Newcastle United,39.0,3.0,2.0,3477.0
257,Jonjo Shelvey,27,184.0,W,Newcastle United,18.0,2.0,1.0,1039.0
258,Sean Longstaff,21,181.0,W,Newcastle United,26.0,3.0,6.0,2237.0
259,Matt Ritchie,29,173.0,W,Newcastle United,39.0,3.0,9.0,3212.0
260,Miguel Almirón,25,174.0,W,Newcastle United,10.0,0.0,0.0,763.0
261,Henri Saivet,28,175.0,W,Newcastle United,29.0,2.0,2.0,2088.0
262,Christian Atsu,27,165.0,W,Newcastle United,32.0,1.0,0.0,1620.0
263,Allan Saint-Maximin,22,173.0,W,Newcastle United,36.0,6.0,5.0,3046.0
264,Joelinton,23,186.0,CF,Newcastle United,35.0,11.0,9.0,2647.0
265,Dwight Gayle,28,177.0,CF,Newcastle United,41.0,24.0,8.0,2946.0
266,Yoshinori Muto,27,178.0,CF,Newcastle United,18.0,1.0,0.0,593.0
267,Andy Carroll,30,193.0,CF,Newcastle United,14.0,1.0,0.0,568.0
268,Christian Kabasele,28,187.0,W,Watford FC,23.0,0.0,0.0,1711.0
269,Craig Dawson,29,188.0,W,Watford FC,45.0,3.0,3.0,3831.0
270,Craig Cathcart,30,189.0,W,Watford FC,41.0,3.0,1.0,3578.0
271,Sebastian Prödl,32,194.0,W,Watford FC,2.0,0.0,0.0,103.0
272,Adrian Mariappa,32,179.0,W,Watford FC,32.0,0.0,1.0,2417.0
273,Adam Masina,25,191.0,W,Watford FC,20.0,0.0,3.0,1429.0
274,Marvin Zeegelaar,29,186.0,W,Watford FC,12.0,0.0,0.0,955.0
275,José Holebas,35,184.0,W,Watford FC,32.0,3.0,6.0,2717.0
276,Daryl Janmaat,30,185.0,W,Watford FC,22.0,0.0,2.0,1803.0
277,Kiko Femenía,28,171.0,W,Watford FC,34.0,1.0,2.0,2491.0
278,Dimitri Foulquier,26,183.0,W,Watford FC,29.0,3.0,3.0,2093.0
279,Étienne Capoue,31,189.0,W,Watford FC,39.0,4.0,3.0,3352.0
280,Nathaniel Chalobah,24,185.0,W,Watford FC,13.0,0.0,0.0,614.0
281,Abdoulaye Doucouré,26,183.0,W,Watford FC,40.0,5.0,6.0,3386.0
282,Will Hughes,24,185.0,W,Watford FC,40.0,3.0,5.0,2938.0
283,Tom Cleverley,30,175.0,W,Watford FC,17.0,1.0,1.0,662.0
284,Domingos Quina,19,173.0,W,Watford FC,13.0,2.0,1.0,723.0
285,Tom Dele-Bashiru,19,179.0,W,Watford FC,20.0,1.0,3.0,1268.0
286,Roberto Pereyra,28,182.0,W,Watford FC,36.0,6.0,3.0,3100.0
287,Isaac Success,23,182.0,W,Watford FC,35.0,4.0,1.0,1402.0
288,Ismaïla Sarr,21,185.0,W,Watford FC,50.0,13.0,11.0,4152.0
289,Gerard Deulofeu,25,177.0,W,Watford FC,33.0,12.0,5.0,2283.0
290,Andre Gray,28,178.0,CF,Watford FC,34.0,9.0,3.0,1656.0
291,Danny Welbeck,28,185.0,CF,Watford FC,14.0,5.0,1.0,604.0
292,Troy Deeney,31,184.0,CF,Watford FC,37.0,11.0,5.0,2956.0
293,Filip Stuparevic,19,184.0,CF,Watford FC,31.0,8.0,3.0,1852.0
294,Jannik Vestergaard,27,199.0,W,Southampton FC,26.0,0.0,0.0,2330.0
295,Jan Bednarek,23,189.0,W,Southampton FC,27.0,0.0,1.0,2330.0
296,Jack Stephens,25,185.0,W,Southampton FC,29.0,1.0,1.0,2175.0
297,Kevin Danso,20,190.0,W,Southampton FC,21.0,1.0,1.0,1453.0
298,Maya Yoshida,31,189.0,W,Southampton FC,20.0,0.0,1.0,1790.0
299,Ryan Bertrand,30,179.0,W,Southampton FC,24.0,1.0,0.0,2160.0
300,Sam McQueen,24,181.0,W,Southampton FC,8.0,0.0,1.0,344.0
301,Cédric Soares,28,171.0,W,Southampton FC,31.0,1.0,4.0,2349.0
302,Yan Valery,20,180.0,W,Southampton FC,37.0,2.0,2.0,2974.0
303,Oriol Romeu,27,183.0,W,Southampton FC,33.0,1.0,0.0,2328.0
304,James Ward-Prowse,24,177.0,W,Southampton FC,29.0,7.0,0.0,2242.0
305,Pierre-Emile Höjbjerg,24,185.0,W,Southampton FC,33.0,4.0,4.0,2944.0
306,Stuart Armstrong,27,183.0,W,Southampton FC,32.0,4.0,2.0,1675.0
307,Nathan Redmond,25,173.0,W,Southampton FC,43.0,9.0,6.0,3629.0
308,Moussa Djenepo,21,177.0,W,Southampton FC,39.0,11.0,6.0,2557.0
309,Sofiane Boufal,25,175.0,W,Southampton FC,35.0,3.0,4.0,2098.0
310,Danny Ings,27,178.0,CF,Southampton FC,25.0,8.0,3.0,1756.0
311,Shane Long,32,180.0,CF,Southampton FC,28.0,5.0,3.0,1431.0
312,Che Adams,23,179.0,CF,Southampton FC,48.0,22.0,5.0,3854.0
313,Michael Obafemi,19,170.0,CF,Southampton FC,16.0,6.0,2.0,1017.0
314,Mamadou Sakho,29,187.0,W,Crystal Palace,27.0,0.0,0.0,2417.0
315,James Tomkins,30,192.0,W,Crystal Palace,30.0,1.0,1.0,2653.0
316,Gary Cahill,33,193.0,W,Crystal Palace,8.0,0.0,0.0,592.0
317,Jairo Riedewald,22,182.0,W,Crystal Palace,4.0,0.0,1.0,270.0
318,Scott Dann,32,194.0,W,Crystal Palace,13.0,0.0,1.0,930.0
319,Martin Kelly,29,191.0,W,Crystal Palace,20.0,0.0,0.0,1712.0
320,Patrick van Aanholt,29,176.0,W,Crystal Palace,39.0,4.0,2.0,3457.0
321,Joel Ward,29,186.0,W,Crystal Palace,12.0,1.0,0.0,939.0
322,Luka Milivojevic,28,186.0,W,Crystal Palace,42.0,12.0,3.0,3636.0
323,Cheikhou KouyatÃ©,29,189.0,W,Crystal Palace,37.0,0.0,3.0,2341.0
324,Víctor Camarasa,25,183.0,W,Crystal Palace,33.0,5.0,4.0,2650.0
325,James McArthur,31,178.0,W,Crystal Palace,40.0,3.0,6.0,3166.0
326,James McCarthy,28,180.0,W,Crystal Palace,2.0,0.0,0.0,104.0
327,Jeffrey Schlupp,26,178.0,W,Crystal Palace,37.0,5.0,3.0,2267.0
328,Max Meyer,23,173.0,W,Crystal Palace,36.0,2.0,3.0,2032.0
329,Wilfried Zaha,26,180.0,W,Crystal Palace,36.0,10.0,10.0,3223.0
330,Andros Townsend,28,181.0,W,Crystal Palace,45.0,9.0,6.0,3569.0
331,Christian Benteke,28,190.0,CF,Crystal Palace,19.0,1.0,1.0,854.0
332,Jordan Ayew,27,182.0,CF,Crystal Palace,25.0,2.0,2.0,1340.0
333,Connor Wickham,26,189.0,CF,Crystal Palace,8.0,1.0,1.0,159.0
334,James Tarkowski,26,185.0,W,Burnley FC,42.0,3.0,1.0,3595.0
335,Ben Mee,29,180.0,W,Burnley FC,43.0,0.0,2.0,3900.0
336,Ben Gibson,26,185.0,W,Burnley FC,5.0,1.0,0.0,423.0
337,Kevin Long,29,188.0,W,Burnley FC,12.0,1.0,1.0,1113.0
338,Charlie Taylor,25,176.0,W,Burnley FC,45.0,0.0,2.0,3839.0
339,Erik Pieters,31,183.0,W,Burnley FC,38.0,3.0,3.0,3275.0
340,Matthew Lowton,30,180.0,W,Burnley FC,24.0,0.0,0.0,2078.0
341,Phil Bardsley,34,180.0,W,Burnley FC,23.0,0.0,0.0,2092.0
342,Jack Cork,30,185.0,W,Burnley FC,45.0,3.0,2.0,3812.0
343,Ashley Westwood,29,174.0,W,Burnley FC,41.0,2.0,8.0,3382.0
344,Jeff Hendrick,27,185.0,W,Burnley FC,41.0,3.0,2.0,2735.0
345,Danny Drinkwater,29,177.0,W,Burnley FC,1.0,0.0,0.0,30.0
346,Robbie Brady,27,176.0,W,Burnley FC,17.0,0.0,1.0,760.0
347,Dwight McNeil,19,183.0,W,Burnley FC,26.0,3.0,5.0,2006.0
348,Johann Berg Gudmundsson,28,186.0,W,Burnley FC,36.0,3.0,7.0,2279.0
349,Aaron Lennon,32,165.0,W,Burnley FC,22.0,1.0,1.0,1563.0
350,Chris Wood,27,191.0,CF,Burnley FC,46.0,13.0,3.0,2970.0
351,Ashley Barnes,29,186.0,CF,Burnley FC,43.0,13.0,2.0,2832.0
352,Jay Rodríguez,30,185.0,CF,Burnley FC,48.0,22.0,6.0,4180.0
353,Matej Vydra,27,180.0,CF,Burnley FC,17.0,2.0,2.0,559.0
354,Shane Duffy,27,193.0,W,Brighton & Hove Albion,40.0,5.0,3.0,3568.0
355,Lewis Dunk,27,192.0,W,Brighton & Hove Albion,38.0,2.0,1.0,3393.0
356,Adam Webster,24,190.0,W,Brighton & Hove Albion,47.0,3.0,0.0,3956.0
357,Dan Burn,27,201.0,W,Brighton & Hove Albion,17.0,0.0,0.0,1545.0
358,Leon Balogun,31,190.0,W,Brighton & Hove Albion,10.0,1.0,0.0,801.0
359,Bernardo,24,186.0,W,Brighton & Hove Albion,27.0,0.0,1.0,2260.0
360,Gaëtan Bong,31,183.0,W,Brighton & Hove Albion,24.0,0.0,0.0,1939.0
361,Martín Montoya,28,175.0,W,Brighton & Hove Albion,29.0,0.0,1.0,2470.0
362,Ezequiel Schelotto,30,187.0,W,Brighton & Hove Albion,4.0,0.0,0.0,143.0
363,Tudor Baluta,20,191.0,W,Brighton & Hove Albion,34.0,2.0,0.0,2950.0
364,Yves Bissouma,23,182.0,W,Brighton & Hove Albion,34.0,1.0,1.0,2295.0
365,Davy Pröpper,28,185.0,W,Brighton & Hove Albion,35.0,1.0,2.0,2847.0
366,Aaron Mooy,28,179.0,W,Brighton & Hove Albion,30.0,3.0,1.0,2348.0
367,Pascal Groß,28,181.0,W,Brighton & Hove Albion,27.0,3.0,3.0,1977.0
368,Dale Stephens,29,185.0,W,Brighton & Hove Albion,35.0,1.0,1.0,2940.0
369,Solly March,25,180.0,W,Brighton & Hove Albion,37.0,2.0,6.0,2542.0
370,Leandro Trossard,24,172.0,W,Brighton & Hove Albion,47.0,22.0,11.0,3769.0
371,José Izquierdo,27,171.0,W,Brighton & Hove Albion,18.0,0.0,2.0,906.0
372,Alireza Jahanbakhsh,26,180.0,W,Brighton & Hove Albion,25.0,0.0,0.0,1530.0
373,Neal Maupay,23,173.0,CF,Brighton & Hove Albion,49.0,28.0,9.0,4023.0
374,Glenn Murray,35,186.0,CF,Brighton & Hove Albion,42.0,15.0,1.0,2726.0
375,James Chester,30,177.0,W,Aston Villa,28.0,5.0,0.0,2484.0
376,BjÃ¶rn Engels,24,194.0,W,Aston Villa,35.0,1.0,1.0,3180.0
377,Tyrone Mings,26,195.0,W,Aston Villa,25.0,2.0,0.0,1910.0
378,Ezri Konsa,21,183.0,W,Aston Villa,47.0,1.0,0.0,4173.0
379,Kortney Hause,24,191.0,W,Aston Villa,14.0,1.0,0.0,1104.0
380,Matt Targett,23,183.0,W,Aston Villa,21.0,1.0,3.0,1526.0
381,Neil Taylor,30,176.0,W,Aston Villa,37.0,0.0,3.0,3043.0
382,Frédéric Guilbert,24,178.0,W,Aston Villa,38.0,1.0,2.0,3291.0
383,Ahmed Elmohamady,31,182.0,W,Aston Villa,42.0,2.0,8.0,3259.0
384,Marvelous Nakamba,25,177.0,W,Aston Villa,23.0,0.0,0.0,1488.0
385,John McGinn,24,178.0,W,Aston Villa,48.0,9.0,12.0,4204.0
386,Conor Hourihane,28,181.0,W,Aston Villa,48.0,9.0,12.0,3496.0
387,Douglas Luiz,21,178.0,W,Aston Villa,29.0,0.0,0.0,1958.0
388,Henri Lansbury,28,183.0,W,Aston Villa,6.0,0.0,1.0,308.0
389,Jack Grealish,23,175.0,W,Aston Villa,35.0,6.0,8.0,3031.0
390,Trezeguet,24,179.0,W,Aston Villa,38.0,9.0,10.0,3448.0
391,Anwar El Ghazi,24,189.0,W,Aston Villa,36.0,6.0,6.0,2628.0
392,Jota,28,180.0,W,Aston Villa,41.0,3.0,9.0,2897.0
393,Wesley,22,191.0,CF,Aston Villa,48.0,17.0,10.0,3892.0
394,Jonathan Kodjia,29,189.0,CF,Aston Villa,43.0,9.0,4.0,2106.0
395,Keinan Davis,21,178.0,CF,Aston Villa,9.0,1.0,0.0,209.0
396,Ben Godfrey,21,183.0,W,Norwich City,36.0,4.0,2.0,2835.0
397,Christoph Zimmermann,26,194.0,W,Norwich City,45.0,3.0,2.0,3946.0
398,Grant Hanley,27,188.0,W,Norwich City,12.0,1.0,0.0,766.0
399,Timm Klose,31,195.0,W,Norwich City,33.0,4.0,1.0,2043.0
400,Jamal Lewis,21,,W,Norwich City,43.0,0.0,4.0,3806.0
401,Philip Heise,28,184.0,W,Norwich City,18.0,1.0,4.0,1628.0
402,Max Aarons,19,178.0,W,Norwich City,43.0,3.0,6.0,3845.0
403,Sam Byram,25,183.0,W,Norwich City,8.0,0.0,1.0,654.0
404,Ibrahim Amadou,26,183.0,W,Norwich City,32.0,0.0,1.0,1736.0
405,Tom Trybull,26,181.0,W,Norwich City,36.0,2.0,1.0,2303.0
406,Alexander Tettey,33,181.0,W,Norwich City,32.0,1.0,0.0,2558.0
407,Mario Vrancic,30,187.0,W,Norwich City,38.0,10.0,7.0,1656.0
408,Moritz Leitner,26,174.0,W,Norwich City,32.0,2.0,2.0,1816.0
409,Kenny McLean,27,180.0,W,Norwich City,23.0,3.0,7.0,1552.0
410,Todd Cantwell,21,177.0,W,Norwich City,27.0,1.0,2.0,1856.0
411,Marco Stiepermann,28,190.0,W,Norwich City,46.0,10.0,9.0,3490.0
412,Onel Hernández,26,172.0,W,Norwich City,43.0,9.0,10.0,3260.0
413,Emiliano Buendía,22,172.0,W,Norwich City,41.0,8.0,17.0,3053.0
414,Patrick Roberts,22,167.0,W,Norwich City,21.0,0.0,1.0,640.0
415,Teemu Pukki,29,180.0,CF,Norwich City,46.0,30.0,10.0,3854.0
416,Josip Drmic,27,184.0,CF,Norwich City,5.0,2.0,0.0,219.0
417,Dennis Srbeny,25,190.0,CF,Norwich City,20.0,3.0,1.0,577.0
418,Jack O'Connell,25,191.0,W,Sheffield United,42.0,3.0,4.0,3766.0
419,John Egan,26,185.0,W,Sheffield United,45.0,1.0,1.0,4000.0
420,Chris Basham,31,190.0,W,Sheffield United,43.0,4.0,2.0,3437.0
421,Phil Jagielka,37,180.0,W,Sheffield United,7.0,1.0,0.0,329.0
422,Richard Stearman,32,191.0,W,Sheffield United,17.0,1.0,0.0,526.0
423,Kean Bryan,22,185.0,W,Sheffield United,1.0,0.0,0.0,74.0
424,Enda Stevens,29,183.0,W,Sheffield United,46.0,4.0,7.0,4119.0
425,Kieron Freeman,27,178.0,W,Sheffield United,22.0,2.0,4.0,1928.0
426,George Baldock,26,178.0,W,Sheffield United,27.0,1.0,3.0,2275.0
427,Muhamed Besic,26,180.0,W,Sheffield United,39.0,2.0,5.0,2379.0
428,John Fleck,28,169.0,W,Sheffield United,46.0,2.0,11.0,3994.0
429,Oliver Norwood,28,175.0,W,Sheffield United,44.0,3.0,9.0,3897.0
430,John Lundstram,25,181.0,W,Sheffield United,12.0,0.0,1.0,543.0
431,Ben Osborn,25,176.0,W,Sheffield United,44.0,2.0,6.0,3028.0
432,Luke Freeman,27,176.0,W,Sheffield United,48.0,9.0,8.0,4214.0
433,Ravel Morrison,26,175.0,W,Sheffield United,6.0,0.0,0.0,404.0
434,Callum Robinson,24,178.0,W,Sheffield United,28.0,13.0,4.0,2132.0
435,Ricky Holmes,32,188.0,W,Sheffield United,19.0,4.0,0.0,1294.0
436,Oliver McBurnie,23,188.0,CF,Sheffield United,44.0,24.0,4.0,3573.0
437,Lys Mousset,23,184.0,CF,Sheffield United,28.0,2.0,0.0,646.0
438,Billy Sharp,33,175.0,CF,Sheffield United,42.0,24.0,4.0,3095.0
439,David McGoldrick,31,184.0,CF,Sheffield United,45.0,15.0,4.0,3260.0
440,Leon Clarke,34,188.0,CF,Sheffield United,41.0,6.0,5.0,1947.0
